--
-- PostgreSQL database dump
--

-- Dumped from database version 12.6 (Ubuntu 12.6-0ubuntu0.20.04.1)
-- Dumped by pg_dump version 12.6 (Ubuntu 12.6-0ubuntu0.20.04.1)

SET statement_timeout = 0;
SET lock_timeout = 0;
SET idle_in_transaction_session_timeout = 0;
SET client_encoding = 'UTF8';
SET standard_conforming_strings = on;
SELECT pg_catalog.set_config('search_path', '', false);
SET check_function_bodies = false;
SET xmloption = content;
SET client_min_messages = warning;
SET row_security = off;

SET default_tablespace = '';

SET default_table_access_method = heap;

--
-- Name: chats; Type: TABLE; Schema: public; Owner: apps
--

CREATE TABLE public.chats (
    id integer NOT NULL,
    msg_text text,
    active boolean,
    chat_id text,
    name text
);


ALTER TABLE public.chats OWNER TO apps;

--
-- Name: chats_id_seq; Type: SEQUENCE; Schema: public; Owner: apps
--

CREATE SEQUENCE public.chats_id_seq
    AS integer
    START WITH 1
    INCREMENT BY 1
    NO MINVALUE
    NO MAXVALUE
    CACHE 1;


ALTER TABLE public.chats_id_seq OWNER TO apps;

--
-- Name: chats_id_seq; Type: SEQUENCE OWNED BY; Schema: public; Owner: apps
--

ALTER SEQUENCE public.chats_id_seq OWNED BY public.chats.id;


--
-- Name: marketings; Type: TABLE; Schema: public; Owner: apps
--

CREATE TABLE public.marketings (
    id integer NOT NULL,
    user_id integer,
    qcloud_pay timestamp without time zone,
    franchise_pay timestamp without time zone,
    message_pay timestamp without time zone,
    insta_comment_pay timestamp without time zone,
    insta_lead_pay timestamp without time zone,
    skype_lead_pay timestamp without time zone,
    skype_reg_pay timestamp without time zone,
    tele_lead_pay timestamp without time zone,
    vk_lead_pay timestamp without time zone,
    vk_reg_pay timestamp without time zone,
    insta_king_pay timestamp without time zone,
    autopilot_pay timestamp without time zone
);


ALTER TABLE public.marketings OWNER TO apps;

--
-- Name: marketings_id_seq; Type: SEQUENCE; Schema: public; Owner: apps
--

CREATE SEQUENCE public.marketings_id_seq
    AS integer
    START WITH 1
    INCREMENT BY 1
    NO MINVALUE
    NO MAXVALUE
    CACHE 1;


ALTER TABLE public.marketings_id_seq OWNER TO apps;

--
-- Name: marketings_id_seq; Type: SEQUENCE OWNED BY; Schema: public; Owner: apps
--

ALTER SEQUENCE public.marketings_id_seq OWNED BY public.marketings.id;


--
-- Name: newsletters; Type: TABLE; Schema: public; Owner: apps
--

CREATE TABLE public.newsletters (
    id integer NOT NULL,
    chat_ids text[],
    msg_text text,
    img text,
    send_time timestamp without time zone
);


ALTER TABLE public.newsletters OWNER TO apps;

--
-- Name: newsletters_id_seq; Type: SEQUENCE; Schema: public; Owner: apps
--

CREATE SEQUENCE public.newsletters_id_seq
    AS integer
    START WITH 1
    INCREMENT BY 1
    NO MINVALUE
    NO MAXVALUE
    CACHE 1;


ALTER TABLE public.newsletters_id_seq OWNER TO apps;

--
-- Name: newsletters_id_seq; Type: SEQUENCE OWNED BY; Schema: public; Owner: apps
--

ALTER SEQUENCE public.newsletters_id_seq OWNED BY public.newsletters.id;


--
-- Name: payments_history; Type: TABLE; Schema: public; Owner: apps
--

CREATE TABLE public.payments_history (
    id integer NOT NULL,
    user_id integer,
    marketing text,
    amount numeric
);


ALTER TABLE public.payments_history OWNER TO apps;

--
-- Name: payments_history_id_seq; Type: SEQUENCE; Schema: public; Owner: apps
--

CREATE SEQUENCE public.payments_history_id_seq
    AS integer
    START WITH 1
    INCREMENT BY 1
    NO MINVALUE
    NO MAXVALUE
    CACHE 1;


ALTER TABLE public.payments_history_id_seq OWNER TO apps;

--
-- Name: payments_history_id_seq; Type: SEQUENCE OWNED BY; Schema: public; Owner: apps
--

ALTER SEQUENCE public.payments_history_id_seq OWNED BY public.payments_history.id;


--
-- Name: quasar_telegrambot_news; Type: TABLE; Schema: public; Owner: apps
--

CREATE TABLE public.quasar_telegrambot_news (
    id integer NOT NULL,
    text text,
    img_id text
);


ALTER TABLE public.quasar_telegrambot_news OWNER TO apps;

--
-- Name: quasar_telegrambot_news_id_seq; Type: SEQUENCE; Schema: public; Owner: apps
--

CREATE SEQUENCE public.quasar_telegrambot_news_id_seq
    AS integer
    START WITH 1
    INCREMENT BY 1
    NO MINVALUE
    NO MAXVALUE
    CACHE 1;


ALTER TABLE public.quasar_telegrambot_news_id_seq OWNER TO apps;

--
-- Name: quasar_telegrambot_news_id_seq; Type: SEQUENCE OWNED BY; Schema: public; Owner: apps
--

ALTER SEQUENCE public.quasar_telegrambot_news_id_seq OWNED BY public.quasar_telegrambot_news.id;


--
-- Name: quasar_telegrambot_posts; Type: TABLE; Schema: public; Owner: apps
--

CREATE TABLE public.quasar_telegrambot_posts (
    text text NOT NULL,
    base64_image bytea NOT NULL,
    created_datetime timestamp with time zone DEFAULT CURRENT_TIMESTAMP NOT NULL,
    post_datetime timestamp with time zone DEFAULT CURRENT_TIMESTAMP NOT NULL,
    id integer NOT NULL
);


ALTER TABLE public.quasar_telegrambot_posts OWNER TO apps;

--
-- Name: quasar_telegrambot_posts_dev; Type: TABLE; Schema: public; Owner: apps
--

CREATE TABLE public.quasar_telegrambot_posts_dev (
    text text,
    base64_image bytea,
    created_datetime timestamp with time zone,
    post_datetime timestamp with time zone,
    id integer
);


ALTER TABLE public.quasar_telegrambot_posts_dev OWNER TO apps;

--
-- Name: quasar_telegrambot_posts_id_seq; Type: SEQUENCE; Schema: public; Owner: apps
--

CREATE SEQUENCE public.quasar_telegrambot_posts_id_seq
    AS integer
    START WITH 1
    INCREMENT BY 1
    NO MINVALUE
    NO MAXVALUE
    CACHE 1;


ALTER TABLE public.quasar_telegrambot_posts_id_seq OWNER TO apps;

--
-- Name: quasar_telegrambot_posts_id_seq; Type: SEQUENCE OWNED BY; Schema: public; Owner: apps
--

ALTER SEQUENCE public.quasar_telegrambot_posts_id_seq OWNED BY public.quasar_telegrambot_posts.id;


--
-- Name: quasar_telegrambot_users_new; Type: TABLE; Schema: public; Owner: apps
--

CREATE TABLE public.quasar_telegrambot_users_new (
    username text,
    is_admin boolean,
    chat_id bigint,
    datetime timestamp with time zone DEFAULT now(),
    id integer NOT NULL,
    ref_id bigint,
    last_pay timestamp without time zone,
    sign text,
    checked boolean,
    gift_recived boolean DEFAULT false,
    code integer
);


ALTER TABLE public.quasar_telegrambot_users_new OWNER TO apps;

--
-- Name: quasar_telegrambot_users_new_id_seq; Type: SEQUENCE; Schema: public; Owner: apps
--

CREATE SEQUENCE public.quasar_telegrambot_users_new_id_seq
    AS integer
    START WITH 1
    INCREMENT BY 1
    NO MINVALUE
    NO MAXVALUE
    CACHE 1;


ALTER TABLE public.quasar_telegrambot_users_new_id_seq OWNER TO apps;

--
-- Name: quasar_telegrambot_users_new_id_seq; Type: SEQUENCE OWNED BY; Schema: public; Owner: apps
--

ALTER SEQUENCE public.quasar_telegrambot_users_new_id_seq OWNED BY public.quasar_telegrambot_users_new.id;


--
-- Name: skypeleadfingerprints; Type: TABLE; Schema: public; Owner: apps
--

CREATE TABLE public.skypeleadfingerprints (
    id integer NOT NULL,
    fingerprint text
);


ALTER TABLE public.skypeleadfingerprints OWNER TO apps;

--
-- Name: skypeleadfingerprints_id_seq; Type: SEQUENCE; Schema: public; Owner: apps
--

CREATE SEQUENCE public.skypeleadfingerprints_id_seq
    AS integer
    START WITH 1
    INCREMENT BY 1
    NO MINVALUE
    NO MAXVALUE
    CACHE 1;


ALTER TABLE public.skypeleadfingerprints_id_seq OWNER TO apps;

--
-- Name: skypeleadfingerprints_id_seq; Type: SEQUENCE OWNED BY; Schema: public; Owner: apps
--

ALTER SEQUENCE public.skypeleadfingerprints_id_seq OWNED BY public.skypeleadfingerprints.id;


--
-- Name: chats id; Type: DEFAULT; Schema: public; Owner: apps
--

ALTER TABLE ONLY public.chats ALTER COLUMN id SET DEFAULT nextval('public.chats_id_seq'::regclass);


--
-- Name: marketings id; Type: DEFAULT; Schema: public; Owner: apps
--

ALTER TABLE ONLY public.marketings ALTER COLUMN id SET DEFAULT nextval('public.marketings_id_seq'::regclass);


--
-- Name: newsletters id; Type: DEFAULT; Schema: public; Owner: apps
--

ALTER TABLE ONLY public.newsletters ALTER COLUMN id SET DEFAULT nextval('public.newsletters_id_seq'::regclass);


--
-- Name: payments_history id; Type: DEFAULT; Schema: public; Owner: apps
--

ALTER TABLE ONLY public.payments_history ALTER COLUMN id SET DEFAULT nextval('public.payments_history_id_seq'::regclass);


--
-- Name: quasar_telegrambot_news id; Type: DEFAULT; Schema: public; Owner: apps
--

ALTER TABLE ONLY public.quasar_telegrambot_news ALTER COLUMN id SET DEFAULT nextval('public.quasar_telegrambot_news_id_seq'::regclass);


--
-- Name: quasar_telegrambot_posts id; Type: DEFAULT; Schema: public; Owner: apps
--

ALTER TABLE ONLY public.quasar_telegrambot_posts ALTER COLUMN id SET DEFAULT nextval('public.quasar_telegrambot_posts_id_seq'::regclass);


--
-- Name: quasar_telegrambot_users_new id; Type: DEFAULT; Schema: public; Owner: apps
--

ALTER TABLE ONLY public.quasar_telegrambot_users_new ALTER COLUMN id SET DEFAULT nextval('public.quasar_telegrambot_users_new_id_seq'::regclass);


--
-- Name: skypeleadfingerprints id; Type: DEFAULT; Schema: public; Owner: apps
--

ALTER TABLE ONLY public.skypeleadfingerprints ALTER COLUMN id SET DEFAULT nextval('public.skypeleadfingerprints_id_seq'::regclass);


--
-- Data for Name: chats; Type: TABLE DATA; Schema: public; Owner: apps
--

COPY public.chats (id, msg_text, active, chat_id, name) FROM stdin;
6	&&&, привет!	t	-558470404	test1337
4	&&&, добро пожаловать в мир Quasar Technology!\n \n• Для тебя подарок! Программа VkConnect, автоматизация бизнеса в Vk и привлечения бесплатного, \nбесконечного, целевого трафика. Жми в боте на кнопку "Мой подарок" и он твой:\nhttps://t.me/quasar_infobot\n\n• Развёрнутая инструкция: https://t.me/c/1405416206/2611\n \n• Немного о компании:\nhttps://t.me/c/1405416206/2622\n\n• Ознакомься с закрепом чата: \nhttps://t.me/c/1405416206/2614\n____________\n\nQuasar Tehnology, мировой лидер на рынке автоматизации и оптимизации любых бизнес  процессов\n\nСервисы и программы компании высоко эффективны, удобны, доступны, востребованны и безопасны! А главное дают желаемый результат здесь и сейчас\n\nОт ныне ты часть дружной бизнес семьи Quasar Tehnology. Если понадобится помощь или совет, обращайся к партнёрам компании в чатах и следи за новостями!	t	-1001405416206	Гостинная Quasar Technology
7	&&&, привет!	t	-1001286565304	Quasar Technology оф. чат
\.


--
-- Data for Name: marketings; Type: TABLE DATA; Schema: public; Owner: apps
--

COPY public.marketings (id, user_id, qcloud_pay, franchise_pay, message_pay, insta_comment_pay, insta_lead_pay, skype_lead_pay, skype_reg_pay, tele_lead_pay, vk_lead_pay, vk_reg_pay, insta_king_pay, autopilot_pay) FROM stdin;
295	394	\N	\N	\N	\N	\N	\N	\N	\N	\N	\N	\N	\N
296	656	\N	\N	\N	\N	\N	\N	\N	\N	\N	\N	\N	\N
313	676	\N	\N	\N	\N	\N	\N	\N	\N	\N	\N	\N	\N
271	180	\N	\N	\N	\N	\N	2021-05-22 23:08:47.882044	\N	\N	\N	\N	2021-05-22 23:08:47.882044	\N
293	583	\N	\N	\N	\N	\N	2021-06-05 16:22:54.694895	\N	\N	\N	\N	2021-06-05 16:22:54.694895	\N
3	504	\N	\N	\N	\N	\N	2021-05-22 23:08:47.882044	\N	\N	\N	\N	2021-05-22 23:08:47.882044	\N
350	713	\N	\N	\N	\N	\N	\N	\N	\N	\N	\N	\N	\N
353	620	\N	\N	\N	\N	\N	\N	\N	\N	\N	\N	\N	\N
64	95	2021-06-06 17:08:19.872793	2021-06-06 17:08:19.872793	2021-06-06 17:08:19.872793	2021-06-06 17:08:19.872793	2021-06-06 17:08:19.872793	2021-05-22 23:08:47.882044	2021-06-06 17:08:19.872793	2021-06-06 17:08:19.872793	2021-06-06 17:08:19.872793	2021-06-06 17:08:19.872793	2021-05-22 23:08:47.882044	\N
33	182	\N	\N	\N	\N	\N	2021-05-22 23:08:47.882044	\N	\N	\N	\N	2021-05-22 23:08:47.882044	\N
35	464	\N	\N	\N	\N	\N	2021-05-22 23:08:47.882044	\N	\N	\N	\N	2021-05-22 23:08:47.882044	\N
294	7	\N	\N	\N	\N	\N	\N	\N	\N	\N	\N	\N	\N
38	311	\N	\N	\N	\N	\N	2021-05-22 23:08:47.882044	\N	\N	\N	\N	2021-05-22 23:08:47.882044	\N
39	269	\N	\N	\N	\N	\N	2021-05-22 23:08:47.882044	\N	\N	\N	\N	2021-05-22 23:08:47.882044	\N
42	67	\N	\N	\N	\N	\N	2021-05-22 23:08:47.882044	\N	\N	\N	\N	2021-05-22 23:08:47.882044	\N
43	270	\N	\N	\N	\N	\N	2021-05-22 23:08:47.882044	\N	\N	\N	\N	2021-05-22 23:08:47.882044	\N
45	277	\N	\N	\N	\N	\N	2021-05-22 23:08:47.882044	\N	\N	\N	\N	2021-05-22 23:08:47.882044	\N
47	273	\N	\N	\N	\N	\N	2021-05-22 23:08:47.882044	\N	\N	\N	\N	2021-05-22 23:08:47.882044	\N
48	90	\N	\N	\N	\N	\N	2021-05-22 23:08:47.882044	\N	\N	\N	\N	2021-05-22 23:08:47.882044	\N
53	463	\N	\N	\N	\N	\N	2021-05-22 23:08:47.882044	\N	\N	\N	\N	2021-05-22 23:08:47.882044	\N
54	32	\N	\N	\N	\N	\N	2021-05-22 23:08:47.882044	\N	\N	\N	\N	2021-05-22 23:08:47.882044	\N
55	81	\N	\N	\N	\N	\N	2021-05-22 23:08:47.882044	\N	\N	\N	\N	2021-05-22 23:08:47.882044	\N
56	47	\N	\N	\N	\N	\N	2021-05-22 23:08:47.882044	\N	\N	\N	\N	2021-05-22 23:08:47.882044	\N
58	27	\N	\N	\N	\N	\N	2021-05-22 23:08:47.882044	\N	\N	\N	\N	2021-05-22 23:08:47.882044	\N
59	5	\N	\N	\N	\N	\N	2021-05-22 23:08:47.882044	\N	\N	\N	\N	2021-05-22 23:08:47.882044	\N
60	45	\N	\N	\N	\N	\N	2021-05-22 23:08:47.882044	\N	\N	\N	\N	2021-05-22 23:08:47.882044	\N
61	23	\N	\N	\N	\N	\N	2021-05-22 23:08:47.882044	\N	\N	\N	\N	2021-05-22 23:08:47.882044	\N
62	14	\N	\N	\N	\N	\N	2021-05-22 23:08:47.882044	\N	\N	\N	\N	2021-05-22 23:08:47.882044	\N
63	179	\N	\N	\N	\N	\N	2021-05-22 23:08:47.882044	\N	\N	\N	\N	2021-05-22 23:08:47.882044	\N
66	199	\N	\N	\N	\N	\N	2021-05-22 23:08:47.882044	\N	\N	\N	\N	2021-05-22 23:08:47.882044	\N
68	272	\N	\N	\N	\N	\N	2021-05-22 23:08:47.882044	\N	\N	\N	\N	2021-05-22 23:08:47.882044	\N
69	189	\N	\N	\N	\N	\N	2021-05-22 23:08:47.882044	\N	\N	\N	\N	2021-05-22 23:08:47.882044	\N
70	275	\N	\N	\N	\N	\N	2021-05-22 23:08:47.882044	\N	\N	\N	\N	2021-05-22 23:08:47.882044	\N
72	266	\N	\N	\N	\N	\N	2021-05-22 23:08:47.882044	\N	\N	\N	\N	2021-05-22 23:08:47.882044	\N
73	33	\N	\N	\N	\N	\N	2021-05-22 23:08:47.882044	\N	\N	\N	\N	2021-05-22 23:08:47.882044	\N
74	240	\N	\N	\N	\N	\N	2021-05-22 23:08:47.882044	\N	\N	\N	\N	2021-05-22 23:08:47.882044	\N
75	107	\N	\N	\N	\N	\N	2021-05-22 23:08:47.882044	\N	\N	\N	\N	2021-05-22 23:08:47.882044	\N
76	159	\N	\N	\N	\N	\N	2021-05-22 23:08:47.882044	\N	\N	\N	\N	2021-05-22 23:08:47.882044	\N
77	24	\N	\N	\N	\N	\N	2021-05-22 23:08:47.882044	\N	\N	\N	\N	2021-05-22 23:08:47.882044	\N
79	29	\N	\N	\N	\N	\N	2021-05-22 23:08:47.882044	\N	\N	\N	\N	2021-05-22 23:08:47.882044	\N
80	30	\N	\N	\N	\N	\N	2021-05-22 23:08:47.882044	\N	\N	\N	\N	2021-05-22 23:08:47.882044	\N
81	46	\N	\N	\N	\N	\N	2021-05-22 23:08:47.882044	\N	\N	\N	\N	2021-05-22 23:08:47.882044	\N
83	208	\N	\N	\N	\N	\N	2021-05-22 23:08:47.882044	\N	\N	\N	\N	2021-05-22 23:08:47.882044	\N
85	130	\N	\N	\N	\N	\N	2021-05-22 23:08:47.882044	\N	\N	\N	\N	2021-05-22 23:08:47.882044	\N
86	177	\N	\N	\N	\N	\N	2021-05-22 23:08:47.882044	\N	\N	\N	\N	2021-05-22 23:08:47.882044	\N
87	271	\N	\N	\N	\N	\N	2021-05-22 23:08:47.882044	\N	\N	\N	\N	2021-05-22 23:08:47.882044	\N
89	80	\N	\N	\N	\N	\N	2021-05-22 23:08:47.882044	\N	\N	\N	\N	2021-05-22 23:08:47.882044	\N
228	274	\N	\N	\N	\N	\N	2021-05-22 23:08:47.882044	\N	\N	\N	\N	2021-05-22 23:08:47.882044	\N
230	202	\N	\N	\N	\N	\N	2021-05-22 23:08:47.882044	\N	\N	\N	\N	2021-05-22 23:08:47.882044	\N
231	169	\N	\N	\N	\N	\N	2021-05-22 23:08:47.882044	\N	\N	\N	\N	2021-05-22 23:08:47.882044	\N
297	657	\N	\N	\N	\N	\N	\N	\N	\N	\N	\N	\N	\N
298	658	\N	\N	\N	\N	\N	\N	\N	\N	\N	\N	\N	\N
299	323	\N	\N	\N	\N	\N	\N	\N	\N	\N	\N	\N	\N
314	137	\N	\N	\N	\N	\N	\N	\N	\N	\N	\N	\N	\N
351	714	\N	\N	\N	\N	\N	\N	\N	\N	\N	\N	\N	\N
354	720	\N	\N	\N	\N	\N	\N	\N	\N	\N	\N	\N	\N
355	597	\N	\N	\N	\N	\N	\N	\N	\N	\N	\N	\N	\N
300	662	\N	\N	\N	\N	\N	\N	\N	\N	\N	\N	\N	\N
102	108	2021-06-12 21:09:30.220129	2021-06-12 21:09:30.220129	2021-06-12 21:09:30.220129	2021-06-12 21:09:30.220129	2021-06-12 21:09:30.220129	2021-05-22 23:08:47.882044	2021-06-12 21:09:30.220129	2021-06-12 21:09:30.220129	2021-06-12 21:09:30.220129	2021-06-12 21:09:30.220129	2021-05-22 23:08:47.882044	\N
315	\N	\N	\N	\N	\N	\N	\N	\N	\N	\N	\N	\N	\N
316	\N	\N	\N	\N	\N	\N	\N	\N	\N	\N	\N	\N	\N
352	715	\N	\N	\N	\N	\N	\N	\N	\N	\N	\N	\N	\N
356	724	\N	\N	\N	\N	\N	\N	\N	\N	\N	\N	\N	\N
91	53	\N	\N	\N	\N	\N	2021-05-22 23:08:47.882044	\N	\N	\N	\N	2021-05-22 23:08:47.882044	\N
92	78	\N	\N	\N	\N	\N	2021-05-22 23:08:47.882044	\N	\N	\N	\N	2021-05-22 23:08:47.882044	\N
93	83	\N	\N	\N	\N	\N	2021-05-22 23:08:47.882044	\N	\N	\N	\N	2021-05-22 23:08:47.882044	\N
94	85	\N	\N	\N	\N	\N	2021-05-22 23:08:47.882044	\N	\N	\N	\N	2021-05-22 23:08:47.882044	\N
96	93	\N	\N	\N	\N	\N	2021-05-22 23:08:47.882044	\N	\N	\N	\N	2021-05-22 23:08:47.882044	\N
97	56	\N	\N	\N	\N	\N	2021-05-22 23:08:47.882044	\N	\N	\N	\N	2021-05-22 23:08:47.882044	\N
101	125	\N	\N	\N	\N	\N	2021-05-22 23:08:47.882044	\N	\N	\N	\N	2021-05-22 23:08:47.882044	\N
103	110	\N	\N	\N	\N	\N	2021-05-22 23:08:47.882044	\N	\N	\N	\N	2021-05-22 23:08:47.882044	\N
104	111	\N	\N	\N	\N	\N	2021-05-22 23:08:47.882044	\N	\N	\N	\N	2021-05-22 23:08:47.882044	\N
106	115	\N	\N	\N	\N	\N	2021-05-22 23:08:47.882044	\N	\N	\N	\N	2021-05-22 23:08:47.882044	\N
107	117	\N	\N	\N	\N	\N	2021-05-22 23:08:47.882044	\N	\N	\N	\N	2021-05-22 23:08:47.882044	\N
108	118	\N	\N	\N	\N	\N	2021-05-22 23:08:47.882044	\N	\N	\N	\N	2021-05-22 23:08:47.882044	\N
21	257	\N	\N	\N	\N	\N	2021-05-22 23:08:47.882044	\N	\N	\N	\N	2021-05-22 23:08:47.882044	\N
26	\N	\N	\N	\N	\N	\N	2021-05-22 23:08:47.882044	\N	\N	\N	\N	2021-05-22 23:08:47.882044	\N
301	663	\N	\N	\N	\N	\N	\N	\N	\N	\N	\N	\N	\N
233	358	\N	\N	\N	\N	\N	2021-05-22 23:08:47.882044	\N	\N	\N	\N	2021-05-22 23:08:47.882044	\N
234	61	\N	\N	\N	\N	\N	2021-05-22 23:08:47.882044	\N	\N	\N	\N	2021-05-22 23:08:47.882044	\N
235	152	\N	\N	\N	\N	\N	2021-05-22 23:08:47.882044	\N	\N	\N	\N	2021-05-22 23:08:47.882044	\N
236	227	\N	\N	\N	\N	\N	2021-05-22 23:08:47.882044	\N	\N	\N	\N	2021-05-22 23:08:47.882044	\N
237	168	\N	\N	\N	\N	\N	2021-05-22 23:08:47.882044	\N	\N	\N	\N	2021-05-22 23:08:47.882044	\N
241	25	\N	\N	\N	\N	\N	2021-05-22 23:08:47.882044	\N	\N	\N	\N	2021-05-22 23:08:47.882044	\N
242	122	\N	\N	\N	\N	\N	2021-05-22 23:08:47.882044	\N	\N	\N	\N	2021-05-22 23:08:47.882044	\N
244	42	\N	\N	\N	\N	\N	2021-05-22 23:08:47.882044	\N	\N	\N	\N	2021-05-22 23:08:47.882044	\N
245	296	\N	\N	\N	\N	\N	2021-05-22 23:08:47.882044	\N	\N	\N	\N	2021-05-22 23:08:47.882044	\N
9	11	\N	\N	\N	\N	\N	2021-05-22 23:08:47.882044	\N	\N	\N	\N	2021-05-22 23:08:47.882044	\N
10	10	\N	\N	\N	\N	\N	2021-05-22 23:08:47.882044	\N	\N	\N	\N	2021-05-22 23:08:47.882044	\N
11	62	\N	\N	\N	\N	\N	2021-05-22 23:08:47.882044	\N	\N	\N	\N	2021-05-22 23:08:47.882044	\N
12	57	\N	\N	\N	\N	\N	2021-05-22 23:08:47.882044	\N	\N	\N	\N	2021-05-22 23:08:47.882044	\N
14	516	\N	\N	\N	\N	\N	2021-05-22 23:08:47.882044	\N	\N	\N	\N	2021-05-22 23:08:47.882044	\N
17	380	\N	\N	\N	\N	\N	2021-05-22 23:08:47.882044	\N	\N	\N	\N	2021-05-22 23:08:47.882044	\N
19	505	\N	\N	\N	\N	\N	2021-05-22 23:08:47.882044	\N	\N	\N	\N	2021-05-22 23:08:47.882044	\N
22	321	\N	\N	\N	\N	\N	2021-05-22 23:08:47.882044	\N	\N	\N	\N	2021-05-22 23:08:47.882044	\N
25	315	\N	\N	\N	\N	\N	2021-05-22 23:08:47.882044	\N	\N	\N	\N	2021-05-22 23:08:47.882044	\N
27	456	\N	\N	\N	\N	\N	2021-05-22 23:08:47.882044	\N	\N	\N	\N	2021-05-22 23:08:47.882044	\N
28	284	\N	\N	\N	\N	\N	2021-05-22 23:08:47.882044	\N	\N	\N	\N	2021-05-22 23:08:47.882044	\N
109	119	\N	\N	\N	\N	\N	2021-05-22 23:08:47.882044	\N	\N	\N	\N	2021-05-22 23:08:47.882044	\N
110	121	\N	\N	\N	\N	\N	2021-05-22 23:08:47.882044	\N	\N	\N	\N	2021-05-22 23:08:47.882044	\N
111	101	\N	\N	\N	\N	\N	2021-05-22 23:08:47.882044	\N	\N	\N	\N	2021-05-22 23:08:47.882044	\N
112	123	\N	\N	\N	\N	\N	2021-05-22 23:08:47.882044	\N	\N	\N	\N	2021-05-22 23:08:47.882044	\N
113	124	\N	\N	\N	\N	\N	2021-05-22 23:08:47.882044	\N	\N	\N	\N	2021-05-22 23:08:47.882044	\N
115	142	\N	\N	\N	\N	\N	2021-05-22 23:08:47.882044	\N	\N	\N	\N	2021-05-22 23:08:47.882044	\N
116	143	\N	\N	\N	\N	\N	2021-05-22 23:08:47.882044	\N	\N	\N	\N	2021-05-22 23:08:47.882044	\N
118	146	\N	\N	\N	\N	\N	2021-05-22 23:08:47.882044	\N	\N	\N	\N	2021-05-22 23:08:47.882044	\N
119	147	\N	\N	\N	\N	\N	2021-05-22 23:08:47.882044	\N	\N	\N	\N	2021-05-22 23:08:47.882044	\N
120	148	\N	\N	\N	\N	\N	2021-05-22 23:08:47.882044	\N	\N	\N	\N	2021-05-22 23:08:47.882044	\N
121	149	\N	\N	\N	\N	\N	2021-05-22 23:08:47.882044	\N	\N	\N	\N	2021-05-22 23:08:47.882044	\N
122	151	\N	\N	\N	\N	\N	2021-05-22 23:08:47.882044	\N	\N	\N	\N	2021-05-22 23:08:47.882044	\N
29	25	\N	\N	\N	\N	\N	2021-05-22 23:08:47.882044	\N	\N	\N	\N	2021-05-22 23:08:47.882044	\N
274	639	\N	\N	\N	\N	\N	2021-05-11 21:35:26	\N	\N	\N	\N	2021-05-11 21:35:26	\N
275	625	\N	\N	\N	\N	\N	\N	\N	\N	\N	\N	\N	\N
277	593	\N	\N	\N	\N	\N	\N	\N	\N	\N	\N	\N	\N
278	616	\N	\N	\N	\N	\N	\N	\N	\N	\N	\N	\N	\N
276	640	\N	\N	\N	\N	\N	2021-05-31 09:33:02.588925	\N	\N	\N	\N	2021-05-31 09:33:02.588925	\N
270	200	\N	\N	\N	\N	\N	2021-05-22 23:08:47.882044	\N	\N	\N	\N	2021-05-22 23:08:47.882044	\N
82	49	\N	\N	\N	\N	\N	2021-05-22 23:08:47.882044	\N	\N	\N	\N	2021-05-22 23:08:47.882044	\N
252	250	\N	\N	\N	\N	\N	2021-05-22 23:08:47.882044	\N	\N	\N	\N	2021-05-22 23:08:47.882044	\N
238	82	\N	\N	\N	\N	\N	2021-05-22 23:08:47.882044	\N	\N	\N	\N	2021-05-22 23:08:47.882044	\N
261	243	\N	\N	\N	\N	\N	2021-05-22 23:08:47.882044	\N	\N	\N	\N	2021-05-22 23:08:47.882044	\N
232	242	\N	\N	\N	\N	\N	2021-05-22 23:08:47.882044	\N	\N	\N	\N	2021-05-22 23:08:47.882044	\N
260	213	\N	\N	\N	\N	\N	2021-05-22 23:08:47.882044	\N	\N	\N	\N	2021-05-22 23:08:47.882044	\N
100	196	\N	\N	\N	\N	\N	2021-05-22 23:08:47.882044	\N	\N	\N	\N	2021-05-22 23:08:47.882044	\N
129	103	\N	\N	\N	\N	\N	2021-05-22 23:08:47.882044	\N	\N	\N	\N	2021-05-22 23:08:47.882044	\N
130	140	\N	\N	\N	\N	\N	2021-05-22 23:08:47.882044	\N	\N	\N	\N	2021-05-22 23:08:47.882044	\N
131	65	\N	\N	\N	\N	\N	2021-05-22 23:08:47.882044	\N	\N	\N	\N	2021-05-22 23:08:47.882044	\N
132	139	\N	\N	\N	\N	\N	2021-05-22 23:08:47.882044	\N	\N	\N	\N	2021-05-22 23:08:47.882044	\N
134	76	\N	\N	\N	\N	\N	2021-05-22 23:08:47.882044	\N	\N	\N	\N	2021-05-22 23:08:47.882044	\N
135	52	\N	\N	\N	\N	\N	2021-05-22 23:08:47.882044	\N	\N	\N	\N	2021-05-22 23:08:47.882044	\N
136	106	\N	\N	\N	\N	\N	2021-05-22 23:08:47.882044	\N	\N	\N	\N	2021-05-22 23:08:47.882044	\N
137	114	\N	\N	\N	\N	\N	2021-05-22 23:08:47.882044	\N	\N	\N	\N	2021-05-22 23:08:47.882044	\N
138	68	\N	\N	\N	\N	\N	2021-05-22 23:08:47.882044	\N	\N	\N	\N	2021-05-22 23:08:47.882044	\N
139	58	\N	\N	\N	\N	\N	2021-05-22 23:08:47.882044	\N	\N	\N	\N	2021-05-22 23:08:47.882044	\N
140	51	\N	\N	\N	\N	\N	2021-05-22 23:08:47.882044	\N	\N	\N	\N	2021-05-22 23:08:47.882044	\N
141	54	\N	\N	\N	\N	\N	2021-05-22 23:08:47.882044	\N	\N	\N	\N	2021-05-22 23:08:47.882044	\N
142	69	\N	\N	\N	\N	\N	2021-05-22 23:08:47.882044	\N	\N	\N	\N	2021-05-22 23:08:47.882044	\N
143	144	\N	\N	\N	\N	\N	2021-05-22 23:08:47.882044	\N	\N	\N	\N	2021-05-22 23:08:47.882044	\N
144	116	\N	\N	\N	\N	\N	2021-05-22 23:08:47.882044	\N	\N	\N	\N	2021-05-22 23:08:47.882044	\N
145	86	\N	\N	\N	\N	\N	2021-05-22 23:08:47.882044	\N	\N	\N	\N	2021-05-22 23:08:47.882044	\N
146	158	\N	\N	\N	\N	\N	2021-05-22 23:08:47.882044	\N	\N	\N	\N	2021-05-22 23:08:47.882044	\N
147	70	\N	\N	\N	\N	\N	2021-05-22 23:08:47.882044	\N	\N	\N	\N	2021-05-22 23:08:47.882044	\N
149	173	\N	\N	\N	\N	\N	2021-05-22 23:08:47.882044	\N	\N	\N	\N	2021-05-22 23:08:47.882044	\N
150	258	\N	\N	\N	\N	\N	2021-05-22 23:08:47.882044	\N	\N	\N	\N	2021-05-22 23:08:47.882044	\N
151	178	\N	\N	\N	\N	\N	2021-05-22 23:08:47.882044	\N	\N	\N	\N	2021-05-22 23:08:47.882044	\N
152	188	\N	\N	\N	\N	\N	2021-05-22 23:08:47.882044	\N	\N	\N	\N	2021-05-22 23:08:47.882044	\N
153	191	\N	\N	\N	\N	\N	2021-05-22 23:08:47.882044	\N	\N	\N	\N	2021-05-22 23:08:47.882044	\N
155	120	\N	\N	\N	\N	\N	2021-05-22 23:08:47.882044	\N	\N	\N	\N	2021-05-22 23:08:47.882044	\N
163	210	\N	\N	\N	\N	\N	2021-05-22 23:08:47.882044	\N	\N	\N	\N	2021-05-22 23:08:47.882044	\N
164	211	\N	\N	\N	\N	\N	2021-05-22 23:08:47.882044	\N	\N	\N	\N	2021-05-22 23:08:47.882044	\N
166	217	\N	\N	\N	\N	\N	2021-05-22 23:08:47.882044	\N	\N	\N	\N	2021-05-22 23:08:47.882044	\N
167	218	\N	\N	\N	\N	\N	2021-05-22 23:08:47.882044	\N	\N	\N	\N	2021-05-22 23:08:47.882044	\N
168	220	\N	\N	\N	\N	\N	2021-05-22 23:08:47.882044	\N	\N	\N	\N	2021-05-22 23:08:47.882044	\N
169	221	\N	\N	\N	\N	\N	2021-05-22 23:08:47.882044	\N	\N	\N	\N	2021-05-22 23:08:47.882044	\N
170	222	\N	\N	\N	\N	\N	2021-05-22 23:08:47.882044	\N	\N	\N	\N	2021-05-22 23:08:47.882044	\N
171	89	\N	\N	\N	\N	\N	2021-05-22 23:08:47.882044	\N	\N	\N	\N	2021-05-22 23:08:47.882044	\N
172	96	\N	\N	\N	\N	\N	2021-05-22 23:08:47.882044	\N	\N	\N	\N	2021-05-22 23:08:47.882044	\N
173	63	\N	\N	\N	\N	\N	2021-05-22 23:08:47.882044	\N	\N	\N	\N	2021-05-22 23:08:47.882044	\N
174	138	\N	\N	\N	\N	\N	2021-05-22 23:08:47.882044	\N	\N	\N	\N	2021-05-22 23:08:47.882044	\N
176	22	\N	\N	\N	\N	\N	2021-05-22 23:08:47.882044	\N	\N	\N	\N	2021-05-22 23:08:47.882044	\N
179	94	\N	\N	\N	\N	\N	2021-05-22 23:08:47.882044	\N	\N	\N	\N	2021-05-22 23:08:47.882044	\N
180	256	\N	\N	\N	\N	\N	2021-05-22 23:08:47.882044	\N	\N	\N	\N	2021-05-22 23:08:47.882044	\N
181	276	\N	\N	\N	\N	\N	2021-05-22 23:08:47.882044	\N	\N	\N	\N	2021-05-22 23:08:47.882044	\N
182	205	\N	\N	\N	\N	\N	2021-05-22 23:08:47.882044	\N	\N	\N	\N	2021-05-22 23:08:47.882044	\N
183	223	\N	\N	\N	\N	\N	2021-05-22 23:08:47.882044	\N	\N	\N	\N	2021-05-22 23:08:47.882044	\N
184	224	\N	\N	\N	\N	\N	2021-05-22 23:08:47.882044	\N	\N	\N	\N	2021-05-22 23:08:47.882044	\N
185	230	\N	\N	\N	\N	\N	2021-05-22 23:08:47.882044	\N	\N	\N	\N	2021-05-22 23:08:47.882044	\N
186	231	\N	\N	\N	\N	\N	2021-05-22 23:08:47.882044	\N	\N	\N	\N	2021-05-22 23:08:47.882044	\N
188	233	\N	\N	\N	\N	\N	2021-05-22 23:08:47.882044	\N	\N	\N	\N	2021-05-22 23:08:47.882044	\N
189	237	\N	\N	\N	\N	\N	2021-05-22 23:08:47.882044	\N	\N	\N	\N	2021-05-22 23:08:47.882044	\N
190	238	\N	\N	\N	\N	\N	2021-05-22 23:08:47.882044	\N	\N	\N	\N	2021-05-22 23:08:47.882044	\N
191	249	\N	\N	\N	\N	\N	2021-05-22 23:08:47.882044	\N	\N	\N	\N	2021-05-22 23:08:47.882044	\N
192	255	\N	\N	\N	\N	\N	2021-05-22 23:08:47.882044	\N	\N	\N	\N	2021-05-22 23:08:47.882044	\N
194	260	\N	\N	\N	\N	\N	2021-05-22 23:08:47.882044	\N	\N	\N	\N	2021-05-22 23:08:47.882044	\N
195	261	\N	\N	\N	\N	\N	2021-05-22 23:08:47.882044	\N	\N	\N	\N	2021-05-22 23:08:47.882044	\N
196	262	\N	\N	\N	\N	\N	2021-05-22 23:08:47.882044	\N	\N	\N	\N	2021-05-22 23:08:47.882044	\N
197	265	\N	\N	\N	\N	\N	2021-05-22 23:08:47.882044	\N	\N	\N	\N	2021-05-22 23:08:47.882044	\N
198	214	\N	\N	\N	\N	\N	2021-05-22 23:08:47.882044	\N	\N	\N	\N	2021-05-22 23:08:47.882044	\N
199	167	\N	\N	\N	\N	\N	2021-05-22 23:08:47.882044	\N	\N	\N	\N	2021-05-22 23:08:47.882044	\N
200	209	\N	\N	\N	\N	\N	2021-05-22 23:08:47.882044	\N	\N	\N	\N	2021-05-22 23:08:47.882044	\N
201	228	\N	\N	\N	\N	\N	2021-05-22 23:08:47.882044	\N	\N	\N	\N	2021-05-22 23:08:47.882044	\N
203	235	\N	\N	\N	\N	\N	2021-05-22 23:08:47.882044	\N	\N	\N	\N	2021-05-22 23:08:47.882044	\N
204	225	\N	\N	\N	\N	\N	2021-05-22 23:08:47.882044	\N	\N	\N	\N	2021-05-22 23:08:47.882044	\N
205	164	\N	\N	\N	\N	\N	2021-05-22 23:08:47.882044	\N	\N	\N	\N	2021-05-22 23:08:47.882044	\N
206	292	\N	\N	\N	\N	\N	2021-05-22 23:08:47.882044	\N	\N	\N	\N	2021-05-22 23:08:47.882044	\N
208	234	\N	\N	\N	\N	\N	2021-05-22 23:08:47.882044	\N	\N	\N	\N	2021-05-22 23:08:47.882044	\N
209	219	\N	\N	\N	\N	\N	2021-05-22 23:08:47.882044	\N	\N	\N	\N	2021-05-22 23:08:47.882044	\N
210	183	\N	\N	\N	\N	\N	2021-05-22 23:08:47.882044	\N	\N	\N	\N	2021-05-22 23:08:47.882044	\N
211	206	\N	\N	\N	\N	\N	2021-05-22 23:08:47.882044	\N	\N	\N	\N	2021-05-22 23:08:47.882044	\N
212	251	\N	\N	\N	\N	\N	2021-05-22 23:08:47.882044	\N	\N	\N	\N	2021-05-22 23:08:47.882044	\N
213	194	\N	\N	\N	\N	\N	2021-05-22 23:08:47.882044	\N	\N	\N	\N	2021-05-22 23:08:47.882044	\N
214	226	\N	\N	\N	\N	\N	2021-05-22 23:08:47.882044	\N	\N	\N	\N	2021-05-22 23:08:47.882044	\N
216	165	\N	\N	\N	\N	\N	2021-05-22 23:08:47.882044	\N	\N	\N	\N	2021-05-22 23:08:47.882044	\N
218	170	\N	\N	\N	\N	\N	2021-05-22 23:08:47.882044	\N	\N	\N	\N	2021-05-22 23:08:47.882044	\N
219	291	\N	\N	\N	\N	\N	2021-05-22 23:08:47.882044	\N	\N	\N	\N	2021-05-22 23:08:47.882044	\N
220	171	\N	\N	\N	\N	\N	2021-05-22 23:08:47.882044	\N	\N	\N	\N	2021-05-22 23:08:47.882044	\N
222	97	\N	\N	\N	\N	\N	2021-05-22 23:08:47.882044	\N	\N	\N	\N	2021-05-22 23:08:47.882044	\N
223	293	\N	\N	\N	\N	\N	2021-05-22 23:08:47.882044	\N	\N	\N	\N	2021-05-22 23:08:47.882044	\N
224	294	\N	\N	\N	\N	\N	2021-05-22 23:08:47.882044	\N	\N	\N	\N	2021-05-22 23:08:47.882044	\N
225	176	\N	\N	\N	\N	\N	2021-05-22 23:08:47.882044	\N	\N	\N	\N	2021-05-22 23:08:47.882044	\N
226	175	\N	\N	\N	\N	\N	2021-05-22 23:08:47.882044	\N	\N	\N	\N	2021-05-22 23:08:47.882044	\N
202	195	\N	\N	\N	\N	\N	2021-05-22 23:08:47.882044	\N	\N	\N	\N	2021-05-22 23:08:47.882044	\N
67	460	\N	\N	\N	\N	\N	2021-05-22 23:08:47.882044	\N	\N	\N	\N	2021-05-22 23:08:47.882044	\N
84	50	\N	\N	\N	\N	\N	2021-05-22 23:08:47.882044	\N	\N	\N	\N	2021-05-22 23:08:47.882044	\N
290	635	\N	\N	\N	\N	\N	\N	\N	\N	\N	\N	\N	\N
6	207	\N	\N	\N	\N	\N	2021-05-22 23:08:47.882044	\N	\N	\N	\N	2021-05-22 23:08:47.882044	\N
187	232	\N	\N	\N	\N	\N	2021-05-22 23:08:47.882044	\N	\N	\N	\N	2021-05-22 23:08:47.882044	\N
31	245	\N	\N	\N	\N	\N	2021-05-22 23:08:47.882044	\N	\N	\N	\N	2021-05-22 23:08:47.882044	\N
8	4	\N	\N	\N	\N	\N	2021-05-22 23:08:47.882044	\N	\N	\N	\N	2021-05-22 23:08:47.882044	\N
317	680	\N	\N	\N	\N	\N	\N	\N	\N	\N	\N	\N	\N
318	681	\N	\N	\N	\N	\N	\N	\N	\N	\N	\N	\N	\N
319	683	\N	\N	\N	\N	\N	\N	\N	\N	\N	\N	\N	\N
320	682	\N	\N	\N	\N	\N	\N	\N	\N	\N	\N	\N	\N
321	666	\N	\N	\N	\N	\N	\N	\N	\N	\N	\N	\N	\N
322	687	\N	\N	\N	\N	\N	\N	\N	\N	\N	\N	\N	\N
323	\N	\N	\N	\N	\N	\N	\N	\N	\N	\N	\N	\N	\N
279	617	\N	\N	\N	\N	\N	\N	\N	\N	\N	\N	\N	\N
280	646	\N	\N	\N	\N	\N	\N	\N	\N	\N	\N	\N	\N
281	647	\N	\N	\N	\N	\N	\N	\N	\N	\N	\N	\N	\N
282	648	\N	\N	\N	\N	\N	\N	\N	\N	\N	\N	\N	\N
283	649	\N	\N	\N	\N	\N	\N	\N	\N	\N	\N	\N	\N
284	594	\N	\N	\N	\N	\N	\N	\N	\N	\N	\N	\N	\N
16	91	\N	\N	\N	\N	\N	2021-05-22 23:08:47.882044	\N	\N	\N	\N	2021-05-22 23:08:47.882044	\N
178	109	\N	\N	\N	\N	\N	2021-05-22 23:08:47.882044	\N	\N	\N	\N	2021-05-22 23:08:47.882044	\N
114	59	\N	\N	\N	\N	\N	2021-05-22 23:08:47.882044	\N	\N	\N	\N	2021-05-22 23:08:47.882044	\N
23	507	\N	\N	\N	\N	\N	2021-05-22 23:08:47.882044	\N	\N	\N	\N	2021-05-22 23:08:47.882044	\N
34	100	\N	\N	\N	\N	\N	2021-05-22 23:08:47.882044	\N	\N	\N	\N	2021-05-22 23:08:47.882044	\N
133	150	\N	\N	\N	\N	\N	2021-05-22 23:08:47.882044	\N	\N	\N	\N	2021-05-22 23:08:47.882044	\N
52	519	\N	\N	\N	\N	\N	2021-05-22 23:08:47.882044	\N	\N	\N	\N	2021-05-22 23:08:47.882044	\N
98	466	\N	\N	\N	\N	\N	2021-05-22 23:08:47.882044	\N	\N	\N	\N	2021-05-22 23:08:47.882044	\N
32	254	\N	\N	\N	\N	\N	2021-05-22 23:08:47.882044	\N	\N	\N	\N	2021-05-22 23:08:47.882044	\N
154	102	\N	\N	\N	\N	\N	2021-05-22 23:08:47.882044	\N	\N	\N	\N	2021-05-22 23:08:47.882044	\N
50	521	\N	\N	\N	\N	\N	2021-05-22 23:08:47.882044	\N	\N	\N	\N	2021-05-22 23:08:47.882044	\N
90	522	\N	\N	\N	\N	\N	2021-05-22 23:08:47.882044	\N	\N	\N	\N	2021-05-22 23:08:47.882044	\N
217	264	\N	\N	\N	\N	\N	2021-05-22 23:08:47.882044	\N	\N	\N	\N	2021-05-22 23:08:47.882044	\N
95	88	\N	\N	\N	\N	\N	2021-05-22 23:08:47.882044	\N	\N	\N	\N	2021-05-22 23:08:47.882044	\N
36	548	\N	\N	\N	\N	\N	2021-05-22 23:08:47.882044	\N	\N	\N	\N	2021-05-22 23:08:47.882044	\N
13	129	\N	\N	\N	\N	\N	2021-05-22 23:08:47.882044	\N	\N	\N	\N	2021-05-22 23:08:47.882044	\N
71	215	\N	\N	\N	\N	\N	2021-05-22 23:08:47.882044	\N	\N	\N	\N	2021-05-22 23:08:47.882044	\N
41	13	\N	\N	\N	\N	\N	2021-05-22 23:08:47.882044	\N	\N	\N	\N	2021-05-22 23:08:47.882044	\N
117	145	\N	\N	\N	\N	\N	2021-05-22 23:08:47.882044	\N	\N	\N	\N	2021-05-22 23:08:47.882044	\N
175	77	\N	\N	\N	\N	\N	2021-05-22 23:08:47.882044	\N	\N	\N	\N	2021-05-22 23:08:47.882044	\N
78	55	\N	\N	\N	\N	\N	2021-05-22 23:08:47.882044	\N	\N	\N	\N	2021-05-22 23:08:47.882044	\N
105	141	\N	\N	\N	\N	\N	2021-05-22 23:08:47.882044	\N	\N	\N	\N	2021-05-22 23:08:47.882044	\N
7	161	\N	\N	\N	\N	\N	2021-05-22 23:08:47.882044	\N	\N	\N	\N	2021-05-22 23:08:47.882044	\N
20	92	\N	\N	\N	\N	\N	2021-05-22 23:08:47.882044	\N	\N	\N	\N	2021-05-22 23:08:47.882044	\N
177	60	\N	\N	\N	\N	\N	2021-05-22 23:08:47.882044	\N	\N	\N	\N	2021-05-22 23:08:47.882044	\N
44	204	\N	\N	\N	\N	\N	2021-05-22 23:08:47.882044	\N	\N	\N	\N	2021-05-22 23:08:47.882044	\N
215	229	\N	\N	\N	\N	\N	2021-05-22 23:08:47.882044	\N	\N	\N	\N	2021-05-22 23:08:47.882044	\N
99	239	\N	\N	\N	\N	\N	2021-05-22 23:08:47.882044	\N	\N	\N	\N	2021-05-22 23:08:47.882044	\N
30	73	\N	\N	\N	\N	\N	2021-05-22 23:08:47.882044	\N	\N	\N	\N	2021-05-22 23:08:47.882044	\N
88	75	\N	\N	\N	\N	\N	2021-05-22 23:08:47.882044	\N	\N	\N	\N	2021-05-22 23:08:47.882044	\N
227	193	\N	\N	\N	\N	\N	2021-05-22 23:08:47.882044	\N	\N	\N	\N	2021-05-22 23:08:47.882044	\N
243	348	\N	\N	\N	\N	\N	2021-05-22 23:08:47.882044	\N	\N	\N	\N	2021-05-22 23:08:47.882044	\N
221	263	\N	\N	\N	\N	\N	2021-05-22 23:08:47.882044	\N	\N	\N	\N	2021-05-22 23:08:47.882044	\N
266	38	\N	\N	\N	\N	\N	2021-05-22 23:08:47.882044	\N	\N	\N	\N	2021-05-22 23:08:47.882044	\N
37	131	\N	\N	\N	\N	\N	2021-05-22 23:08:47.882044	\N	\N	\N	\N	2021-05-22 23:08:47.882044	\N
46	31	\N	\N	\N	\N	\N	2021-05-22 23:08:47.882044	\N	\N	\N	\N	2021-05-22 23:08:47.882044	\N
15	429	\N	\N	\N	\N	\N	2021-05-22 23:08:47.882044	\N	\N	\N	\N	2021-05-22 23:08:47.882044	\N
160	99	\N	\N	\N	\N	\N	2021-05-22 23:08:47.882044	\N	\N	\N	\N	2021-05-22 23:08:47.882044	\N
265	278	\N	\N	\N	\N	\N	2021-05-22 23:08:47.882044	\N	\N	\N	\N	2021-05-22 23:08:47.882044	\N
148	112	\N	\N	\N	\N	\N	2021-05-22 23:08:47.882044	\N	\N	\N	\N	2021-05-22 23:08:47.882044	\N
240	20	\N	\N	\N	\N	\N	2021-05-22 23:08:47.882044	\N	\N	\N	\N	2021-05-22 23:08:47.882044	\N
239	12	\N	\N	\N	\N	\N	2021-05-22 23:08:47.882044	\N	\N	\N	\N	2021-05-22 23:08:47.882044	\N
258	248	\N	\N	\N	\N	\N	2021-05-22 23:08:47.882044	\N	\N	\N	\N	2021-05-22 23:08:47.882044	\N
254	244	\N	\N	\N	\N	\N	2021-05-22 23:08:47.882044	\N	\N	\N	\N	2021-05-22 23:08:47.882044	\N
159	104	\N	\N	\N	\N	\N	2021-05-22 23:08:47.882044	\N	\N	\N	\N	2021-05-22 23:08:47.882044	\N
267	498	\N	\N	\N	\N	\N	2021-05-22 23:08:47.882044	\N	\N	\N	\N	2021-05-22 23:08:47.882044	\N
257	501	\N	\N	\N	\N	\N	2021-05-22 23:08:47.882044	\N	\N	\N	\N	2021-05-22 23:08:47.882044	\N
65	509	\N	\N	\N	\N	\N	2021-05-22 23:08:47.882044	\N	\N	\N	\N	2021-05-22 23:08:47.882044	\N
268	197	\N	\N	\N	\N	\N	2021-05-22 23:08:47.882044	\N	\N	\N	\N	2021-05-22 23:08:47.882044	\N
49	520	\N	\N	\N	\N	\N	2021-05-22 23:08:47.882044	\N	\N	\N	\N	2021-05-22 23:08:47.882044	\N
24	508	\N	\N	\N	\N	\N	2021-05-22 23:08:47.882044	\N	\N	\N	\N	2021-05-22 23:08:47.882044	\N
5	510	\N	\N	\N	\N	\N	2021-05-22 23:08:47.882044	\N	\N	\N	\N	2021-05-22 23:08:47.882044	\N
51	523	\N	\N	\N	\N	\N	2021-05-22 23:08:47.882044	\N	\N	\N	\N	2021-05-22 23:08:47.882044	\N
229	252	\N	\N	\N	\N	\N	2021-05-22 23:08:47.882044	\N	\N	\N	\N	2021-05-22 23:08:47.882044	\N
4	302	\N	\N	\N	\N	\N	2021-05-22 23:08:47.882044	\N	\N	\N	\N	2021-05-22 23:08:47.882044	\N
291	603	\N	\N	\N	\N	\N	\N	\N	\N	\N	\N	\N	\N
57	8	2021-06-12 21:21:06.478051	2021-06-12 21:21:06.478051	2021-06-12 21:21:06.478051	2021-06-12 21:21:06.478051	2021-06-12 21:21:06.478051	2021-05-22 23:08:47.882044	2021-06-12 21:21:06.478051	2021-06-12 21:21:06.478051	2021-06-12 21:21:06.478051	2021-06-12 21:21:06.478051	2021-05-22 23:08:47.882044	\N
302	599	\N	\N	\N	\N	\N	\N	\N	\N	\N	\N	\N	\N
324	669	\N	\N	\N	\N	\N	\N	\N	\N	\N	\N	\N	\N
325	432	\N	\N	\N	\N	\N	\N	\N	\N	\N	\N	\N	\N
326	9	\N	\N	\N	\N	\N	\N	\N	\N	\N	\N	\N	\N
285	611	\N	\N	\N	\N	\N	\N	\N	\N	\N	\N	\N	\N
286	3	\N	\N	\N	\N	\N	\N	\N	\N	\N	\N	\N	\N
287	\N	\N	\N	\N	\N	\N	\N	\N	\N	\N	\N	\N	\N
288	650	\N	\N	\N	\N	\N	\N	\N	\N	\N	\N	\N	\N
303	664	\N	\N	\N	\N	\N	\N	\N	\N	\N	\N	\N	\N
327	690	\N	\N	\N	\N	\N	\N	\N	\N	\N	\N	\N	\N
328	691	\N	\N	\N	\N	\N	\N	\N	\N	\N	\N	\N	\N
329	692	\N	\N	\N	\N	\N	\N	\N	\N	\N	\N	\N	\N
330	693	\N	\N	\N	\N	\N	\N	\N	\N	\N	\N	\N	\N
289	651	\N	\N	\N	\N	\N	\N	\N	\N	\N	\N	\N	\N
123	154	\N	\N	\N	\N	\N	2021-05-22 23:08:47.882044	\N	\N	\N	\N	2021-05-22 23:08:47.882044	\N
124	156	\N	\N	\N	\N	\N	2021-05-22 23:08:47.882044	\N	\N	\N	\N	2021-05-22 23:08:47.882044	\N
125	157	\N	\N	\N	\N	\N	2021-05-22 23:08:47.882044	\N	\N	\N	\N	2021-05-22 23:08:47.882044	\N
126	87	\N	\N	\N	\N	\N	2021-05-22 23:08:47.882044	\N	\N	\N	\N	2021-05-22 23:08:47.882044	\N
127	113	\N	\N	\N	\N	\N	2021-05-22 23:08:47.882044	\N	\N	\N	\N	2021-05-22 23:08:47.882044	\N
128	155	\N	\N	\N	\N	\N	2021-05-22 23:08:47.882044	\N	\N	\N	\N	2021-05-22 23:08:47.882044	\N
246	465	\N	\N	\N	\N	\N	2021-05-22 23:08:47.882044	\N	\N	\N	\N	2021-05-22 23:08:47.882044	\N
262	192	2021-06-12 21:10:34.427185	2021-06-12 21:10:34.427185	2021-06-12 21:10:34.427185	2021-06-12 21:10:34.427185	2021-06-12 21:10:34.427185	2021-05-22 23:08:47.882044	2021-06-12 21:10:34.427185	2021-06-12 21:10:34.427185	2021-06-12 21:10:34.427185	2021-06-12 21:10:34.427185	2021-05-22 23:08:47.882044	\N
304	667	\N	\N	\N	\N	\N	\N	\N	\N	\N	\N	\N	\N
331	694	\N	\N	\N	\N	\N	\N	\N	\N	\N	\N	\N	\N
332	695	\N	\N	\N	\N	\N	\N	\N	\N	\N	\N	\N	\N
333	697	\N	\N	\N	\N	\N	\N	\N	\N	\N	\N	\N	\N
334	44	\N	\N	\N	\N	\N	\N	\N	\N	\N	\N	\N	\N
335	698	\N	\N	\N	\N	\N	\N	\N	\N	\N	\N	\N	\N
247	428	\N	\N	\N	\N	\N	2021-05-22 23:08:47.882044	\N	\N	\N	\N	2021-05-22 23:08:47.882044	\N
248	28	\N	\N	\N	\N	\N	2021-05-22 23:08:47.882044	\N	\N	\N	\N	2021-05-22 23:08:47.882044	\N
249	253	\N	\N	\N	\N	\N	2021-05-22 23:08:47.882044	\N	\N	\N	\N	2021-05-22 23:08:47.882044	\N
250	267	\N	\N	\N	\N	\N	2021-05-22 23:08:47.882044	\N	\N	\N	\N	2021-05-22 23:08:47.882044	\N
251	71	\N	\N	\N	\N	\N	2021-05-22 23:08:47.882044	\N	\N	\N	\N	2021-05-22 23:08:47.882044	\N
253	72	\N	\N	\N	\N	\N	2021-05-22 23:08:47.882044	\N	\N	\N	\N	2021-05-22 23:08:47.882044	\N
255	166	\N	\N	\N	\N	\N	2021-05-22 23:08:47.882044	\N	\N	\N	\N	2021-05-22 23:08:47.882044	\N
256	216	\N	\N	\N	\N	\N	2021-05-22 23:08:47.882044	\N	\N	\N	\N	2021-05-22 23:08:47.882044	\N
259	499	\N	\N	\N	\N	\N	2021-05-22 23:08:47.882044	\N	\N	\N	\N	2021-05-22 23:08:47.882044	\N
263	26	\N	\N	\N	\N	\N	2021-05-22 23:08:47.882044	\N	\N	\N	\N	2021-05-22 23:08:47.882044	\N
264	268	\N	\N	\N	\N	\N	2021-05-22 23:08:47.882044	\N	\N	\N	\N	2021-05-22 23:08:47.882044	\N
269	198	\N	\N	\N	\N	\N	2021-05-22 23:08:47.882044	\N	\N	\N	\N	2021-05-22 23:08:47.882044	\N
305	598	\N	\N	\N	\N	\N	\N	\N	\N	\N	\N	\N	\N
306	596	\N	\N	\N	\N	\N	\N	\N	\N	\N	\N	\N	\N
336	700	\N	\N	\N	\N	\N	\N	\N	\N	\N	\N	\N	\N
337	701	\N	\N	\N	\N	\N	\N	\N	\N	\N	\N	\N	\N
338	702	\N	\N	\N	\N	\N	\N	\N	\N	\N	\N	\N	\N
339	703	\N	\N	\N	\N	\N	\N	\N	\N	\N	\N	\N	\N
340	704	\N	\N	\N	\N	\N	\N	\N	\N	\N	\N	\N	\N
341	705	\N	\N	\N	\N	\N	\N	\N	\N	\N	\N	\N	\N
342	706	\N	\N	\N	\N	\N	\N	\N	\N	\N	\N	\N	\N
343	707	\N	\N	\N	\N	\N	\N	\N	\N	\N	\N	\N	\N
344	708	\N	\N	\N	\N	\N	\N	\N	\N	\N	\N	\N	\N
156	163	\N	\N	\N	\N	\N	2021-05-22 23:08:47.882044	\N	\N	\N	\N	2021-05-22 23:08:47.882044	\N
161	201	\N	\N	\N	\N	\N	2021-05-22 23:08:47.882044	\N	\N	\N	\N	2021-05-22 23:08:47.882044	\N
162	203	\N	\N	\N	\N	\N	2021-05-22 23:08:47.882044	\N	\N	\N	\N	2021-05-22 23:08:47.882044	\N
307	74	\N	\N	\N	\N	\N	\N	\N	\N	\N	\N	\N	\N
345	709	\N	\N	\N	\N	\N	\N	\N	\N	\N	\N	\N	\N
157	162	\N	\N	\N	\N	\N	2021-05-22 23:08:47.882044	\N	\N	\N	\N	2021-05-22 23:08:47.882044	\N
308	670	\N	\N	\N	\N	\N	\N	\N	\N	\N	\N	\N	\N
309	671	\N	\N	\N	\N	\N	\N	\N	\N	\N	\N	\N	\N
310	673	\N	\N	\N	\N	\N	\N	\N	\N	\N	\N	\N	\N
311	674	\N	\N	\N	\N	\N	\N	\N	\N	\N	\N	\N	\N
312	675	\N	\N	\N	\N	\N	\N	\N	\N	\N	\N	\N	\N
346	710	\N	\N	\N	\N	\N	\N	\N	\N	\N	\N	\N	\N
347	711	\N	\N	\N	\N	\N	\N	\N	\N	\N	\N	\N	\N
348	712	\N	\N	\N	\N	\N	\N	\N	\N	\N	\N	\N	\N
349	19	\N	\N	\N	\N	\N	\N	\N	\N	\N	\N	\N	\N
2	558	\N	\N	\N	\N	\N	2021-05-22 23:08:47.882044	\N	\N	\N	\N	2021-05-22 23:08:47.882044	\N
1	511	\N	\N	\N	\N	\N	2021-05-22 23:08:47.882044	\N	\N	\N	\N	2021-05-22 23:08:47.882044	\N
165	11	\N	\N	\N	\N	\N	2021-05-22 23:08:47.882044	\N	\N	\N	\N	2021-05-22 23:08:47.882044	\N
40	39	\N	\N	\N	\N	\N	2021-05-22 23:08:47.882044	\N	\N	\N	\N	2021-05-22 23:08:47.882044	\N
207	174	\N	\N	\N	\N	\N	2021-05-22 23:08:47.882044	\N	\N	\N	\N	2021-05-22 23:08:47.882044	\N
\.


--
-- Data for Name: newsletters; Type: TABLE DATA; Schema: public; Owner: apps
--

COPY public.newsletters (id, chat_ids, msg_text, img, send_time) FROM stdin;
\.


--
-- Data for Name: payments_history; Type: TABLE DATA; Schema: public; Owner: apps
--

COPY public.payments_history (id, user_id, marketing, amount) FROM stdin;
4	180	franchise_pay	400
5	180	franchise_pay	200
10	180	connect	0
11	180	qcloud	0
12	180	tele_lead	0
16	180	connect	0
17	180	qcloud	0
18	180	tele_lead	0
22	180	connect	0
23	180	qcloud	0
24	180	tele_lead	0
28	180	connect	0
29	180	qcloud	0
30	180	tele_lead	0
33	\N	connect	3
34	\N	qcloud	3
\.


--
-- Data for Name: quasar_telegrambot_news; Type: TABLE DATA; Schema: public; Owner: apps
--

COPY public.quasar_telegrambot_news (id, text, img_id) FROM stdin;
11	Год назад команда из 12 человек, соучередила сетевую компанию EasyStars. Продуктами компании были программы для организации трафика из соц сетей и подкрепили их универсальным маркетингом. За это год, нам удалось многого добиться! \n\nПроизведён ребрендинг и капитализация компании, выпущены свои токены (topcoin & lidcoin), внедрен доп. маркетинг, разработаны 4 революционных сервиса и более 12 программных продуктов! \n\nИ теперь Quasar Tehnology, это разработчик высокотехнологичных продуктов в it сфере \n\nРеволюционные  решения программных инженеров\nQuasar Tehnology, вывели продукты компании на лидирующие позиции мирового рынка. И сделали компанию лучшей в вопросах автоматизации и оптимизации любых бизнес процессов.\n\nФундаментальные принципы социальной инженерии, заложенные в основу продуктов компании, сделали их доступными, эффективными и простыми в использовании. Освободили пользователя от  финансовых трат на дополнительные сервисы и расходные материалы. Для многих компания стала второй семьей!  \n\nКоллеги, пройден длинный и интересный путь, но все только начинается! Сейчас мы  официально выходим на арену международного рынка. Данное событие знаменательно не только для администрации компании, но и для нескольких тысяч партнеров из 45 стран мира! \n\nВ честь этого мы объявляем SALE MARAFON и тем кто не успел упаковаться инструментами для обеспечения личного успеха, даём возможность сделать это. Друзья, настало время показать планете чего мы стоим!!! \n\nС уважением, президент компании Quasar Tehnology, Макс Беличенко	\N
12	Time to step..  Ровно год, как мы на шаг опережаем время!	AgACAgIAAxkBAAItGGBnMl92BGwHp5FnD8SmzLz5xhVVAAJIszEbUXs5S_8BDhWJMfyIM22Soi4AAwEAAwIAA20AAzyqAAIeBA
13	Весь мир называет это фантастикой, но не мы!!! \n\nВстречайте жемчужину программной коллекции Quasar Tehnology\n\nРеволюционный сервис управления всеми гаджетами и личными данными \n\nВ основе сервиса лежат технологии без серверной обработки данных и защиты с помощью криптошифрования! \n\nЦена: без акции 1380₽. Цена по акции 700₽\n\nАкция действует до 08.04.2021\n\nДля приобретения, пишите в ЛС @chalovavika с комментарием «Q Cloud +»	AgACAgIAAxkBAAItJmBnM9z8LyonL2-vbEvLw3wV0xX2AAKYsTEbfc04S_9EJbUp09YuDRzKly4AAwEAAwIAA20AAzeOBwABHgQ
\.


--
-- Data for Name: quasar_telegrambot_posts; Type: TABLE DATA; Schema: public; Owner: apps
--

COPY public.quasar_telegrambot_posts (text, base64_image, created_datetime, post_datetime, id) FROM stdin;
\.


--
-- Data for Name: quasar_telegrambot_posts_dev; Type: TABLE DATA; Schema: public; Owner: apps
--

COPY public.quasar_telegrambot_posts_dev (text, base64_image, created_datetime, post_datetime, id) FROM stdin;
\.


--
-- Data for Name: quasar_telegrambot_users_new; Type: TABLE DATA; Schema: public; Owner: apps
--

COPY public.quasar_telegrambot_users_new (username, is_admin, chat_id, datetime, id, ref_id, last_pay, sign, checked, gift_recived, code) FROM stdin;
Lidodel	\N	1325170389	\N	654	\N	\N	\N	\N	f	\N
terart	\N	306491984	2021-06-04 03:00:00+03	640	625	\N	\N	t	f	\N
nllubov	\N	692461489	2021-06-04 03:00:00+03	642	\N	\N	\N	\N	f	\N
Iulianiagavrilova	\N	268458098	2021-06-04 03:00:00+03	327	\N	\N	\N	t	f	\N
TatyAn63	\N	248656270	2021-06-04 03:00:00+03	490	\N	\N	\N	t	f	\N
Jeanneeow	\N	292376137	2021-06-04 03:00:00+03	552	\N	\N	\N	\N	f	\N
nadiadanilova	\N	902327538	2021-06-04 03:00:00+03	419	\N	\N	\N	t	f	\N
I_masterRazborov1	\N	1458435390	2021-06-04 03:00:00+03	558	315	\N	\N	t	f	\N
assol010680	f	\N	2021-03-21 13:37:04+03	233	76	2021-06-13 00:08:01.001522	\N	t	f	\N
ecotop_greenway	f	488506478	2021-03-29 16:42:21+03	59	12	2021-06-17 11:48:05.998222	\N	t	f	\N
TenLana	f	740861955	2021-03-28 20:38:59+03	116	291	\N	\N	t	f	\N
Vyacheslav49	f	286830746	2021-03-21 13:56:10+03	70	161	\N	\N	t	f	\N
Akram575	f	277867111	2021-03-21 12:22:20+03	258	169	\N	\N	t	f	\N
AidaRybina	f	349257794	2021-03-21 12:27:14+03	120	209	\N	\N	t	f	\N
zontova	f	809860215	2021-03-21 13:14:46+03	210	263	\N	\N	t	f	\N
murano54	f	397026233	2021-03-21 13:56:33+03	217	70	\N	\N	t	f	\N
a_nativ8	f	680454407	2021-03-30 11:54:24+03	221	239	\N	\N	t	f	\N
Vakhnovsky	f	33916631	2021-03-28 21:34:45+03	222	81	\N	\N	t	f	\N
Someb0d	f	1338318376	2021-03-21 12:28:17+03	138	56	\N	\N	t	f	\N
Oksana_Mayorova7605	f	1255143681	2021-04-02 23:39:42+03	3	\N	\N	\N	t	f	\N
lyudmilka66	f	886201505	2021-04-02 17:44:36+03	133	\N	\N	\N	t	f	\N
farizok1906	f	1231401392	2021-03-21 12:23:37+03	191	78	\N	\N	t	f	\N
Ledibiz	f	339717418	2021-03-21 12:22:20+03	256	169	\N	\N	t	f	\N
Filin54	f	\N	2021-03-21 14:47:08+03	223	217	\N	\N	f	f	\N
irinvas	f	\N	2021-03-21 12:19:58+03	224	160	\N	\N	t	f	\N
Yarilo888	f	700654925	2021-03-28 20:35:23+03	237	38	\N	\N	t	f	\N
Lesa2811	f	1500049980	2021-04-02 17:47:41+03	134	\N	\N	\N	f	f	\N
Viktor1234	f	932749315	2021-04-02 17:50:01+03	135	\N	\N	\N	t	f	\N
Olgusha_vs	f	888780070	2021-03-21 14:04:53+03	262	168	\N	\N	t	f	\N
Ola_lime	f	869560048	2021-03-21 12:17:36+03	179	95	\N	\N	t	f	\N
Irina_Saranenko	f	\N	2021-03-21 12:21:41+03	199	250	\N	\N	t	f	\N
Predator_13	f	284988310	2021-03-31 11:49:36+03	107	81	\N	\N	t	f	\N
zuker40	f	375998842	2021-03-23 23:55:25+03	30	109	\N	\N	t	f	\N
NelyaZatih	\N	1115355978	2021-06-04 03:00:00+03	477	\N	\N	\N	t	f	\N
NatachaKvazar	\N	402321595	2021-06-04 03:00:00+03	409	\N	\N	\N	\N	f	\N
valentinabepic	\N	527274105	2021-06-04 03:00:00+03	624	\N	\N	\N	t	f	\N
alla585	\N	786329220	2021-06-04 03:00:00+03	410	\N	\N	\N	\N	f	\N
Aleksandr0361	\N	1664417949	2021-06-04 03:00:00+03	417	\N	\N	\N	\N	f	\N
nadjadanilova	\N	635049537	2021-06-04 03:00:00+03	416	\N	\N	\N	t	f	\N
BtcPoolEth	\N	725765166	2021-06-04 03:00:00+03	527	\N	\N	\N	t	f	\N
Viktor19711	\N	445930263	2021-06-04 03:00:00+03	626	\N	\N	\N	t	f	\N
Sweta_skobeleva15	\N	1861413020	\N	655	\N	\N	\N	\N	f	\N
nataly_2021p	\N	1685811511	\N	656	\N	\N	\N	t	f	\N
gal4onok23	f	957136099	2021-03-21 13:18:01+03	238	38	2021-06-15 17:24:27.707043	\N	t	f	\N
marinasrodnykh	f	\N	2021-03-21 12:26:12+03	201	266	2021-06-12 01:37:55.004023	\N	t	f	\N
vip_uspex	f	412344624	2021-03-21 13:35:04+03	87	166	2021-06-11 23:30:01.993952	\N	t	f	\N
lidiya_va	f	1404839922	2021-03-21 13:05:12+03	178	204	2021-06-11 23:46:15.21207	\N	t	f	\N
valera14	f	1065973281	2021-03-21 13:05:12+03	249	204	2021-06-11 23:50:46.376761	\N	t	f	\N
vika902100	f	645726453	2021-03-21 12:25:32+03	144	61	2021-06-11 23:53:35.87221	\N	t	f	\N
Alex_VGbiz	f	1034425765	2021-03-21 12:28:17+03	141	56	2021-06-12 17:10:48.967469	\N	t	f	\N
shad0w_design	f	78399426	2021-03-21 21:58:51+03	54	51	2021-06-12 00:47:42.742001	\N	t	f	\N
Viceyuga	f	855208598	2021-03-21 13:56:10+03	173	161	2021-06-12 00:56:15.439836	\N	t	f	\N
perfecto_yulya	f	1223281680	2021-03-21 14:04:39+03	94	215	2021-06-12 00:56:15.439836	\N	t	f	\N
irina_d57	f	1357183410	2021-03-21 14:53:32+03	261	27	2021-06-12 00:56:15.439836	\N	t	f	\N
alla_donskowa	f	1148851075	2021-03-28 20:37:01+03	104	165	2021-06-13 21:07:31.438478	\N	t	f	\N
IRINA_DEMINA5	f	\N	2021-03-21 12:24:21+03	272	270	2021-06-12 01:08:11.862692	\N	t	f	\N
Alie2107	f	61521498	2021-03-21 13:20:55+03	220	72	2021-06-12 01:27:14.422951	\N	t	f	\N
Kdan_dev	f	709850073	2021-03-21 14:03:24+03	108	586	2021-06-12 21:09:30.12938	\N	t	f	\N
Zannaandrianova	f	632149143	2021-03-21 13:55:09+03	260	225	2021-06-12 01:27:14.422951	\N	t	f	\N
ninav856	f	1027610736	2021-03-21 12:26:55+03	103	63	2021-06-12 01:51:46.073333	\N	t	f	\N
PNata74	f	\N	2021-03-21 13:05:51+03	211	249	2021-06-12 02:04:21.030274	\N	t	f	\N
elesof29	f	1203861284	2021-03-21 12:26:12+03	63	266	2021-06-12 01:37:55.004023	\N	t	f	\N
Alb1naNovikova	f	1263617373	2021-03-21 13:15:30+03	203	183	2021-06-12 02:24:14.87855	\N	t	f	\N
ekaterina_popova83	f	490236583	2021-03-21 13:16:34+03	205	122	2021-06-12 02:24:14.87855	\N	t	f	\N
shat1101	f	899107450	2021-03-18 13:41:34+03	68	192	2021-06-12 10:00:59.585172	\N	t	f	\N
Raya752	\N	238556957	2021-06-12 05:22:52.456993+03	663	\N	\N	\N	t	f	\N
wow_dary	f	394863556	2021-03-21 13:03:24+03	77	176	2021-06-12 10:00:59.585172	\N	t	f	\N
AsyaUna	f	788318147	2021-03-21 13:03:46+03	188	121	2021-06-12 10:34:03.006539	\N	t	f	\N
Natalochka_27	f	1315292343	2021-03-21 13:01:57+03	163	23	2021-06-12 10:35:10.407347	\N	t	f	\N
Viktor6405	f	1736682455	2021-03-31 11:59:58+03	102	91	2021-06-11 23:38:08.781559	\N	t	f	\N
EleiSeis	f	1074535022	2021-03-21 13:36:39+03	218	83	2021-06-12 14:31:23.349632	\N	t	f	\N
Astor292	f	1090451040	2021-03-22 14:35:53+03	232	50	2021-06-13 00:20:19.89932	\N	t	f	\N
MaryV88	f	\N	2021-03-21 13:36:12+03	231	13	2021-06-13 00:26:58.948362	\N	t	f	\N
SvetlanaTsay	f	125609171	2021-03-21 13:20:55+03	275	220	2021-06-12 01:15:36.199739	\N	t	f	\N
Nadia_Magia	f	254166632	2021-03-21 13:05:12+03	86	204	2021-06-11 23:12:41.61596	\N	t	f	\N
saituna	f	247368296	2021-03-21 12:14:50+03	89	67	2021-06-13 12:41:04.815548	\N	t	f	\N
Ulitich64	f	1781765220	2021-03-28 20:36:11+03	99	73	2021-06-13 22:07:09.324536	\N	t	f	\N
IrenYakov	f	871861058	2021-03-31 23:29:42+03	162	131	2021-06-13 22:08:37.894242	\N	t	f	\N
milena6759	f	657369426	2021-03-31 23:29:42+03	112	278	2021-06-13 22:43:58.165301	\N	t	f	\N
LENABENERA	\N	680001947	2021-06-15 14:41:39.601331+03	676	\N	\N	\N	t	f	\N
BurchenkoLudmila	f	\N	2021-03-28 20:36:43+03	230	210	2021-06-15 18:21:24.941504	\N	f	f	\N
Hoimaster	\N	641615302	2021-06-18 15:22:42.917876+03	715	\N	\N	\N	t	t	\N
Lusplus	\N	938110887	2021-06-18 17:57:34.050081+03	716	\N	\N	\N	\N	f	\N
Ruzilya90	\N	803521073	2021-06-16 13:54:22.570738+03	690	\N	\N	\N	t	f	\N
elenaz878	f	1404472892	2021-03-21 13:03:46+03	158	121	2021-06-12 10:32:54.165534	\N	t	f	\N
Svetlananarod	\N	393878841	2021-06-04 03:00:00+03	394	\N	\N	\N	t	f	\N
Ser_3319	\N	1394623742	2021-06-04 03:00:00+03	501	50	2021-06-13 22:24:15.343136	\N	t	f	\N
sherbakov82	\N	672463437	2021-06-04 03:00:00+03	590	589	2021-06-12 21:17:15.044266	\N	t	f	\N
KravchenkoNataliay	f	553678737	2021-03-21 13:34:05+03	91	213	2021-06-11 23:30:01.993952	\N	t	f	\N
TONYHKA62	\N	992756377	2021-06-12 17:26:38.018215+03	664	92	2021-06-13 16:37:50.128545	\N	t	t	\N
Miledi555	f	1746218201	2021-03-28 20:37:11+03	278	4	2021-06-13 21:19:48.186941	\N	t	f	\N
raisalinda	\N	375235650	2021-06-04 03:00:00+03	489	\N	\N	\N	t	f	\N
AShein_031082	\N	443349783	2021-06-04 03:00:00+03	566	\N	\N	\N	t	f	\N
CheckMan1	\N	380357311	2021-06-04 03:00:00+03	568	\N	\N	\N	\N	f	\N
VitaStrazdinja	\N	630073084	2021-06-04 03:00:00+03	542	\N	\N	\N	t	f	\N
Denisfreedom	\N	300292916	2021-06-04 03:00:00+03	543	\N	\N	\N	t	f	\N
chalovavika	t	874159008	2021-03-21 12:09:58+03	95	583	2021-06-06 17:08:19.797504	\N	t	f	\N
anya2046	f	\N	2021-03-21 12:24:40+03	200	92	2021-06-11 23:47:40.524168	\N	t	f	\N
KateKattina	\N	1385989558	2021-06-04 03:00:00+03	313	\N	\N	\N	t	f	\N
Vladislav140269	f	1111143948	2021-03-29 12:40:57+03	159	166	2021-06-12 02:24:14.87855	\N	t	f	\N
Maria_AV1	f	869151740	2021-03-21 13:35:56+03	13	91	2021-06-13 00:25:39.461666	\N	t	f	\N
Y_Marisha	f	660381483	2021-03-24 21:14:43+03	98	\N	\N	\N	t	f	\N
ledi88t	f	1506001559	2021-03-21 13:03:24+03	113	176	2021-06-11 23:53:53.230387	\N	t	f	\N
Amurado4a	\N	1114934136	2021-06-04 03:00:00+03	575	\N	\N	\N	t	f	\N
Tsurlk	\N	466426301	2021-06-04 03:00:00+03	411	\N	\N	\N	t	f	\N
systemmoneys	\N	212906340	2021-06-04 03:00:00+03	596	595	2021-06-18 23:35:48.192045	\N	t	f	\N
irinashvaikovskaya	f	\N	2021-03-21 12:25:06+03	208	270	\N	\N	t	f	\N
natali_zubkova	f	380816666	2021-03-21 12:04:43+03	25	86	\N	\N	t	f	\N
grum5	f	890480830	2021-03-27 09:19:11+03	42	78	\N	\N	t	f	\N
ingapetrosyan 	f	\N	2021-03-21 13:54:17+03	269	196	\N	\N	t	f	\N
leoniv25	\N	289389733	2021-06-04 03:00:00+03	604	602	\N	\N	t	f	\N
luchanin	\N	235710819	2021-06-04 03:00:00+03	594	590	\N	882E76EF1AD0F2D7BEB4D2404D345F2C8A711BBD24DE0CC34244986244C662C6	t	f	\N
Snijinka	\N	519235160	2021-06-04 03:00:00+03	646	\N	\N	26F37F785CB73ACE0F0F03F1F24E678AF6981C0F9B5B33B6E56DDFA372BFA827	t	f	\N
OlegZaika	\N	107773885	2021-06-04 03:00:00+03	621	596	\N	\N	t	f	\N
LarisaPerepelkina	\N	983214525	2021-06-04 03:00:00+03	491	\N	\N	\N	t	f	\N
vika1503	\N	708437353	2021-06-04 03:00:00+03	373	\N	\N	\N	t	f	\N
Yuliya_asi	\N	277656565	2021-06-04 03:00:00+03	405	\N	\N	\N	t	f	\N
Ivanova_Nina_N	f	105026184	2021-03-31 08:30:36+03	100	59	\N	\N	t	f	\N
Kamila490	f	644444892	2021-03-21 15:48:32+03	187	\N	\N	\N	f	f	\N
innabarovaya	f	1722394007	2021-03-22 10:49:42+03	190	\N	\N	\N	f	f	\N
markizanata7	f	1082239348	2021-03-24 17:54:27+03	236	\N	\N	\N	f	f	\N
vadyan3112	f	918583956	2021-03-27 19:10:52+03	241	\N	\N	\N	t	f	\N
milannovgorod	\N	372940529	2021-06-04 03:00:00+03	374	\N	\N	\N	t	f	\N
aijasmm	f	\N	2021-03-21 12:21:41+03	198	250	\N	\N	t	f	\N
Natalia251276	f	801803091	2021-03-25 21:08:39+03	35	\N	\N	\N	t	f	\N
sokol2966	\N	695055917	2021-06-04 03:00:00+03	547	\N	\N	\N	t	f	\N
mila_kumylina	\N	531983827	2021-06-04 03:00:00+03	573	\N	\N	\N	t	f	\N
mudr_lidiya	\N	706237985	2021-06-04 03:00:00+03	431	\N	\N	\N	t	f	\N
Elena15090	\N	470686306	2021-06-04 03:00:00+03	375	\N	\N	\N	t	f	\N
lyubi17	\N	1165368654	2021-06-04 03:00:00+03	395	\N	\N	\N	t	f	\N
borodina555	\N	248676513	2021-06-04 03:00:00+03	400	\N	\N	\N	t	f	\N
Selezneva_Natalia	\N	929056477	2021-06-04 03:00:00+03	344	\N	\N	\N	t	f	\N
MIRDemina	\N	645781048	2021-06-04 03:00:00+03	397	\N	\N	\N	t	f	\N
cashinvestman	\N	1118489640	2021-06-04 03:00:00+03	398	\N	\N	\N	\N	f	\N
Gala1965	\N	378639640	2021-06-04 03:00:00+03	368	\N	\N	\N	t	f	\N
Vasilyna	\N	467018355	2021-06-04 03:00:00+03	399	\N	\N	\N	t	f	\N
lsprofit	\N	404661282	2021-06-04 03:00:00+03	401	\N	\N	\N	\N	f	\N
pahom471	\N	1766227427	2021-06-10 16:19:32.968641+03	657	\N	\N	\N	t	f	\N
AnastasiyaCheginets	\N	\N	2021-06-04 03:00:00+03	505	10	2021-06-16 12:14:17.815781	\N	\N	f	\N
pahomul	\N	1756601618	\N	658	\N	\N	\N	t	f	\N
fauzina	f	290009189	2021-03-21 12:27:52+03	5	109	2021-06-11 22:58:59.088177	\N	t	f	\N
nadezhda0202	f	877246168	2021-03-27 01:37:48+03	129	89	2021-06-11 22:03:45.056043	\N	t	f	\N
vezda5	f	1618003550	2021-03-28 18:20:38+03	26	225	2021-06-11 23:01:06.93286	\N	t	f	\N
kat_taba	f	1597284510	2021-03-21 13:05:12+03	197	204	2021-06-11 23:11:04.810427	\N	t	f	\N
bomarin	f	811191156	2021-03-21 13:20:55+03	38	72	2021-06-12 00:29:59.128656	0C20ADEAD806757FF50EB1876AD7065D24557B122F0C451150BC60090DBC44CC	t	f	\N
djumabarkayeva	f	1398308090	2021-04-01 16:05:13+03	18	188	2021-06-13 15:37:06.895094	\N	t	f	\N
veraklonova	f	1285022160	2021-03-21 13:34:05+03	248	213	2021-06-13 00:10:21.886394	\N	t	f	\N
alexandrkiryanov21	f	359336012	2021-03-21 13:44:58+03	268	166	2021-06-13 12:37:58.100864	\N	t	f	\N
MARIHA64	f	328096927	2021-03-21 12:24:21+03	92	266	2021-06-11 23:22:44.765792	\N	t	f	\N
natalimesh7	f	360344376	2021-03-21 21:55:40+03	216	261	2021-06-12 01:08:11.862692	\N	t	f	\N
Iyliaa_khoma	\N	1064939314	2021-06-04 03:00:00+03	321	276	2021-06-12 02:04:21.030274	\N	t	f	\N
nailyagafiatulina	f	639121375	2021-03-21 13:14:46+03	122	263	2021-06-12 02:04:21.030274	\N	t	f	\N
VOVO4KA1224	\N	629752367	2021-06-04 03:00:00+03	598	596	2021-06-12 17:23:24.864985	\N	t	f	\N
Taisiya19	\N	213152847	2021-06-04 03:00:00+03	499	611	2021-06-12 01:51:46.073333	\N	t	f	\N
AndreyMikhtyan	f	1053088313	2021-03-21 13:37:43+03	22	274	2021-06-13 18:00:56.175125	790D5C79A7E1D0651A6B5B39E86607E3ABEF52DFA01535CD40F5F3B9E73F96C3	t	f	\N
LevShma	f	917647475	2021-03-21 12:10:46+03	192	586	2021-06-15 16:57:04.797312	FCDE64C9EDE667CB3DC78079ACBC519EDE1EB0AD737AD4D3670634F75BCC3625	t	f	\N
EasyStarsMain	f	1559195925	2021-03-21 12:11:29+03	180	\N	2021-06-13 12:28:35.474601	\N	t	f	\N
Nataha65	f	1103913818	2021-03-21 13:18:01+03	24	38	2021-06-12 18:25:55.863552	\N	t	f	\N
den_seven	f	1033961358	2021-03-21 13:44:24+03	39	71	2021-06-11 23:02:54.876306	\N	t	f	\N
luna140785	f	1679283594	2021-03-21 21:58:02+03	50	131	2021-06-13 00:14:22.706948	\N	t	f	\N
angeli_ss	f	1066051823	2021-03-28 20:37:23+03	29	163	2021-06-13 17:33:06.914381	\N	t	f	\N
Elena25E	\N	998491339	2021-06-16 14:13:40.353078+03	691	\N	\N	\N	t	t	\N
NataStars18	\N	1581281018	2021-06-04 03:00:00+03	611	72	2021-06-14 15:26:24.836929	\N	t	f	\N
dementeva_lubov	f	726274779	2021-03-21 12:17:36+03	204	95	2021-06-11 23:05:18.559415	\N	t	f	\N
undefined	\N	942411255	2021-06-18 18:35:46.482426+03	719	\N	\N	\N	\N	f	\N
nikolay_a_p	f	247792555	2021-03-30 00:25:06+03	74	\N	\N	\N	t	f	\N
olik_46	\N	901523052	2021-06-04 03:00:00+03	498	152	2021-06-12 10:30:00.770624	\N	t	f	\N
Uspeshnaya8888	f	737997614	2021-03-21 12:55:45+03	145	243	2021-06-11 23:21:08.351851	\N	t	f	\N
maratsuley	\N	463114160	2021-06-04 03:00:00+03	323	\N	\N	24CE0338F46DDA3BCF30A74B625D000186644C7392769ABAF726389B9B5B961D	t	f	\N
Evgesha20111984	f	\N	2021-03-21 13:15:00+03	149	210	2021-06-16 11:05:47.910126	\N	t	f	\N
Karinapatoieva	f	883604725	2021-04-03 13:58:51+03	69	219	2021-06-12 00:31:40.174327	\N	t	f	\N
katrin_65	f	1295485279	2021-03-21 12:55:45+03	60	243	2021-06-11 23:28:22.468162	\N	t	f	\N
KshM88	f	1107013420	2021-03-21 13:02:53+03	110	145	2021-06-12 10:41:09.731005	\N	t	f	\N
Milauspeh	f	781616125	2021-03-21 13:35:26+03	154	242	2021-06-12 18:25:55.863552	\N	t	f	\N
bizvsem	\N	670150944	2021-06-04 03:00:00+03	612	\N	\N	\N	t	f	\N
LyubovSi	\N	416023381	2021-06-04 03:00:00+03	322	\N	\N	\N	t	f	\N
LidiaIvanova_gm	\N	883151263	2021-06-04 03:00:00+03	342	\N	\N	\N	t	f	\N
SofiTani	\N	397744243	2021-06-04 03:00:00+03	391	\N	\N	\N	\N	f	\N
Dikaver	\N	914438334	2021-06-04 03:00:00+03	324	\N	\N	\N	t	f	\N
Tolikshev	\N	1143828541	2021-06-04 03:00:00+03	372	\N	\N	\N	t	f	\N
Nadezhda_bs	f	961835558	2021-03-21 13:14:13+03	118	25	2021-06-11 23:39:26.599861	\N	t	f	\N
bossanmarina	\N	460775861	2021-06-04 03:00:00+03	367	\N	\N	\N	t	f	\N
princ04616	\N	173341487	2021-06-04 03:00:00+03	341	\N	\N	\N	t	f	\N
Ena_valide	\N	1525579867	2021-06-04 03:00:00+03	647	\N	\N	\N	t	f	\N
Artem_Gupalo	f	434130245	2021-03-23 11:01:37+03	184	\N	\N	\N	t	f	\N
Kostik68	\N	675609334	2021-06-04 03:00:00+03	471	\N	\N	\N	t	f	\N
izumrud78	\N	672555895	2021-06-04 03:00:00+03	402	\N	\N	\N	t	f	\N
tatyana_bizz	\N	312077641	2021-06-04 03:00:00+03	404	\N	\N	\N	t	f	\N
Valeria_Shevchenko7	\N	963723750	2021-06-04 03:00:00+03	457	\N	\N	\N	t	f	\N
ulanira	\N	750550640	2021-06-04 03:00:00+03	495	\N	\N	\N	t	f	\N
Tisgen	\N	653685024	2021-06-04 03:00:00+03	472	\N	\N	\N	\N	f	\N
SergeyBarberKirov	\N	1052647339	2021-06-04 03:00:00+03	473	\N	\N	\N	t	f	\N
Elviraborodina7	\N	867399745	2021-06-04 03:00:00+03	396	\N	\N	\N	t	f	\N
tatiana_rf	\N	1262814502	2021-06-04 03:00:00+03	574	\N	\N	\N	t	f	\N
EvgenyLTD	\N	829441308	2021-06-04 03:00:00+03	496	\N	\N	\N	t	f	\N
Galina_75	\N	1073828388	2021-06-04 03:00:00+03	545	\N	\N	\N	t	f	\N
Alexandrssss	\N	1672887899	2021-06-04 03:00:00+03	497	\N	\N	\N	\N	f	\N
Svetlanirk	\N	983742857	2021-06-04 03:00:00+03	546	\N	\N	\N	t	f	\N
T12Tanya	\N	1155344993	2021-06-04 03:00:00+03	549	\N	\N	\N	t	f	\N
IraPozitiv	\N	591617943	2021-06-04 03:00:00+03	295	\N	\N	\N	\N	f	\N
zarin18	\N	1123184245	2021-06-04 03:00:00+03	553	\N	\N	\N	\N	f	\N
ElenaGlobys	\N	347997715	2021-06-04 03:00:00+03	326	\N	\N	\N	t	f	\N
elenahupalo	\N	313857244	2021-06-04 03:00:00+03	304	\N	\N	\N	t	f	\N
Allaurina	\N	1376878330	2021-06-04 03:00:00+03	442	\N	\N	\N	t	f	\N
ElenaVintina	\N	159709555	2021-06-04 03:00:00+03	310	\N	\N	\N	t	f	\N
mvmvsr	\N	375663760	2021-06-04 03:00:00+03	616	\N	\N	\N	t	f	\N
katyastaroverova	\N	369551389	2021-06-04 03:00:00+03	648	\N	\N	\N	t	f	\N
zyevaelena	\N	624502887	2021-06-04 03:00:00+03	649	\N	\N	\N	t	f	\N
best_Investors1	\N	1789223624	2021-06-04 03:00:00+03	308	\N	\N	\N	\N	f	\N
Trisgot	\N	584180264	2021-06-04 03:00:00+03	554	\N	\N	\N	t	f	\N
lubovmin1962	\N	630403166	2021-06-04 03:00:00+03	551	\N	\N	\N	t	f	\N
Lika_ja	\N	725781901	2021-06-04 03:00:00+03	381	\N	\N	\N	t	f	\N
VeraSurina	\N	706285896	2021-06-04 03:00:00+03	350	\N	\N	\N	t	f	\N
ldolgaya	f	243261182	2021-04-02 18:46:36+03	186	\N	\N	\N	t	f	\N
Ksyusha109	f	950403225	2021-04-02 18:19:59+03	185	\N	\N	\N	t	f	\N
Evgeniilevchuk	f	1123770297	2021-04-02 12:11:53+03	6	\N	\N	\N	f	f	\N
pifagor789	\N	1434396671	2021-06-04 03:00:00+03	456	70	\N	\N	t	f	\N
veranika5	f	961861613	2021-03-21 12:23:37+03	75	78	\N	\N	t	f	\N
vika20122	f	1783174626	2021-03-27 18:43:21+03	80	179	\N	\N	t	f	\N
NATAved	f	1325022139	2021-03-21 13:13:49+03	119	86	\N	\N	t	f	\N
y_marisha	f	\N	2021-03-21 12:26:12+03	123	272	\N	\N	t	f	\N
AVE1317	\N	1719870007	2021-06-04 03:00:00+03	639	\N	\N	lol	t	f	\N
bjumabarkayeva	f	\N	2021-03-31 23:29:42+03	111	188	\N	\N	f	f	\N
kloppolka	f	\N	2021-03-31 23:29:42+03	115	246	\N	\N	f	f	\N
ZlKlot	f	129499639	2021-03-25 18:11:53+03	143	81	\N	\N	t	f	\N
NataliaCherginets 	f	\N	2021-03-21 13:15:30+03	151	183	\N	\N	t	f	\N
topleader111	\N	\N	2021-06-04 03:00:00+03	586	661	2021-06-12 21:08:53.003326	\N	\N	f	\N
velena8	f	1093638116	2021-03-18 06:08:53+03	243	95	2021-06-11 23:07:51.545532	\N	t	f	\N
Sergei1986	f	670232726	2021-03-21 14:37:24+03	117	38	2021-06-17 11:48:05.998222	\N	t	f	\N
Alesyav28	f	1246660361	2021-03-21 12:55:45+03	121	243	2021-06-12 10:34:03.006539	\N	t	f	\N
IrinaShvaikovskaya	\N	891339429	2021-06-04 03:00:00+03	474	\N	2021-06-12 01:15:36.199739	\N	t	f	\N
estamp7	f	243867291	2021-03-21 13:20:55+03	239	72	2021-06-11 23:32:53.367459	\N	t	f	\N
gvchernyshova	f	963124803	2021-03-21 12:27:14+03	125	209	2021-06-12 01:27:14.422951	\N	t	f	\N
Fonzago	f	\N	2021-03-22 14:35:53+03	142	65	2021-06-12 02:39:09.07249	\N	t	f	\N
UlyLevkovich	f	1369811837	2021-03-21 13:55:40+03	177	226	2021-06-12 01:37:55.004023	\N	t	f	\N
yulyakirkach	f	\N	2021-03-21 13:01:05+03	147	23	2021-06-12 10:35:10.407347	\N	t	f	\N
Lyuba52NT	f	1115018271	2021-03-21 13:44:24+03	271	71	2021-06-12 14:50:49.409655	\N	t	f	\N
hurshida_lr	f	\N	2021-03-21 13:01:05+03	148	23	2021-06-12 10:40:12.244649	\N	t	f	\N
svetaveta8	\N	761133821	2021-06-16 14:43:46.97066+03	692	\N	\N	\N	t	t	\N
ElenaAfanasieva18	f	817161773	2021-03-21 13:16:20+03	240	203	2021-06-12 17:01:11.299388	\N	t	f	\N
olyudmila6	f	1149253986	2021-03-21 12:10:46+03	55	586	2021-06-12 14:09:34.62124	\N	t	f	\N
Z2121	f	678950075	2021-03-21 19:52:42+03	130	274	2021-06-13 18:04:49.545776	\N	t	f	\N
prostoirinka	f	315352625	2021-03-21 12:19:58+03	215	588	2021-06-11 23:50:46.376761	C4820710D9F74A2879552299BD6486C29CF154DDAF7896C6F1E495375C5D334D	t	f	\N
EvgenAltay	f	899065924	2021-03-21 13:37:43+03	101	274	2021-06-13 18:30:11.191436	\N	t	f	\N
AlexandrZhaaa	\N	1559150564	2021-06-04 03:00:00+03	284	86	2021-06-12 01:15:36.199739	\N	t	f	\N
marinabelosto	f	707221275	2021-03-21 13:01:05+03	146	23	2021-06-13 11:37:42.390936	\N	t	f	\N
Malvina1904	f	692987864	2021-03-21 13:03:46+03	124	121	2021-06-11 23:28:22.468162	\N	t	f	\N
GulsemAnarbaeva	\N	768009366	2021-06-13 01:28:45.19976+03	666	123	2021-06-13 01:28:45.19976	\N	t	f	\N
sveta170968	f	713587645	2021-04-01 15:47:19+03	9	\N	\N	\N	t	f	\N
alexm40	\N	400368331	2021-06-16 15:19:43.976559+03	693	\N	\N	\N	t	t	\N
romangarkovenko	f	274697758	2021-03-21 12:20:51+03	189	89	2021-06-11 23:25:53.286373	\N	t	f	\N
lady2403	\N	567472443	2021-06-18 23:15:39.649547+03	720	\N	\N	\N	t	t	\N
vsemdobra8	f	302546709	2021-03-21 12:19:02+03	76	55	2021-06-12 14:31:23.349632	\N	t	f	\N
Anastasia_Paskan	f	829746253	2021-03-21 12:28:30+03	139	141	2021-06-12 17:47:52.75167	\N	t	f	\N
elvane64	\N	755620885	2021-06-16 18:21:17.571587+03	694	\N	\N	\N	t	t	\N
Quasar_Company	\N	\N	2021-06-10 12:24:08.546592+03	661	180	2021-06-10 12:24:08.546592	\N	\N	f	\N
sereganuga	\N	1495117636	2021-06-16 18:42:55.137363+03	695	\N	\N	\N	t	t	\N
Andrei7887	f	1521085851	2021-03-21 13:35:16+03	58	166	2021-06-11 23:19:40.651217	\N	t	f	\N
PjSmirnoff	f	541886333	2021-03-21 14:04:39+03	106	215	2021-06-11 23:31:22.999586	\N	t	f	\N
igorklim8385	f	990062153	2021-03-21 13:35:04+03	52	166	2021-06-11 23:31:28.364971	\N	t	f	\N
elsuda	\N	1430029416	2021-06-16 19:46:11.449684+03	696	\N	\N	\N	\N	f	\N
ElenaUdalih	f	331465221	2021-03-21 12:25:32+03	155	61	2021-06-12 01:27:14.422951	\N	t	f	\N
Rolina5555	f	1730542829	2021-03-21 21:58:02+03	4	131	2021-06-13 20:44:45.031173	\N	t	f	\N
asia0001	\N	\N	2021-06-04 03:00:00+03	595	661	2021-06-12 18:15:36.101107	\N	\N	f	\N
Denny_Redds	\N	613393821	2021-06-04 03:00:00+03	593	590	\N	\N	t	f	\N
demidova_astro	\N	434855633	2021-06-04 03:00:00+03	561	\N	\N	\N	t	f	\N
solnze7	\N	257394633	2021-06-04 03:00:00+03	379	\N	\N	\N	\N	f	\N
tarasvinnik	\N	266159174	2021-06-04 03:00:00+03	300	\N	\N	\N	t	f	\N
nata1003	\N	932162530	2021-06-04 03:00:00+03	301	\N	\N	\N	t	f	\N
SofiTai	\N	1031886840	2021-06-04 03:00:00+03	414	\N	\N	\N	t	f	\N
Galushko_Lyuba	\N	633992860	2021-06-04 03:00:00+03	513	\N	\N	\N	t	f	\N
NataliKamen	\N	660560406	2021-06-04 03:00:00+03	349	\N	\N	\N	t	f	\N
ritta61	\N	1323619021	2021-06-04 03:00:00+03	388	\N	\N	\N	t	f	\N
alenka1973chelny	\N	551557196	2021-06-04 03:00:00+03	389	\N	\N	\N	t	f	\N
Udalihyulia	\N	967962420	2021-06-04 03:00:00+03	556	\N	\N	\N	t	f	\N
incoms	\N	118740509	2021-06-04 03:00:00+03	637	\N	\N	\N	\N	f	\N
Alexandra_Lukyanenko	\N	801759661	2021-06-04 03:00:00+03	290	\N	\N	\N	t	f	\N
ekaterinaarsakova	\N	635049537	2021-06-04 03:00:00+03	415	\N	\N	\N	t	f	\N
top444444	\N	\N	2021-06-04 03:00:00+03	588	661	2021-06-12 21:13:29.973956	\N	\N	f	\N
vilma87	\N	326476456	2021-06-04 03:00:00+03	502	\N	\N	\N	t	f	\N
olauz	\N	302371103	2021-06-04 03:00:00+03	446	\N	\N	\N	t	f	\N
Luda_Leshch	\N	622635224	2021-06-04 03:00:00+03	447	\N	\N	\N	t	f	\N
osipGM	\N	769640853	2021-06-04 03:00:00+03	484	\N	\N	\N	t	f	\N
romanmargo	\N	585949176	2021-06-04 03:00:00+03	562	\N	\N	\N	t	f	\N
vgalka8	\N	1085777982	2021-06-04 03:00:00+03	359	\N	\N	\N	\N	f	\N
bvornik444	\N	\N	2021-06-04 03:00:00+03	589	661	2021-06-12 21:16:09.910962	\N	\N	f	\N
evgenii_p	f	802120242	2021-03-23 17:56:20+03	66	\N	\N	\N	t	f	\N
AndreiWorobei	f	941186207	2021-04-03 11:43:07+03	40	\N	\N	\N	t	f	\N
marikupr	f	533223069	2021-03-26 17:34:52+03	41	\N	\N	\N	t	f	\N
Anya2046	f	1154360983	2021-04-02 00:49:14+03	43	\N	\N	\N	t	f	\N
Isay1206	f	940656251	2021-03-31 23:29:42+03	114	611	2021-06-15 20:51:09.964703	\N	t	f	\N
anavr56	\N	403888873	2021-06-16 19:47:43.228146+03	697	\N	\N	\N	t	f	\N
larisatagunova	f	303807003	2021-03-18 09:09:36+03	196	192	2021-06-11 23:01:06.93286	\N	t	f	\N
Amurchik78	f	1721127973	2021-03-21 21:55:01+03	131	213	2021-06-13 00:01:28.679428	\N	t	f	\N
DustTrader	f	725489878	2021-04-02 17:26:25+03	64	\N	\N	\N	t	f	\N
dmitrievasm	\N	570641342	2021-06-13 01:40:12.527048+03	667	664	2021-06-15 14:56:13.009615	\N	t	f	\N
TatVasil	f	1061255817	2021-03-22 21:14:29+03	19	\N	\N	\N	t	f	\N
sib_Invest	f	554513293	2021-04-02 17:43:54+03	137	\N	\N	\N	t	f	\N
natasmolyak	f	\N	2021-03-21 14:05:27+03	156	174	\N	\N	t	f	\N
r_piy123456789	f	\N	2021-03-21 14:05:43+03	157	251	\N	\N	t	f	\N
yeslunaxod	f	451471451	2021-04-02 22:36:47+03	1	\N	\N	\N	t	f	\N
rviktor7	f	1195081557	2021-04-01 17:39:56+03	2	\N	\N	\N	t	f	\N
rnd_katerina_poskrebaeva	f	582891890	2021-03-22 20:08:25+03	126	\N	\N	\N	f	f	\N
fjfjfjf11966	f	1701624873	2021-03-23 23:11:30+03	17	\N	\N	\N	t	f	\N
annakalinovets	\N	335100468	2021-06-04 03:00:00+03	650	\N	\N	\N	t	f	\N
ValentinoGas	f	1033609848	2021-04-02 00:44:57+03	44	\N	2021-06-11 23:36:48.028992	\N	t	f	\N
irinatarasenko138	f	1049826639	2021-03-21 13:37:43+03	277	274	2021-06-13 18:06:02.51392	\N	t	f	\N
marinaelesina2020	f	1084044888	2021-03-21 12:27:36+03	140	201	2021-06-14 23:25:49.616282	\N	t	f	\N
marinaturbina	f	1165337460	2021-04-03 10:24:20+03	11	263	2021-06-15 22:48:16.660067	\N	t	f	\N
Tatyana291971	\N	988789664	2021-06-17 22:28:45.912162+03	599	598	2021-06-17 10:11:35.983773	AE1877B49EE06750F6644805CB94F6EE36B671649FA6249C6FCD98B29FB61CB7	t	t	\N
dominchen7	\N	737487911	2021-06-18 17:57:34.170771+03	717	\N	\N	\N	\N	f	\N
dominchen	\N	287227450	2021-06-19 09:58:44.851384+03	721	\N	\N	\N	\N	f	\N
abdum777	f	743610959	2021-03-21 13:15:30+03	150	183	2021-06-11 23:11:04.810427	\N	t	f	\N
maariiaa183	\N	1747927989	2021-06-19 13:33:09.50836+03	722	\N	\N	\N	\N	f	\N
Valetinaovchinnikova	\N	1334085347	2021-06-04 03:00:00+03	651	\N	\N	\N	t	f	\N
bablor	\N	262618507	2021-06-11 04:09:53.338306+03	662	\N	\N	\N	t	f	\N
Sergei_Knyshov	\N	\N	2021-06-04 03:00:00+03	507	23	2021-06-12 01:15:36.199739	\N	\N	f	\N
Darius19	\N	479213713	2021-06-04 03:00:00+03	635	16	\N	26352E5F2235E42FCF8877ED891846D933BB74AE09F20A996FC6CFE7D89DE209	t	f	\N
Baikal1959	\N	273227249	2021-06-04 03:00:00+03	636	\N	\N	\N	t	f	\N
Pavel_Interbiz	\N	907261901	2021-06-04 03:00:00+03	625	621	\N	4A38AE15CAC53E9D502FD87B6A3A9C7D5C968A68AC807EA37F3A82C82A2EC556	t	f	\N
Sinsenna	f	68052879	2021-03-21 21:56:17+03	51	216	\N	\N	t	f	\N
tatiana140289	\N	973804534	2021-06-14 09:42:59.924731+03	669	664	2021-06-14 15:26:24.836929	\N	t	f	\N
Jekson_chub85	\N	1087728138	2021-06-16 22:03:52.760281+03	698	\N	\N	\N	t	t	\N
Tanya0794	\N	1840068787	2021-06-15 17:40:36.252594+03	680	499	2021-06-15 18:40:27.176031	\N	t	t	\N
mariacan	\N	317467888	2021-06-04 03:00:00+03	569	\N	\N	\N	\N	f	\N
Tatyana_1958017943	\N	583516740	2021-06-04 03:00:00+03	567	\N	\N	\N	t	f	\N
mariacanahina	\N	991411926	2021-06-04 03:00:00+03	570	\N	\N	\N	t	f	\N
OksanaVasyunina	\N	1287355568	2021-06-04 03:00:00+03	571	\N	\N	\N	t	f	\N
BubnovaMW	\N	881358542	2021-06-04 03:00:00+03	613	\N	\N	\N	t	f	\N
btroot	\N	345927677	2021-06-04 03:00:00+03	309	\N	\N	\N	\N	f	\N
Popovi52	f	540992193	2021-03-25 18:34:59+03	227	42	2021-06-11 23:24:29.649723	\N	t	f	\N
AiRoza58	f	1348958072	2021-03-21 13:15:43+03	152	150	2021-06-12 10:32:54.165534	\N	t	f	\N
SergeyShilovskiy	\N	798405128	2021-06-04 03:00:00+03	460	219	2021-06-11 23:35:35.19356	\N	t	f	\N
Mairaboss	f	\N	2021-03-28 20:35:02+03	265	145	2021-06-12 10:37:47.190093	\N	f	f	\N
bur_nataliaa	\N	742333800	2021-06-04 03:00:00+03	312	\N	\N	\N	t	f	\N
Vvs_5	f	1005527393	2021-03-21 12:26:12+03	209	266	2021-06-12 01:15:36.199739	\N	t	f	\N
kupava19	f	1090738464	2021-03-21 13:56:10+03	81	161	2021-06-12 01:27:14.422951	\N	t	f	\N
Aigulhazhieva	f	1388147941	2021-03-21 13:54:17+03	225	196	2021-06-12 01:51:46.073333	\N	t	f	\N
Oxa1975	\N	\N	2021-06-04 03:00:00+03	292	218	2021-06-12 02:39:09.07249	\N	\N	f	\N
mojvybor	f	272826201	2021-03-21 13:37:04+03	27	76	2021-06-12 02:39:09.07249	\N	t	f	\N
lana2688	\N	1332295561	2021-06-14 19:12:48.227243+03	672	611	2021-06-15 16:49:38.63894	\N	\N	f	\N
CheLitovka21	\N	930196408	2021-06-04 03:00:00+03	461	\N	2021-06-12 17:01:11.299388	\N	t	f	\N
elenafomina57	f	1072922284	2021-03-21 13:18:01+03	195	38	2021-06-12 17:01:11.299388	\N	t	f	\N
krabik56	f	454280959	2021-03-28 20:36:24+03	31	28	2021-06-13 00:22:36.465114	\N	t	f	\N
Vlad123_68	f	553001866	2021-03-21 13:35:56+03	90	91	2021-06-13 00:28:17.160114	\N	t	f	\N
NataKyst	f	471787581	2021-03-21 13:37:43+03	14	274	2021-06-13 18:02:59.550194	\N	t	f	\N
larisaEpifanova	\N	208688351	2021-06-04 03:00:00+03	555	\N	\N	\N	\N	f	\N
Sergei_Chernov_1966	\N	364540088	2021-06-04 03:00:00+03	478	\N	\N	\N	t	f	\N
Nik771	\N	\N	2021-06-04 03:00:00+03	592	590	\N	\N	\N	f	\N
Blad999	\N	329982181	2021-06-04 03:00:00+03	632	\N	\N	\N	t	f	\N
Olga_Pavlova180386	\N	820869892	2021-06-04 03:00:00+03	479	\N	\N	\N	t	f	\N
raissakuz	\N	1096457738	2021-06-17 09:06:23.86827+03	704	\N	\N	\N	t	t	\N
lyudmilaMovchenyuk	\N	\N	2021-06-04 03:00:00+03	521	508	\N	\N	\N	f	\N
chsvetlay	f	542257153	2021-03-21 13:15:30+03	164	183	2021-06-15 17:32:04.375322	\N	t	f	\N
fortuna9	f	751892350	2021-03-21 13:05:24+03	214	204	2021-06-13 18:05:24.821327	\N	t	f	\N
AnnaTrubitsyna88	\N	412590529	2021-06-04 03:00:00+03	576	\N	\N	\N	t	f	\N
Tatyana306	f	996768822	2021-03-28 20:39:07+03	20	4	2021-06-13 21:09:10.259322	\N	t	f	\N
tonia_mytriuk	\N	1386637662	2021-06-14 18:30:56.059069+03	671	611	2021-06-15 17:13:26.368446	\N	t	t	\N
Love1064	\N	1113488512	2021-06-04 03:00:00+03	480	\N	\N	\N	t	f	\N
MariyanaS	f	1233744824	2021-03-30 11:50:34+03	136	\N	\N	\N	f	f	\N
AlexByrn	f	481941534	2021-04-02 22:15:22+03	247	\N	\N	\N	t	f	\N
Bachurova_Liubov	f	\N	2021-03-21 12:24:21+03	270	266	\N	\N	t	f	\N
merikek	f	1087094603	2021-03-28 20:38:10+03	45	278	2021-06-13 21:21:29.661761	\N	t	f	\N
lisekat	f	1089394282	2021-03-31 19:15:32+03	235	207	2021-06-13 22:04:25.916454	\N	t	f	\N
oks682	f	\N	2021-03-28 20:37:33+03	32	163	\N	\N	f	f	\N
Yuri2953	\N	1733296159	2021-06-17 09:16:55.65638+03	705	\N	\N	\N	t	f	\N
zinle	\N	1002409203	2021-06-04 03:00:00+03	519	165	2021-06-13 22:41:10.744875	\N	t	f	\N
Vosilisa2021	\N	\N	2021-06-04 03:00:00+03	520	4	2021-06-13 22:47:56.592344	\N	\N	f	\N
Y4riK07	f	699486483	2021-03-21 13:21:18+03	228	195	\N	\N	t	f	\N
quasar_infobot	\N	1615772907	2021-06-19 14:13:51.591434+03	723	\N	\N	\N	\N	f	\N
sazon248	\N	1803559924	2021-06-14 15:58:34.45748+03	670	\N	\N	\N	t	t	\N
bolotovac	f	802794716	2021-03-31 19:23:14+03	273	611	2021-06-12 00:27:05.451835	\N	t	f	\N
Daosait	\N	1240761102	2021-06-17 09:30:24.010316+03	706	\N	\N	\N	t	t	\N
PensionerViktor	\N	680835218	2021-06-17 08:34:01.025758+03	702	\N	\N	\N	t	t	\N
Marina10040	f	320869799	2021-03-31 12:33:04+03	47	59	\N	\N	t	f	\N
Albina2018	\N	946856975	2021-06-15 19:46:32.311409+03	683	\N	\N	\N	t	t	\N
dubok58	\N	1113213818	2021-06-15 19:59:10.180566+03	687	664	2021-06-15 21:23:39.616017	\N	t	f	\N
Olgaolxa2016	\N	\N	2021-06-04 03:00:00+03	463	10	2021-06-16 18:50:22.290631	\N	\N	f	\N
Luybavodoley	\N	1054870402	2021-06-04 03:00:00+03	509	91	2021-06-16 19:00:34.152659	\N	\N	f	\N
magnatka999	\N	487925971	2021-06-17 02:38:02.182399+03	699	\N	\N	\N	\N	f	\N
v_inna_life	f	827133309	2021-03-21 12:55:45+03	23	243	2021-06-12 10:40:12.244649	\N	t	f	\N
Oks682	\N	803617449	2021-06-17 07:08:45.753446+03	700	\N	\N	\N	t	f	\N
ArturPylypenko_ua	\N	758091083	2021-06-17 08:26:10.306816+03	701	\N	\N	\N	t	f	\N
viman5	\N	1848378817	2021-06-15 18:55:55.986673+03	682	499	2021-06-15 20:54:53.086283	\N	t	f	\N
Vladimir_belyakov66	\N	1581300536	2021-06-15 18:39:24.528705+03	681	\N	\N	\N	t	t	\N
fialochka12	\N	284584274	2021-06-17 08:36:21.360635+03	703	\N	\N	\N	t	f	\N
dmitriyfedorov1	\N	807699337	2021-06-14 23:04:06.812134+03	673	499	2021-06-15 16:54:06.352407	99C1DB3DB429521EB0A82146FA51F8048D2507F7566DC15937BE127AA7AF6039	t	f	\N
MarinaKopteva78	\N	1293412321	2021-06-15 21:43:06.436531+03	688	664	2021-06-15 21:45:43.249661	\N	\N	f	\N
GTina10	\N	1037034761	2021-06-04 03:00:00+03	296	97	2021-06-12 01:08:11.862692	\N	t	f	\N
Zoreslava43	\N	\N	2021-06-04 03:00:00+03	465	464	2021-06-12 02:39:09.07249	\N	\N	f	\N
ShoSupport	t	571144617	2021-06-04 03:00:00+03	582	589	2021-06-12 21:08:02.281789	\N	t	f	\N
lianashevela	\N	841124141	2021-06-04 03:00:00+03	428	73	2021-06-13 22:57:50.337546	\N	t	f	\N
markyha_15	\N	1764984745	2021-06-15 11:46:56.171639+03	675	499	2021-06-15 17:34:17.628138	\N	t	t	\N
ChrisLang	\N	673223946	2021-06-17 09:50:00.857558+03	707	\N	2021-06-17 12:49:32.02405	\N	t	t	\N
verakr8	f	1299270005	2021-03-21 12:19:02+03	65	55	2021-06-12 14:31:23.349632	B62703DF2D77AFBAB8F7CD3D002188D024CC3136CA8B9A8604C3C359A7B620F0	t	f	\N
jnecua123	\N	597392866	2021-06-19 14:50:47.006725+03	724	\N	\N	\N	t	f	\N
Kutnik	\N	1650037746	2021-06-17 11:16:00.358344+03	708	\N	\N	\N	t	t	\N
stefmani22	\N	1717997190	2021-06-15 10:53:36.419166+03	674	499	2021-06-15 16:55:54.265989	\N	t	f	\N
larysa_X100	\N	476646510	2021-06-19 14:55:15.197449+03	620	\N	\N	\N	t	f	\N
Vitamens	\N	338816302	2021-06-04 03:00:00+03	348	216	2021-06-12 01:08:11.862692	\N	t	f	\N
MrSVAn2	f	911079628	2021-03-21 12:14:50+03	109	588	2021-06-12 17:57:29.970907	\N	t	f	\N
shar_manina	\N	895764554	2021-06-04 03:00:00+03	370	\N	\N	\N	t	f	\N
Tanipopova	\N	869499082	2021-06-04 03:00:00+03	345	\N	\N	\N	t	f	\N
Kuznetsova_Lana	\N	1412148628	2021-06-04 03:00:00+03	346	\N	\N	\N	t	f	\N
ludmila195	\N	542770169	2021-06-04 03:00:00+03	371	\N	\N	\N	t	f	\N
bon10400	\N	422971571	2021-06-04 03:00:00+03	347	\N	\N	\N	t	f	\N
genute1999	\N	610684397	2021-06-04 03:00:00+03	393	\N	\N	\N	\N	f	\N
vologera	\N	988029008	2021-06-04 03:00:00+03	572	\N	\N	\N	t	f	\N
Maikl107	\N	328063834	2021-06-04 03:00:00+03	618	\N	\N	\N	t	f	\N
Blad99999	\N	643952907	2021-06-04 03:00:00+03	619	\N	\N	\N	t	f	\N
anna_sivolodskaja	\N	839707784	2021-06-04 03:00:00+03	434	\N	\N	\N	t	f	\N
mnadirbegov	\N	523168340	2021-06-04 03:00:00+03	644	\N	\N	\N	\N	f	\N
Valya67	\N	953125411	2021-06-04 03:00:00+03	645	\N	\N	\N	\N	f	\N
mariaartcat	\N	1045619912	2021-06-04 03:00:00+03	643	\N	\N	\N	\N	f	\N
zhanna0911	\N	564506159	2021-06-04 03:00:00+03	390	\N	\N	\N	t	f	\N
elenamihai	\N	1353215778	2021-06-04 03:00:00+03	369	\N	\N	\N	t	f	\N
polianam	\N	242577874	2021-06-04 03:00:00+03	343	\N	\N	\N	t	f	\N
Olga_investor8	\N	1036365279	2021-06-04 03:00:00+03	376	\N	\N	\N	t	f	\N
s_potehina	\N	872970187	2021-06-04 03:00:00+03	281	\N	\N	\N	t	f	\N
MUSA1967	\N	768492593	2021-06-04 03:00:00+03	622	\N	\N	\N	\N	f	\N
filana570	\N	735730004	2021-06-04 03:00:00+03	377	\N	\N	\N	t	f	\N
Lubamanyilova	\N	949655318	2021-06-04 03:00:00+03	476	\N	\N	\N	t	f	\N
Dima_Dmi	\N	706820981	2021-06-04 03:00:00+03	378	\N	\N	\N	t	f	\N
Eve_genie	\N	712273406	2021-06-04 03:00:00+03	458	\N	\N	\N	t	f	\N
Lyubovlova	\N	1246069279	2021-06-04 03:00:00+03	406	\N	\N	\N	t	f	\N
elenasamok	\N	1065157222	2021-06-04 03:00:00+03	407	\N	\N	\N	\N	f	\N
NataliaLeukhina	f	760245216	2021-03-21 12:19:02+03	213	55	2021-06-12 20:33:46.797132	\N	t	f	\N
CrezyV	\N	389957686	2021-06-17 14:13:26.027396+03	709	\N	\N	\N	t	f	\N
avtomlm	\N	338224141	2021-06-17 19:23:01.00169+03	710	\N	\N	\N	t	t	\N
karakara21	\N	1368718693	2021-06-17 20:04:05.701833+03	711	\N	\N	1DC64F328BA35EEF4D280A26AD7A6936701E507015CBB5C08C97ED412680C90C	t	f	\N
KopMar	\N	467149877	2021-06-17 20:21:58.48441+03	712	\N	\N	\N	t	t	\N
brilliant989	\N	411935431	2021-06-04 03:00:00+03	602	595	\N	\N	t	f	\N
erzhan175	\N	886685003	2021-06-04 03:00:00+03	548	150	2021-06-12 10:30:00.770624	\N	t	f	\N
allpavlova	\N	1055269513	2021-06-04 03:00:00+03	302	176	2021-06-11 22:02:02.306442	\N	t	f	\N
Moroz5484	f	961178180	2021-03-21 12:19:02+03	274	55	2021-06-12 14:31:23.349632	\N	t	f	\N
bogdan0126	f	917721038	2021-04-02 22:11:00+03	245	50	2021-06-13 00:44:51.371837	\N	t	f	\N
makshanceva_irina	f	294358184	2021-03-21 12:25:06+03	61	270	2021-06-11 23:47:40.524168	\N	t	f	\N
Edik3003	\N	1166692564	2021-06-17 23:41:10.083525+03	713	\N	\N	\N	t	t	\N
tatianatamash	\N	676670043	2021-06-04 03:00:00+03	432	\N	2021-06-11 23:38:08.781559	\N	t	f	\N
evana3009	f	1417648637	2021-03-28 20:39:16+03	244	207	2021-06-13 22:03:08.246307	\N	t	f	\N
Valura63	\N	1037767378	2021-06-04 03:00:00+03	518	\N	\N	\N	t	f	\N
elenavid1105	\N	300899793	2021-06-04 03:00:00+03	286	\N	\N	\N	t	f	\N
slavasmith	\N	309828013	2021-06-04 03:00:00+03	287	\N	\N	\N	\N	f	\N
m_elizarenkova	\N	221989248	2021-06-04 03:00:00+03	285	\N	\N	\N	t	f	\N
kubasovalena	\N	1074371263	2021-06-04 03:00:00+03	444	\N	2021-06-11 23:52:25.119841	\N	t	f	\N
oksanakor	f	604079719	2021-03-21 13:44:24+03	166	71	2021-06-11 23:21:08.351851	\N	t	f	\N
lenarus	\N	930041289	2021-06-04 03:00:00+03	364	\N	\N	\N	t	f	\N
putklimonam	\N	621880084	2021-06-04 03:00:00+03	365	\N	\N	\N	\N	f	\N
NatalyaBrazhnikova	\N	227713019	2021-06-04 03:00:00+03	512	\N	\N	\N	t	f	\N
dandyusha_2020	\N	1038134353	2021-06-04 03:00:00+03	299	\N	\N	\N	t	f	\N
Natusya777777	\N	567846570	2021-06-04 03:00:00+03	528	\N	\N	\N	t	f	\N
vitabiznes	\N	442970436	2021-06-04 03:00:00+03	328	\N	\N	\N	t	f	\N
WITTASKVARCOVA	\N	1120735328	2021-06-04 03:00:00+03	559	\N	\N	\N	\N	f	\N
belyakova63	f	252020383	2021-03-21 13:14:46+03	72	95	2021-06-12 00:28:41.454849	A3E87615CB372568849B14E72C394003016E42A803FD48834212944D3809EDBF	t	f	\N
ruslanibragim	f	702518719	2021-03-21 13:06:37+03	254	252	2021-06-12 01:27:14.422951	\N	t	f	\N
foxykleo89	f	323237321	2021-03-28 20:36:33+03	73	207	2021-06-13 22:05:35.402469	\N	t	f	\N
ladygold11	\N	\N	2021-06-04 03:00:00+03	464	65	2021-06-12 01:37:55.004023	\N	\N	f	\N
leag_gen	\N	1184153247	2021-06-04 03:00:00+03	581	\N	\N	\N	t	f	\N
sevawilson	\N	638418782	2021-06-04 03:00:00+03	383	\N	\N	\N	t	f	\N
kat1j54	\N	857423989	2021-06-04 03:00:00+03	492	\N	\N	\N	t	f	\N
tatrad08	\N	1108541363	2021-06-04 03:00:00+03	311	154	2021-06-12 17:45:44.480933	\N	t	f	\N
Karymov835	\N	1415790929	2021-06-04 03:00:00+03	504	315	2021-06-12 02:24:14.87855	\N	t	f	\N
vdolgiy	\N	764613726	2021-06-04 03:00:00+03	459	\N	\N	\N	t	f	\N
urunabic	\N	1345578486	2021-06-04 03:00:00+03	435	\N	\N	\N	t	f	\N
webmod	\N	678934807	2021-06-04 03:00:00+03	436	\N	\N	\N	t	f	\N
SSSSdAlex	\N	1758670798	2021-06-04 03:00:00+03	584	\N	\N	\N	\N	f	\N
toned_woman	\N	673708648	2021-06-04 03:00:00+03	475	\N	\N	\N	\N	f	\N
temnikov82	\N	368061584	2021-06-04 03:00:00+03	280	\N	\N	\N	\N	f	\N
dimira_sun	\N	862708305	2021-06-04 03:00:00+03	384	\N	\N	\N	t	f	\N
Vrednayaklyukva1983	\N	916245089	2021-06-04 03:00:00+03	443	\N	\N	\N	t	f	\N
aleksa_dd	\N	796585576	2021-06-04 03:00:00+03	385	\N	\N	\N	t	f	\N
NataEgo	\N	293704448	2021-06-04 03:00:00+03	386	\N	\N	\N	t	f	\N
LanaPav2020	f	908149002	2021-03-21 14:05:11+03	174	588	2021-06-11 23:24:29.649723	CFD27F8AB1600B8CB6347A4B50B6CC919E4536EC81388A7BC71FAD59DCE1304E	t	f	\N
Irina509	f	592005470	2021-03-24 16:12:59+03	253	63	\N	\N	t	f	\N
tarakanovmlm	\N	466805738	2021-06-04 03:00:00+03	585	\N	\N	\N	t	f	\N
Olga_Shornikova	\N	217549250	2021-06-04 03:00:00+03	615	\N	\N	\N	t	f	\N
Latypova7	\N	892302439	2021-06-04 03:00:00+03	614	\N	\N	\N	t	f	\N
BeverleySok	\N	\N	2021-06-04 03:00:00+03	587	586	2021-06-12 21:12:27.855324	\N	\N	f	\N
Baik1959	\N	456699337	2021-06-04 03:00:00+03	617	\N	\N	\N	t	f	\N
Galina1991	\N	489170247	2021-06-04 03:00:00+03	560	\N	\N	\N	t	f	\N
schef5691	\N	871181814	2021-06-04 03:00:00+03	387	\N	\N	\N	t	f	\N
yava369	f	734595385	2021-03-26 22:35:57+03	276	65	2021-06-11 23:02:54.876306	\N	t	f	\N
Valeriy107	f	\N	2021-03-21 13:38:06+03	267	277	2021-06-13 18:07:14.1716	\N	t	f	\N
nataperedelskaja	f	737019414	2021-03-21 12:21:10+03	250	169	\N	\N	t	f	\N
Persik85	f	746605539	2021-03-21 21:58:02+03	28	131	2021-06-13 20:30:38.09345	\N	t	f	\N
GalinaSemeryak	f	174283872	2021-03-21 14:05:11+03	167	224	2021-06-12 18:57:57.879128	\N	t	f	\N
irinartemeva	f	372416773	2021-03-21 12:14:50+03	169	67	\N	\N	t	f	\N
Marina_2706	f	862613057	2021-03-21 20:04:40+03	255	56	\N	\N	t	f	\N
irinaleong	f	\N	2021-03-21 13:14:13+03	182	25	\N	\N	t	f	\N
lazarenkoSvet	f	1795199925	2021-03-23 23:11:30+03	34	\N	\N	\N	f	f	\N
tsyganok50	f	1291823653	2021-03-31 08:11:29+03	36	\N	\N	\N	t	f	\N
alla_italia	f	165611239	2021-03-24 18:18:52+03	37	\N	\N	\N	f	f	\N
LyudmilaE44	f	\N	2021-03-21 12:19:02+03	83	55	2021-06-12 14:36:11.74066	\N	t	f	\N
OlgaOdincova	f	673941324	2021-03-21 13:02:53+03	93	145	2021-06-12 10:37:47.190093	\N	t	f	\N
Lidinik	f	398670183	2021-03-22 14:35:53+03	88	248	2021-06-13 00:15:46.836212	\N	t	f	\N
Viktoria_2019bers	f	504612931	2021-03-21 12:14:50+03	56	192	2021-06-11 23:35:35.19356	\N	t	f	\N
allaaallal	f	1301047469	2021-03-21 13:38:06+03	33	277	2021-06-13 18:08:58.69414	\N	t	f	\N
NordicLady	f	\N	2021-03-28 20:36:51+03	46	278	2021-06-13 21:23:24.200247	\N	f	f	\N
ninyly	f	795093663	2021-03-21 12:22:20+03	78	169	2021-06-11 23:16:28.232077	\N	t	f	\N
Lomova_S	\N	1303793050	2021-06-04 03:00:00+03	462	\N	\N	\N	t	f	\N
NataVid	\N	679793055	2021-06-04 03:00:00+03	500	\N	\N	\N	\N	f	\N
sautuna	\N	1477173864	2021-06-04 03:00:00+03	481	\N	\N	\N	\N	f	\N
sveta26reg	\N	1784770371	2021-06-04 03:00:00+03	522	278	2021-06-13 22:34:57.540824	\N	t	f	\N
Farida2606	\N	1303937618	2021-06-04 03:00:00+03	466	207	2021-06-13 22:37:48.531408	\N	t	f	\N
igor_missing	f	1198380401	2021-03-21 15:54:27+03	7	65	2021-06-11 23:22:44.765792	FFE8DADFB67C91EFCEA3F4D84BA2BC71342593F1C54BC21C5BEA8CB995275886	t	f	\N
Svetlana_Skobeleva5	f	1025285320	2021-03-21 12:22:20+03	266	169	2021-06-11 23:34:21.260408	\N	t	f	\N
stimul71	f	1000490539	2021-03-21 13:56:33+03	53	217	\N	\N	t	f	\N
nadya_svam	f	1767099770	2021-04-01 14:54:10+03	85	94	\N	\N	t	f	\N
na_talia9364	f	1048933582	2021-03-21 13:54:17+03	49	196	2021-06-12 01:51:46.073333	\N	t	f	\N
Elisaveta_Kotova	\N	295779992	2021-06-04 03:00:00+03	438	\N	\N	\N	t	f	\N
Damir_Imashev	\N	427441612	2021-06-04 03:00:00+03	439	\N	\N	\N	t	f	\N
PankivaLuda	\N	649234299	2021-06-04 03:00:00+03	440	\N	\N	\N	t	f	\N
ira_lucky77	\N	1168694552	2021-06-04 03:00:00+03	441	\N	\N	\N	t	f	\N
Lelylubimay	f	1579536206	2021-03-21 13:36:27+03	96	65	2021-06-18 12:00:50.602181	2677A16E2BDE1EF3FE8AC8B3B706190A29FDC1EB1CEC7AEEFB792340A44BFE34	t	f	\N
tasha379	\N	997431313	2021-06-18 14:02:23.541045+03	714	\N	\N	\N	t	t	\N
Vmlynko	\N	248745860	2021-06-04 03:00:00+03	583	661	2021-06-12 18:58:27.17588	\N	t	f	\N
burnosovaelena	f	426893682	2021-03-21 12:17:36+03	263	72	2021-06-15 22:46:22.254811	\N	t	f	\N
TatianaSamartseva	\N	1213224381	2021-06-04 03:00:00+03	291	225	2021-06-12 10:38:48.444759	\N	t	f	\N
Dosson	f	342671895	2021-03-21 14:56:16+03	242	71	2021-06-11 22:41:00.752857	\N	t	f	\N
galfeo	\N	857066140	2021-06-04 03:00:00+03	358	215	\N	\N	t	f	\N
violeta701	f	803439536	2021-03-21 13:55:27+03	170	49	2021-06-12 18:02:51.245262	\N	t	f	\N
Colovjeva	f	1222950062	2021-03-21 13:55:27+03	171	49	2021-06-12 18:05:58.375545	\N	t	f	\N
natalina0708	f	1241174423	2021-04-02 13:15:59+03	97	216	2021-06-12 18:05:58.375545	\N	t	f	\N
TitovskiyWayOFlife	f	755070394	2021-03-28 20:35:40+03	175	248	2021-06-12 18:07:55.938308	\N	t	f	\N
zorina12	f	943105023	2021-03-21 12:19:58+03	234	160	\N	\N	t	f	\N
Abdu_Karim50	f	1049346948	2021-03-21 12:19:58+03	251	160	\N	\N	t	f	\N
gsovetkina	f	937878843	2021-03-21 12:20:51+03	194	89	2021-06-13 17:33:06.914381	\N	t	f	\N
pteam24	f	277334411	2021-03-21 13:21:33+03	229	179	\N	\N	t	f	\N
Alexey6717	f	844361441	2021-03-21 13:56:10+03	264	161	2021-06-11 23:52:25.119841	\N	t	f	\N
Alekcnata	f	896304780	2021-03-21 13:06:20+03	252	197	2021-06-12 00:16:56.511324	\N	t	f	\N
angelvai999	f	254931761	2021-03-21 13:14:46+03	183	263	2021-06-12 00:27:05.451835	\N	t	f	\N
Aliyayandurina	f	1386636133	2021-03-21 13:55:09+03	206	225	2021-06-12 01:15:36.199739	\N	t	f	\N
skarlet802	f	1020133946	2021-03-31 23:27:46+03	165	4	2021-06-13 21:05:23.302509	\N	t	f	\N
ANASTASIYASEMENOVA79	f	1190406407	2021-03-21 13:54:17+03	226	196	2021-06-12 01:37:55.004023	\N	t	f	\N
Julia7Sab	f	1136469359	2021-03-25 11:48:29+03	193	161	2021-06-12 02:24:14.87855	\N	t	f	\N
NataKim69	\N	\N	2021-06-04 03:00:00+03	293	292	2021-06-12 02:39:09.07249	\N	\N	f	\N
Topliderkz	\N	\N	2021-06-04 03:00:00+03	294	218	2021-06-12 02:39:09.07249	\N	\N	f	\N
Ludaore	f	677060743	2021-03-21 22:21:02+03	219	71	2021-06-12 14:50:01.066872	\N	t	f	\N
NataliaCherginets	f	969700574	2021-04-03 10:23:56+03	10	11	2021-06-16 11:05:47.910126	\N	t	f	\N
garold633	t	1498680034	2021-03-21 12:19:29+03	161	595	2021-06-11 23:07:51.545532	C40722DCACC86EF62E389AC0BD90F0DFC0839F99D57AE8E04A1835D835F92659	t	f	\N
N_master_razborov	\N	791898140	2021-06-04 03:00:00+03	315	27	2021-06-11 23:05:18.559415	\N	t	f	\N
virina8	\N	541715044	2021-06-04 03:00:00+03	511	219	2021-06-12 14:25:25.072404	\N	t	f	\N
Elena575757	f	1141055638	2021-03-22 14:35:53+03	207	131	2021-06-13 22:00:56.293934	\N	t	f	\N
AnKomarova	\N	653564562	2021-06-04 03:00:00+03	510	73	2021-06-13 22:50:29.028581	\N	t	f	\N
ImyaaPolzovatelya	f	453584068	2021-03-26 16:00:36+03	16	583	2021-06-12 21:07:13.83298	\N	t	f	\N
mc_maksim	f	575546387	2021-04-01 19:23:25+03	15	588	2021-06-12 21:14:42.929129	\N	f	f	\N
KharlanowaKristina	f	1305914916	2021-03-21 12:19:58+03	8	590	2021-06-12 21:21:06.378525	\N	t	f	\N
djdem_kz	\N	\N	2021-06-04 03:00:00+03	380	293	2021-06-12 02:39:09.07249	\N	\N	f	\N
Kirill260996	\N	632820758	2021-06-04 03:00:00+03	533	\N	\N	\N	t	f	\N
irischka77	\N	473788573	2021-06-04 03:00:00+03	607	\N	\N	\N	t	f	\N
yonimati	\N	502487365	2021-06-04 03:00:00+03	314	\N	\N	\N	t	f	\N
ilddan62	\N	252487924	2021-06-04 03:00:00+03	316	\N	\N	\N	t	f	\N
alena180282	\N	315075317	2021-06-04 03:00:00+03	317	\N	\N	\N	t	f	\N
illoveyounnan	\N	1240070913	2021-06-04 03:00:00+03	564	\N	\N	\N	\N	f	\N
NatalyaLaskina	\N	403051533	2021-06-04 03:00:00+03	318	\N	\N	\N	t	f	\N
Vyacheslav008	\N	1218866188	2021-06-04 03:00:00+03	448	\N	\N	\N	t	f	\N
ByraByratin	\N	1251992606	2021-06-04 03:00:00+03	319	\N	\N	\N	t	f	\N
Irina383	\N	861311190	2021-06-04 03:00:00+03	320	\N	\N	\N	t	f	\N
alexsandrtag	\N	428758518	2021-06-04 03:00:00+03	351	\N	\N	\N	t	f	\N
yuliaaleeva	\N	910383137	2021-06-04 03:00:00+03	329	\N	\N	\N	t	f	\N
zakharova1986	\N	876511932	2021-06-04 03:00:00+03	469	\N	\N	\N	t	f	\N
tanyastel	\N	1370244873	2021-06-04 03:00:00+03	544	\N	\N	\N	t	f	\N
yamarina23	\N	432042175	2021-06-04 03:00:00+03	515	\N	\N	\N	t	f	\N
Irinachekalenko	\N	506621742	2021-06-04 03:00:00+03	331	\N	\N	\N	t	f	\N
GalinaSergeewnacrowd1	\N	458627205	2021-06-04 03:00:00+03	514	\N	\N	\N	t	f	\N
albino49	\N	363763181	2021-06-04 03:00:00+03	332	\N	\N	\N	t	f	\N
RUSSIAN7236	f	627208806	2021-03-31 17:23:23+03	79	\N	\N	\N	t	f	\N
Natali211	f	151189546	2021-03-24 14:00:58+03	62	67	\N	\N	f	f	\N
prosto_den100	f	1745028258	2021-04-02 11:07:08+03	57	94	\N	\N	t	f	\N
ingapetrosyan	f	1372419180	2021-03-28 20:59:42+03	84	\N	\N	\N	t	f	\N
Aleks202123	\N	\N	2021-06-04 03:00:00+03	523	207	2021-06-13 22:20:46.352555	\N	\N	f	\N
olgaandr21	f	1262979998	2021-03-21 20:59:18+03	127	86	2021-06-14 17:15:41.922612	\N	f	f	\N
Tsiesh9178	\N	364539655	2021-06-04 03:00:00+03	508	72	2021-06-15 17:40:16.387065	\N	\N	f	\N
Lead_4	t	1485258936	2021-03-21 12:09:58+03	67	583	2021-06-12 16:43:07.051803	\N	t	f	\N
mallak82	\N	828716342	2021-06-04 03:00:00+03	516	501	2021-06-13 22:26:30.506282	\N	t	f	\N
Lilusa	\N	1773046573	2021-06-04 03:00:00+03	429	50	2021-06-13 22:46:04.798711	\N	t	f	\N
Ingagolos	\N	\N	2021-06-04 03:00:00+03	591	598	2021-06-12 21:18:30.134646	\N	\N	f	\N
Dima890	f	471257091	2021-03-21 14:03:24+03	257	595	2021-06-12 17:57:29.970907	C1E8408D19793BF63A57BFF53D43C69718155CC7FB45B05473F7EB97FDFC5A8E	t	f	\N
Kaptanjk	\N	929041354	2021-06-04 03:00:00+03	412	\N	\N	\N	t	f	\N
oltim10	\N	846946271	2021-06-04 03:00:00+03	408	\N	\N	\N	t	f	\N
vero4kazin	\N	845259039	2021-06-04 03:00:00+03	352	\N	\N	\N	t	f	\N
AXMEROVA	\N	618559843	2021-06-04 03:00:00+03	333	\N	\N	\N	t	f	\N
ikaravaev	\N	1146732562	2021-06-04 03:00:00+03	334	\N	\N	\N	t	f	\N
Sergey_Gofman	\N	1062209350	2021-06-04 03:00:00+03	470	\N	\N	\N	t	f	\N
v_korableva	\N	1061955838	2021-06-04 03:00:00+03	336	\N	\N	\N	\N	f	\N
galina_ahdreeva	\N	668168409	2021-06-04 03:00:00+03	337	\N	\N	\N	t	f	\N
reni_bag	\N	664799532	2021-06-04 03:00:00+03	339	\N	\N	\N	t	f	\N
Zhannaantamonova	\N	1759873378	2021-06-04 03:00:00+03	354	\N	\N	\N	\N	f	\N
RaisaKudriavtseva	\N	838019219	2021-06-04 03:00:00+03	330	\N	\N	\N	t	f	\N
annavlasova72	\N	503656263	2021-06-04 03:00:00+03	355	\N	\N	\N	t	f	\N
soloviev1002	\N	987517320	2021-06-04 03:00:00+03	340	\N	\N	\N	t	f	\N
bondnv2254	\N	468409303	2021-06-04 03:00:00+03	356	\N	\N	\N	t	f	\N
Galateja	\N	1294663080	2021-06-04 03:00:00+03	335	\N	\N	\N	t	f	\N
Buyforcent	\N	322821608	2021-06-04 03:00:00+03	535	\N	\N	\N	t	f	\N
ivtiukhova	\N	734898885	2021-06-04 03:00:00+03	360	\N	\N	\N	t	f	\N
mihail_1942	\N	1098768244	2021-06-04 03:00:00+03	536	\N	\N	\N	t	f	\N
edibest	\N	268404611	2021-06-04 03:00:00+03	357	\N	\N	\N	t	f	\N
Lyubov_Zahatie	\N	451925980	2021-06-04 03:00:00+03	363	\N	\N	\N	t	f	\N
granny0506	\N	574563477	2021-06-04 03:00:00+03	485	\N	\N	\N	t	f	\N
Appappa_ept	\N	970731919	2021-06-04 03:00:00+03	517	\N	\N	\N	\N	f	\N
mama_star_m	\N	671912688	2021-06-04 03:00:00+03	353	\N	\N	\N	\N	f	\N
milabkuznetsova	\N	759525376	2021-06-04 03:00:00+03	468	\N	\N	\N	t	f	\N
LeshenkoMihail	\N	182464648	2021-06-04 03:00:00+03	467	\N	\N	\N	t	f	\N
VOROBEISV	\N	880871926	2021-06-04 03:00:00+03	539	\N	\N	\N	t	f	\N
Serrgggg	\N	1593842682	2021-06-04 03:00:00+03	486	\N	\N	\N	t	f	\N
R_Livan	\N	1497848002	2021-06-04 03:00:00+03	540	\N	\N	\N	\N	f	\N
lilmilbez	\N	893641159	2021-06-04 03:00:00+03	430	\N	\N	\N	t	f	\N
valyamelentieva	\N	985293422	2021-06-04 03:00:00+03	487	\N	\N	\N	t	f	\N
beresa1940	\N	323345945	2021-06-04 03:00:00+03	488	\N	\N	\N	t	f	\N
aleks202123	\N	1559893817	2021-06-04 03:00:00+03	525	\N	\N	\N	t	f	\N
smp010	f	740063778	2021-03-29 07:53:39+03	132	\N	\N	\N	t	f	\N
vladponik72	f	970425377	2021-03-24 15:52:21+03	128	\N	\N	\N	t	f	\N
Ilya_mon	f	948868439	2021-03-21 14:04:39+03	202	215	2021-06-12 10:38:48.444759	F4838DEBF95EC8377CDDB270B19D7B726775F1A5EFE02087177984DC3D201305	t	f	\N
dedgabar	\N	273648280	2021-06-04 03:00:00+03	603	602	\N	\N	t	f	\N
vipgoldlineoj	\N	\N	2021-06-04 03:00:00+03	600	596	\N	\N	\N	f	\N
okhlopru	\N	\N	2021-06-04 03:00:00+03	605	602	\N	\N	\N	f	\N
sergeykrd23	\N	348630666	2021-06-04 03:00:00+03	597	596	\N	\N	t	f	\N
evzuraa	t	371589543	2021-03-21 13:34:05+03	71	67	2021-06-12 18:08:15.416292	07FFAF8632F50F4CB4822E8423CA37B371ABEC0CBE885408CBCE73A8812C8EDA	t	f	\N
nataliyapon	f	815184617	2021-03-21 13:54:17+03	12	196	2021-06-11 23:12:41.61596	\N	t	f	\N
olga_chad	f	1008347907	2021-03-21 14:04:39+03	168	215	2021-06-11 23:31:22.999586	\N	t	f	\N
Sveta_Akkuzina	f	545975086	2021-03-21 12:55:45+03	176	243	2021-06-11 22:58:59.088177	\N	t	f	\N
Natalkuz	f	1098727655	2021-03-21 12:21:41+03	82	250	2021-06-11 23:31:28.364971	\N	t	f	\N
\.


--
-- Data for Name: skypeleadfingerprints; Type: TABLE DATA; Schema: public; Owner: apps
--

COPY public.skypeleadfingerprints (id, fingerprint) FROM stdin;
\.


--
-- Name: chats_id_seq; Type: SEQUENCE SET; Schema: public; Owner: apps
--

SELECT pg_catalog.setval('public.chats_id_seq', 7, true);


--
-- Name: marketings_id_seq; Type: SEQUENCE SET; Schema: public; Owner: apps
--

SELECT pg_catalog.setval('public.marketings_id_seq', 356, true);


--
-- Name: newsletters_id_seq; Type: SEQUENCE SET; Schema: public; Owner: apps
--

SELECT pg_catalog.setval('public.newsletters_id_seq', 31, true);


--
-- Name: payments_history_id_seq; Type: SEQUENCE SET; Schema: public; Owner: apps
--

SELECT pg_catalog.setval('public.payments_history_id_seq', 34, true);


--
-- Name: quasar_telegrambot_news_id_seq; Type: SEQUENCE SET; Schema: public; Owner: apps
--

SELECT pg_catalog.setval('public.quasar_telegrambot_news_id_seq', 13, true);


--
-- Name: quasar_telegrambot_posts_id_seq; Type: SEQUENCE SET; Schema: public; Owner: apps
--

SELECT pg_catalog.setval('public.quasar_telegrambot_posts_id_seq', 1, false);


--
-- Name: quasar_telegrambot_users_new_id_seq; Type: SEQUENCE SET; Schema: public; Owner: apps
--

SELECT pg_catalog.setval('public.quasar_telegrambot_users_new_id_seq', 724, true);


--
-- Name: skypeleadfingerprints_id_seq; Type: SEQUENCE SET; Schema: public; Owner: apps
--

SELECT pg_catalog.setval('public.skypeleadfingerprints_id_seq', 1, false);


--
-- Name: chats chats_pkey; Type: CONSTRAINT; Schema: public; Owner: apps
--

ALTER TABLE ONLY public.chats
    ADD CONSTRAINT chats_pkey PRIMARY KEY (id);


--
-- Name: marketings marketings_pkey; Type: CONSTRAINT; Schema: public; Owner: apps
--

ALTER TABLE ONLY public.marketings
    ADD CONSTRAINT marketings_pkey PRIMARY KEY (id);


--
-- Name: newsletters newsletters_pkey; Type: CONSTRAINT; Schema: public; Owner: apps
--

ALTER TABLE ONLY public.newsletters
    ADD CONSTRAINT newsletters_pkey PRIMARY KEY (id);


--
-- Name: payments_history payments_history_pkey; Type: CONSTRAINT; Schema: public; Owner: apps
--

ALTER TABLE ONLY public.payments_history
    ADD CONSTRAINT payments_history_pkey PRIMARY KEY (id);


--
-- Name: quasar_telegrambot_news quasar_telegrambot_news_pkey; Type: CONSTRAINT; Schema: public; Owner: apps
--

ALTER TABLE ONLY public.quasar_telegrambot_news
    ADD CONSTRAINT quasar_telegrambot_news_pkey PRIMARY KEY (id);


--
-- Name: quasar_telegrambot_users_new quasar_telegrambot_users_new_pkey; Type: CONSTRAINT; Schema: public; Owner: apps
--

ALTER TABLE ONLY public.quasar_telegrambot_users_new
    ADD CONSTRAINT quasar_telegrambot_users_new_pkey PRIMARY KEY (id);


--
-- Name: quasar_telegrambot_users_new quasar_telegrambot_users_new_username_chat_id_key; Type: CONSTRAINT; Schema: public; Owner: apps
--

ALTER TABLE ONLY public.quasar_telegrambot_users_new
    ADD CONSTRAINT quasar_telegrambot_users_new_username_chat_id_key UNIQUE (username, chat_id);


--
-- Name: skypeleadfingerprints skypeleadfingerprints_pkey; Type: CONSTRAINT; Schema: public; Owner: apps
--

ALTER TABLE ONLY public.skypeleadfingerprints
    ADD CONSTRAINT skypeleadfingerprints_pkey PRIMARY KEY (id);


--
-- Name: marketings marketings_user_id_fkey; Type: FK CONSTRAINT; Schema: public; Owner: apps
--

ALTER TABLE ONLY public.marketings
    ADD CONSTRAINT marketings_user_id_fkey FOREIGN KEY (user_id) REFERENCES public.quasar_telegrambot_users_new(id);


--
-- Name: payments_history payments_history_user_id_fkey; Type: FK CONSTRAINT; Schema: public; Owner: apps
--

ALTER TABLE ONLY public.payments_history
    ADD CONSTRAINT payments_history_user_id_fkey FOREIGN KEY (user_id) REFERENCES public.quasar_telegrambot_users_new(id);


--
-- PostgreSQL database dump complete
--

