--
-- PostgreSQL database dump
--

-- Dumped from database version 12.6 (Ubuntu 12.6-0ubuntu0.20.04.1)
-- Dumped by pg_dump version 12.6 (Ubuntu 12.6-0ubuntu0.20.04.1)

SET statement_timeout = 0;
SET lock_timeout = 0;
SET idle_in_transaction_session_timeout = 0;
SET client_encoding = 'UTF8';
SET standard_conforming_strings = on;
SELECT pg_catalog.set_config('search_path', '', false);
SET check_function_bodies = false;
SET xmloption = content;
SET client_min_messages = warning;
SET row_security = off;

SET default_tablespace = '';

SET default_table_access_method = heap;

--
-- Name: marketings; Type: TABLE; Schema: public; Owner: apps
--

CREATE TABLE public.marketings (
    id integer NOT NULL,
    user_id integer,
    qcloud_pay timestamp without time zone,
    franchise_pay timestamp without time zone,
    message_pay timestamp without time zone,
    insta_comment_pay timestamp without time zone,
    insta_lead_pay timestamp without time zone,
    skype_lead_pay timestamp without time zone,
    skype_reg_pay timestamp without time zone,
    tele_lead_pay timestamp without time zone,
    vk_lead_pay timestamp without time zone,
    vk_reg_pay timestamp without time zone,
    insta_king_pay timestamp without time zone
);


ALTER TABLE public.marketings OWNER TO apps;

--
-- Name: marketings_id_seq; Type: SEQUENCE; Schema: public; Owner: apps
--

CREATE SEQUENCE public.marketings_id_seq
    AS integer
    START WITH 1
    INCREMENT BY 1
    NO MINVALUE
    NO MAXVALUE
    CACHE 1;


ALTER TABLE public.marketings_id_seq OWNER TO apps;

--
-- Name: marketings_id_seq; Type: SEQUENCE OWNED BY; Schema: public; Owner: apps
--

ALTER SEQUENCE public.marketings_id_seq OWNED BY public.marketings.id;


--
-- Name: payments_history; Type: TABLE; Schema: public; Owner: apps
--

CREATE TABLE public.payments_history (
    id integer NOT NULL,
    user_id integer,
    marketing text,
    amount numeric
);


ALTER TABLE public.payments_history OWNER TO apps;

--
-- Name: payments_history_id_seq; Type: SEQUENCE; Schema: public; Owner: apps
--

CREATE SEQUENCE public.payments_history_id_seq
    AS integer
    START WITH 1
    INCREMENT BY 1
    NO MINVALUE
    NO MAXVALUE
    CACHE 1;


ALTER TABLE public.payments_history_id_seq OWNER TO apps;

--
-- Name: payments_history_id_seq; Type: SEQUENCE OWNED BY; Schema: public; Owner: apps
--

ALTER SEQUENCE public.payments_history_id_seq OWNED BY public.payments_history.id;


--
-- Name: quasar_telegrambot_news; Type: TABLE; Schema: public; Owner: apps
--

CREATE TABLE public.quasar_telegrambot_news (
    id integer NOT NULL,
    text text,
    img_id text
);


ALTER TABLE public.quasar_telegrambot_news OWNER TO apps;

--
-- Name: quasar_telegrambot_news_id_seq; Type: SEQUENCE; Schema: public; Owner: apps
--

CREATE SEQUENCE public.quasar_telegrambot_news_id_seq
    AS integer
    START WITH 1
    INCREMENT BY 1
    NO MINVALUE
    NO MAXVALUE
    CACHE 1;


ALTER TABLE public.quasar_telegrambot_news_id_seq OWNER TO apps;

--
-- Name: quasar_telegrambot_news_id_seq; Type: SEQUENCE OWNED BY; Schema: public; Owner: apps
--

ALTER SEQUENCE public.quasar_telegrambot_news_id_seq OWNED BY public.quasar_telegrambot_news.id;


--
-- Name: quasar_telegrambot_posts; Type: TABLE; Schema: public; Owner: apps
--

CREATE TABLE public.quasar_telegrambot_posts (
    text text NOT NULL,
    base64_image bytea NOT NULL,
    created_datetime timestamp with time zone DEFAULT CURRENT_TIMESTAMP NOT NULL,
    post_datetime timestamp with time zone DEFAULT CURRENT_TIMESTAMP NOT NULL,
    id integer NOT NULL
);


ALTER TABLE public.quasar_telegrambot_posts OWNER TO apps;

--
-- Name: quasar_telegrambot_posts_dev; Type: TABLE; Schema: public; Owner: apps
--

CREATE TABLE public.quasar_telegrambot_posts_dev (
    text text,
    base64_image bytea,
    created_datetime timestamp with time zone,
    post_datetime timestamp with time zone,
    id integer
);


ALTER TABLE public.quasar_telegrambot_posts_dev OWNER TO apps;

--
-- Name: quasar_telegrambot_posts_id_seq; Type: SEQUENCE; Schema: public; Owner: apps
--

CREATE SEQUENCE public.quasar_telegrambot_posts_id_seq
    AS integer
    START WITH 1
    INCREMENT BY 1
    NO MINVALUE
    NO MAXVALUE
    CACHE 1;


ALTER TABLE public.quasar_telegrambot_posts_id_seq OWNER TO apps;

--
-- Name: quasar_telegrambot_posts_id_seq; Type: SEQUENCE OWNED BY; Schema: public; Owner: apps
--

ALTER SEQUENCE public.quasar_telegrambot_posts_id_seq OWNED BY public.quasar_telegrambot_posts.id;


--
-- Name: quasar_telegrambot_users_new; Type: TABLE; Schema: public; Owner: apps
--

CREATE TABLE public.quasar_telegrambot_users_new (
    username text,
    is_admin boolean,
    chat_id bigint,
    datetime timestamp with time zone,
    id integer NOT NULL,
    ref_id bigint,
    last_pay timestamp without time zone,
    sign text,
    checked boolean,
    gift_recived boolean DEFAULT false
);


ALTER TABLE public.quasar_telegrambot_users_new OWNER TO apps;

--
-- Name: quasar_telegrambot_users_new_id_seq; Type: SEQUENCE; Schema: public; Owner: apps
--

CREATE SEQUENCE public.quasar_telegrambot_users_new_id_seq
    AS integer
    START WITH 1
    INCREMENT BY 1
    NO MINVALUE
    NO MAXVALUE
    CACHE 1;


ALTER TABLE public.quasar_telegrambot_users_new_id_seq OWNER TO apps;

--
-- Name: quasar_telegrambot_users_new_id_seq; Type: SEQUENCE OWNED BY; Schema: public; Owner: apps
--

ALTER SEQUENCE public.quasar_telegrambot_users_new_id_seq OWNED BY public.quasar_telegrambot_users_new.id;


--
-- Name: skypeleadfingerprints; Type: TABLE; Schema: public; Owner: apps
--

CREATE TABLE public.skypeleadfingerprints (
    id integer NOT NULL,
    fingerprint text
);


ALTER TABLE public.skypeleadfingerprints OWNER TO apps;

--
-- Name: skypeleadfingerprints_id_seq; Type: SEQUENCE; Schema: public; Owner: apps
--

CREATE SEQUENCE public.skypeleadfingerprints_id_seq
    AS integer
    START WITH 1
    INCREMENT BY 1
    NO MINVALUE
    NO MAXVALUE
    CACHE 1;


ALTER TABLE public.skypeleadfingerprints_id_seq OWNER TO apps;

--
-- Name: skypeleadfingerprints_id_seq; Type: SEQUENCE OWNED BY; Schema: public; Owner: apps
--

ALTER SEQUENCE public.skypeleadfingerprints_id_seq OWNED BY public.skypeleadfingerprints.id;


--
-- Name: marketings id; Type: DEFAULT; Schema: public; Owner: apps
--

ALTER TABLE ONLY public.marketings ALTER COLUMN id SET DEFAULT nextval('public.marketings_id_seq'::regclass);


--
-- Name: payments_history id; Type: DEFAULT; Schema: public; Owner: apps
--

ALTER TABLE ONLY public.payments_history ALTER COLUMN id SET DEFAULT nextval('public.payments_history_id_seq'::regclass);


--
-- Name: quasar_telegrambot_news id; Type: DEFAULT; Schema: public; Owner: apps
--

ALTER TABLE ONLY public.quasar_telegrambot_news ALTER COLUMN id SET DEFAULT nextval('public.quasar_telegrambot_news_id_seq'::regclass);


--
-- Name: quasar_telegrambot_posts id; Type: DEFAULT; Schema: public; Owner: apps
--

ALTER TABLE ONLY public.quasar_telegrambot_posts ALTER COLUMN id SET DEFAULT nextval('public.quasar_telegrambot_posts_id_seq'::regclass);


--
-- Name: quasar_telegrambot_users_new id; Type: DEFAULT; Schema: public; Owner: apps
--

ALTER TABLE ONLY public.quasar_telegrambot_users_new ALTER COLUMN id SET DEFAULT nextval('public.quasar_telegrambot_users_new_id_seq'::regclass);


--
-- Name: skypeleadfingerprints id; Type: DEFAULT; Schema: public; Owner: apps
--

ALTER TABLE ONLY public.skypeleadfingerprints ALTER COLUMN id SET DEFAULT nextval('public.skypeleadfingerprints_id_seq'::regclass);


--
-- Data for Name: marketings; Type: TABLE DATA; Schema: public; Owner: apps
--

COPY public.marketings (id, user_id, qcloud_pay, franchise_pay, message_pay, insta_comment_pay, insta_lead_pay, skype_lead_pay, skype_reg_pay, tele_lead_pay, vk_lead_pay, vk_reg_pay, insta_king_pay) FROM stdin;
271	180	2021-05-22 23:08:47.882044	2021-05-22 23:08:47.882044	2021-05-22 23:08:47.882044	2021-05-22 23:08:47.882044	2021-05-22 23:08:47.882044	2021-05-22 23:08:47.882044	2021-05-22 23:08:47.882044	2021-05-22 23:08:47.882044	2021-05-22 23:08:47.882044	2021-05-22 23:08:47.882044	2021-05-22 23:08:47.882044
3	504	2021-05-22 23:08:47.882044	2021-05-22 23:08:47.882044	2021-05-22 23:08:47.882044	2021-05-22 23:08:47.882044	2021-05-22 23:08:47.882044	2021-05-22 23:08:47.882044	2021-05-22 23:08:47.882044	2021-05-22 23:08:47.882044	2021-05-22 23:08:47.882044	2021-05-22 23:08:47.882044	2021-05-22 23:08:47.882044
33	182	2021-05-22 23:08:47.882044	2021-05-22 23:08:47.882044	2021-05-22 23:08:47.882044	2021-05-22 23:08:47.882044	2021-05-22 23:08:47.882044	2021-05-22 23:08:47.882044	2021-05-22 23:08:47.882044	2021-05-22 23:08:47.882044	2021-05-22 23:08:47.882044	2021-05-22 23:08:47.882044	2021-05-22 23:08:47.882044
35	464	2021-05-22 23:08:47.882044	2021-05-22 23:08:47.882044	2021-05-22 23:08:47.882044	2021-05-22 23:08:47.882044	2021-05-22 23:08:47.882044	2021-05-22 23:08:47.882044	2021-05-22 23:08:47.882044	2021-05-22 23:08:47.882044	2021-05-22 23:08:47.882044	2021-05-22 23:08:47.882044	2021-05-22 23:08:47.882044
38	311	2021-05-22 23:08:47.882044	2021-05-22 23:08:47.882044	2021-05-22 23:08:47.882044	2021-05-22 23:08:47.882044	2021-05-22 23:08:47.882044	2021-05-22 23:08:47.882044	2021-05-22 23:08:47.882044	2021-05-22 23:08:47.882044	2021-05-22 23:08:47.882044	2021-05-22 23:08:47.882044	2021-05-22 23:08:47.882044
39	269	2021-05-22 23:08:47.882044	2021-05-22 23:08:47.882044	2021-05-22 23:08:47.882044	2021-05-22 23:08:47.882044	2021-05-22 23:08:47.882044	2021-05-22 23:08:47.882044	2021-05-22 23:08:47.882044	2021-05-22 23:08:47.882044	2021-05-22 23:08:47.882044	2021-05-22 23:08:47.882044	2021-05-22 23:08:47.882044
42	67	2021-05-22 23:08:47.882044	2021-05-22 23:08:47.882044	2021-05-22 23:08:47.882044	2021-05-22 23:08:47.882044	2021-05-22 23:08:47.882044	2021-05-22 23:08:47.882044	2021-05-22 23:08:47.882044	2021-05-22 23:08:47.882044	2021-05-22 23:08:47.882044	2021-05-22 23:08:47.882044	2021-05-22 23:08:47.882044
43	270	2021-05-22 23:08:47.882044	2021-05-22 23:08:47.882044	2021-05-22 23:08:47.882044	2021-05-22 23:08:47.882044	2021-05-22 23:08:47.882044	2021-05-22 23:08:47.882044	2021-05-22 23:08:47.882044	2021-05-22 23:08:47.882044	2021-05-22 23:08:47.882044	2021-05-22 23:08:47.882044	2021-05-22 23:08:47.882044
45	277	2021-05-22 23:08:47.882044	2021-05-22 23:08:47.882044	2021-05-22 23:08:47.882044	2021-05-22 23:08:47.882044	2021-05-22 23:08:47.882044	2021-05-22 23:08:47.882044	2021-05-22 23:08:47.882044	2021-05-22 23:08:47.882044	2021-05-22 23:08:47.882044	2021-05-22 23:08:47.882044	2021-05-22 23:08:47.882044
47	273	2021-05-22 23:08:47.882044	2021-05-22 23:08:47.882044	2021-05-22 23:08:47.882044	2021-05-22 23:08:47.882044	2021-05-22 23:08:47.882044	2021-05-22 23:08:47.882044	2021-05-22 23:08:47.882044	2021-05-22 23:08:47.882044	2021-05-22 23:08:47.882044	2021-05-22 23:08:47.882044	2021-05-22 23:08:47.882044
48	90	2021-05-22 23:08:47.882044	2021-05-22 23:08:47.882044	2021-05-22 23:08:47.882044	2021-05-22 23:08:47.882044	2021-05-22 23:08:47.882044	2021-05-22 23:08:47.882044	2021-05-22 23:08:47.882044	2021-05-22 23:08:47.882044	2021-05-22 23:08:47.882044	2021-05-22 23:08:47.882044	2021-05-22 23:08:47.882044
53	463	2021-05-22 23:08:47.882044	2021-05-22 23:08:47.882044	2021-05-22 23:08:47.882044	2021-05-22 23:08:47.882044	2021-05-22 23:08:47.882044	2021-05-22 23:08:47.882044	2021-05-22 23:08:47.882044	2021-05-22 23:08:47.882044	2021-05-22 23:08:47.882044	2021-05-22 23:08:47.882044	2021-05-22 23:08:47.882044
54	32	2021-05-22 23:08:47.882044	2021-05-22 23:08:47.882044	2021-05-22 23:08:47.882044	2021-05-22 23:08:47.882044	2021-05-22 23:08:47.882044	2021-05-22 23:08:47.882044	2021-05-22 23:08:47.882044	2021-05-22 23:08:47.882044	2021-05-22 23:08:47.882044	2021-05-22 23:08:47.882044	2021-05-22 23:08:47.882044
55	81	2021-05-22 23:08:47.882044	2021-05-22 23:08:47.882044	2021-05-22 23:08:47.882044	2021-05-22 23:08:47.882044	2021-05-22 23:08:47.882044	2021-05-22 23:08:47.882044	2021-05-22 23:08:47.882044	2021-05-22 23:08:47.882044	2021-05-22 23:08:47.882044	2021-05-22 23:08:47.882044	2021-05-22 23:08:47.882044
56	47	2021-05-22 23:08:47.882044	2021-05-22 23:08:47.882044	2021-05-22 23:08:47.882044	2021-05-22 23:08:47.882044	2021-05-22 23:08:47.882044	2021-05-22 23:08:47.882044	2021-05-22 23:08:47.882044	2021-05-22 23:08:47.882044	2021-05-22 23:08:47.882044	2021-05-22 23:08:47.882044	2021-05-22 23:08:47.882044
58	27	2021-05-22 23:08:47.882044	2021-05-22 23:08:47.882044	2021-05-22 23:08:47.882044	2021-05-22 23:08:47.882044	2021-05-22 23:08:47.882044	2021-05-22 23:08:47.882044	2021-05-22 23:08:47.882044	2021-05-22 23:08:47.882044	2021-05-22 23:08:47.882044	2021-05-22 23:08:47.882044	2021-05-22 23:08:47.882044
59	5	2021-05-22 23:08:47.882044	2021-05-22 23:08:47.882044	2021-05-22 23:08:47.882044	2021-05-22 23:08:47.882044	2021-05-22 23:08:47.882044	2021-05-22 23:08:47.882044	2021-05-22 23:08:47.882044	2021-05-22 23:08:47.882044	2021-05-22 23:08:47.882044	2021-05-22 23:08:47.882044	2021-05-22 23:08:47.882044
60	45	2021-05-22 23:08:47.882044	2021-05-22 23:08:47.882044	2021-05-22 23:08:47.882044	2021-05-22 23:08:47.882044	2021-05-22 23:08:47.882044	2021-05-22 23:08:47.882044	2021-05-22 23:08:47.882044	2021-05-22 23:08:47.882044	2021-05-22 23:08:47.882044	2021-05-22 23:08:47.882044	2021-05-22 23:08:47.882044
61	23	2021-05-22 23:08:47.882044	2021-05-22 23:08:47.882044	2021-05-22 23:08:47.882044	2021-05-22 23:08:47.882044	2021-05-22 23:08:47.882044	2021-05-22 23:08:47.882044	2021-05-22 23:08:47.882044	2021-05-22 23:08:47.882044	2021-05-22 23:08:47.882044	2021-05-22 23:08:47.882044	2021-05-22 23:08:47.882044
62	14	2021-05-22 23:08:47.882044	2021-05-22 23:08:47.882044	2021-05-22 23:08:47.882044	2021-05-22 23:08:47.882044	2021-05-22 23:08:47.882044	2021-05-22 23:08:47.882044	2021-05-22 23:08:47.882044	2021-05-22 23:08:47.882044	2021-05-22 23:08:47.882044	2021-05-22 23:08:47.882044	2021-05-22 23:08:47.882044
63	179	2021-05-22 23:08:47.882044	2021-05-22 23:08:47.882044	2021-05-22 23:08:47.882044	2021-05-22 23:08:47.882044	2021-05-22 23:08:47.882044	2021-05-22 23:08:47.882044	2021-05-22 23:08:47.882044	2021-05-22 23:08:47.882044	2021-05-22 23:08:47.882044	2021-05-22 23:08:47.882044	2021-05-22 23:08:47.882044
64	95	2021-05-22 23:08:47.882044	2021-05-22 23:08:47.882044	2021-05-22 23:08:47.882044	2021-05-22 23:08:47.882044	2021-05-22 23:08:47.882044	2021-05-22 23:08:47.882044	2021-05-22 23:08:47.882044	2021-05-22 23:08:47.882044	2021-05-22 23:08:47.882044	2021-05-22 23:08:47.882044	2021-05-22 23:08:47.882044
66	199	2021-05-22 23:08:47.882044	2021-05-22 23:08:47.882044	2021-05-22 23:08:47.882044	2021-05-22 23:08:47.882044	2021-05-22 23:08:47.882044	2021-05-22 23:08:47.882044	2021-05-22 23:08:47.882044	2021-05-22 23:08:47.882044	2021-05-22 23:08:47.882044	2021-05-22 23:08:47.882044	2021-05-22 23:08:47.882044
68	272	2021-05-22 23:08:47.882044	2021-05-22 23:08:47.882044	2021-05-22 23:08:47.882044	2021-05-22 23:08:47.882044	2021-05-22 23:08:47.882044	2021-05-22 23:08:47.882044	2021-05-22 23:08:47.882044	2021-05-22 23:08:47.882044	2021-05-22 23:08:47.882044	2021-05-22 23:08:47.882044	2021-05-22 23:08:47.882044
69	189	2021-05-22 23:08:47.882044	2021-05-22 23:08:47.882044	2021-05-22 23:08:47.882044	2021-05-22 23:08:47.882044	2021-05-22 23:08:47.882044	2021-05-22 23:08:47.882044	2021-05-22 23:08:47.882044	2021-05-22 23:08:47.882044	2021-05-22 23:08:47.882044	2021-05-22 23:08:47.882044	2021-05-22 23:08:47.882044
70	275	2021-05-22 23:08:47.882044	2021-05-22 23:08:47.882044	2021-05-22 23:08:47.882044	2021-05-22 23:08:47.882044	2021-05-22 23:08:47.882044	2021-05-22 23:08:47.882044	2021-05-22 23:08:47.882044	2021-05-22 23:08:47.882044	2021-05-22 23:08:47.882044	2021-05-22 23:08:47.882044	2021-05-22 23:08:47.882044
72	266	2021-05-22 23:08:47.882044	2021-05-22 23:08:47.882044	2021-05-22 23:08:47.882044	2021-05-22 23:08:47.882044	2021-05-22 23:08:47.882044	2021-05-22 23:08:47.882044	2021-05-22 23:08:47.882044	2021-05-22 23:08:47.882044	2021-05-22 23:08:47.882044	2021-05-22 23:08:47.882044	2021-05-22 23:08:47.882044
73	33	2021-05-22 23:08:47.882044	2021-05-22 23:08:47.882044	2021-05-22 23:08:47.882044	2021-05-22 23:08:47.882044	2021-05-22 23:08:47.882044	2021-05-22 23:08:47.882044	2021-05-22 23:08:47.882044	2021-05-22 23:08:47.882044	2021-05-22 23:08:47.882044	2021-05-22 23:08:47.882044	2021-05-22 23:08:47.882044
74	240	2021-05-22 23:08:47.882044	2021-05-22 23:08:47.882044	2021-05-22 23:08:47.882044	2021-05-22 23:08:47.882044	2021-05-22 23:08:47.882044	2021-05-22 23:08:47.882044	2021-05-22 23:08:47.882044	2021-05-22 23:08:47.882044	2021-05-22 23:08:47.882044	2021-05-22 23:08:47.882044	2021-05-22 23:08:47.882044
75	107	2021-05-22 23:08:47.882044	2021-05-22 23:08:47.882044	2021-05-22 23:08:47.882044	2021-05-22 23:08:47.882044	2021-05-22 23:08:47.882044	2021-05-22 23:08:47.882044	2021-05-22 23:08:47.882044	2021-05-22 23:08:47.882044	2021-05-22 23:08:47.882044	2021-05-22 23:08:47.882044	2021-05-22 23:08:47.882044
76	159	2021-05-22 23:08:47.882044	2021-05-22 23:08:47.882044	2021-05-22 23:08:47.882044	2021-05-22 23:08:47.882044	2021-05-22 23:08:47.882044	2021-05-22 23:08:47.882044	2021-05-22 23:08:47.882044	2021-05-22 23:08:47.882044	2021-05-22 23:08:47.882044	2021-05-22 23:08:47.882044	2021-05-22 23:08:47.882044
77	24	2021-05-22 23:08:47.882044	2021-05-22 23:08:47.882044	2021-05-22 23:08:47.882044	2021-05-22 23:08:47.882044	2021-05-22 23:08:47.882044	2021-05-22 23:08:47.882044	2021-05-22 23:08:47.882044	2021-05-22 23:08:47.882044	2021-05-22 23:08:47.882044	2021-05-22 23:08:47.882044	2021-05-22 23:08:47.882044
79	29	2021-05-22 23:08:47.882044	2021-05-22 23:08:47.882044	2021-05-22 23:08:47.882044	2021-05-22 23:08:47.882044	2021-05-22 23:08:47.882044	2021-05-22 23:08:47.882044	2021-05-22 23:08:47.882044	2021-05-22 23:08:47.882044	2021-05-22 23:08:47.882044	2021-05-22 23:08:47.882044	2021-05-22 23:08:47.882044
80	30	2021-05-22 23:08:47.882044	2021-05-22 23:08:47.882044	2021-05-22 23:08:47.882044	2021-05-22 23:08:47.882044	2021-05-22 23:08:47.882044	2021-05-22 23:08:47.882044	2021-05-22 23:08:47.882044	2021-05-22 23:08:47.882044	2021-05-22 23:08:47.882044	2021-05-22 23:08:47.882044	2021-05-22 23:08:47.882044
81	46	2021-05-22 23:08:47.882044	2021-05-22 23:08:47.882044	2021-05-22 23:08:47.882044	2021-05-22 23:08:47.882044	2021-05-22 23:08:47.882044	2021-05-22 23:08:47.882044	2021-05-22 23:08:47.882044	2021-05-22 23:08:47.882044	2021-05-22 23:08:47.882044	2021-05-22 23:08:47.882044	2021-05-22 23:08:47.882044
83	208	2021-05-22 23:08:47.882044	2021-05-22 23:08:47.882044	2021-05-22 23:08:47.882044	2021-05-22 23:08:47.882044	2021-05-22 23:08:47.882044	2021-05-22 23:08:47.882044	2021-05-22 23:08:47.882044	2021-05-22 23:08:47.882044	2021-05-22 23:08:47.882044	2021-05-22 23:08:47.882044	2021-05-22 23:08:47.882044
85	130	2021-05-22 23:08:47.882044	2021-05-22 23:08:47.882044	2021-05-22 23:08:47.882044	2021-05-22 23:08:47.882044	2021-05-22 23:08:47.882044	2021-05-22 23:08:47.882044	2021-05-22 23:08:47.882044	2021-05-22 23:08:47.882044	2021-05-22 23:08:47.882044	2021-05-22 23:08:47.882044	2021-05-22 23:08:47.882044
86	177	2021-05-22 23:08:47.882044	2021-05-22 23:08:47.882044	2021-05-22 23:08:47.882044	2021-05-22 23:08:47.882044	2021-05-22 23:08:47.882044	2021-05-22 23:08:47.882044	2021-05-22 23:08:47.882044	2021-05-22 23:08:47.882044	2021-05-22 23:08:47.882044	2021-05-22 23:08:47.882044	2021-05-22 23:08:47.882044
87	271	2021-05-22 23:08:47.882044	2021-05-22 23:08:47.882044	2021-05-22 23:08:47.882044	2021-05-22 23:08:47.882044	2021-05-22 23:08:47.882044	2021-05-22 23:08:47.882044	2021-05-22 23:08:47.882044	2021-05-22 23:08:47.882044	2021-05-22 23:08:47.882044	2021-05-22 23:08:47.882044	2021-05-22 23:08:47.882044
89	80	2021-05-22 23:08:47.882044	2021-05-22 23:08:47.882044	2021-05-22 23:08:47.882044	2021-05-22 23:08:47.882044	2021-05-22 23:08:47.882044	2021-05-22 23:08:47.882044	2021-05-22 23:08:47.882044	2021-05-22 23:08:47.882044	2021-05-22 23:08:47.882044	2021-05-22 23:08:47.882044	2021-05-22 23:08:47.882044
91	53	2021-05-22 23:08:47.882044	2021-05-22 23:08:47.882044	2021-05-22 23:08:47.882044	2021-05-22 23:08:47.882044	2021-05-22 23:08:47.882044	2021-05-22 23:08:47.882044	2021-05-22 23:08:47.882044	2021-05-22 23:08:47.882044	2021-05-22 23:08:47.882044	2021-05-22 23:08:47.882044	2021-05-22 23:08:47.882044
92	78	2021-05-22 23:08:47.882044	2021-05-22 23:08:47.882044	2021-05-22 23:08:47.882044	2021-05-22 23:08:47.882044	2021-05-22 23:08:47.882044	2021-05-22 23:08:47.882044	2021-05-22 23:08:47.882044	2021-05-22 23:08:47.882044	2021-05-22 23:08:47.882044	2021-05-22 23:08:47.882044	2021-05-22 23:08:47.882044
93	83	2021-05-22 23:08:47.882044	2021-05-22 23:08:47.882044	2021-05-22 23:08:47.882044	2021-05-22 23:08:47.882044	2021-05-22 23:08:47.882044	2021-05-22 23:08:47.882044	2021-05-22 23:08:47.882044	2021-05-22 23:08:47.882044	2021-05-22 23:08:47.882044	2021-05-22 23:08:47.882044	2021-05-22 23:08:47.882044
94	85	2021-05-22 23:08:47.882044	2021-05-22 23:08:47.882044	2021-05-22 23:08:47.882044	2021-05-22 23:08:47.882044	2021-05-22 23:08:47.882044	2021-05-22 23:08:47.882044	2021-05-22 23:08:47.882044	2021-05-22 23:08:47.882044	2021-05-22 23:08:47.882044	2021-05-22 23:08:47.882044	2021-05-22 23:08:47.882044
96	93	2021-05-22 23:08:47.882044	2021-05-22 23:08:47.882044	2021-05-22 23:08:47.882044	2021-05-22 23:08:47.882044	2021-05-22 23:08:47.882044	2021-05-22 23:08:47.882044	2021-05-22 23:08:47.882044	2021-05-22 23:08:47.882044	2021-05-22 23:08:47.882044	2021-05-22 23:08:47.882044	2021-05-22 23:08:47.882044
97	56	2021-05-22 23:08:47.882044	2021-05-22 23:08:47.882044	2021-05-22 23:08:47.882044	2021-05-22 23:08:47.882044	2021-05-22 23:08:47.882044	2021-05-22 23:08:47.882044	2021-05-22 23:08:47.882044	2021-05-22 23:08:47.882044	2021-05-22 23:08:47.882044	2021-05-22 23:08:47.882044	2021-05-22 23:08:47.882044
101	125	2021-05-22 23:08:47.882044	2021-05-22 23:08:47.882044	2021-05-22 23:08:47.882044	2021-05-22 23:08:47.882044	2021-05-22 23:08:47.882044	2021-05-22 23:08:47.882044	2021-05-22 23:08:47.882044	2021-05-22 23:08:47.882044	2021-05-22 23:08:47.882044	2021-05-22 23:08:47.882044	2021-05-22 23:08:47.882044
102	108	2021-05-22 23:08:47.882044	2021-05-22 23:08:47.882044	2021-05-22 23:08:47.882044	2021-05-22 23:08:47.882044	2021-05-22 23:08:47.882044	2021-05-22 23:08:47.882044	2021-05-22 23:08:47.882044	2021-05-22 23:08:47.882044	2021-05-22 23:08:47.882044	2021-05-22 23:08:47.882044	2021-05-22 23:08:47.882044
103	110	2021-05-22 23:08:47.882044	2021-05-22 23:08:47.882044	2021-05-22 23:08:47.882044	2021-05-22 23:08:47.882044	2021-05-22 23:08:47.882044	2021-05-22 23:08:47.882044	2021-05-22 23:08:47.882044	2021-05-22 23:08:47.882044	2021-05-22 23:08:47.882044	2021-05-22 23:08:47.882044	2021-05-22 23:08:47.882044
104	111	2021-05-22 23:08:47.882044	2021-05-22 23:08:47.882044	2021-05-22 23:08:47.882044	2021-05-22 23:08:47.882044	2021-05-22 23:08:47.882044	2021-05-22 23:08:47.882044	2021-05-22 23:08:47.882044	2021-05-22 23:08:47.882044	2021-05-22 23:08:47.882044	2021-05-22 23:08:47.882044	2021-05-22 23:08:47.882044
106	115	2021-05-22 23:08:47.882044	2021-05-22 23:08:47.882044	2021-05-22 23:08:47.882044	2021-05-22 23:08:47.882044	2021-05-22 23:08:47.882044	2021-05-22 23:08:47.882044	2021-05-22 23:08:47.882044	2021-05-22 23:08:47.882044	2021-05-22 23:08:47.882044	2021-05-22 23:08:47.882044	2021-05-22 23:08:47.882044
107	117	2021-05-22 23:08:47.882044	2021-05-22 23:08:47.882044	2021-05-22 23:08:47.882044	2021-05-22 23:08:47.882044	2021-05-22 23:08:47.882044	2021-05-22 23:08:47.882044	2021-05-22 23:08:47.882044	2021-05-22 23:08:47.882044	2021-05-22 23:08:47.882044	2021-05-22 23:08:47.882044	2021-05-22 23:08:47.882044
108	118	2021-05-22 23:08:47.882044	2021-05-22 23:08:47.882044	2021-05-22 23:08:47.882044	2021-05-22 23:08:47.882044	2021-05-22 23:08:47.882044	2021-05-22 23:08:47.882044	2021-05-22 23:08:47.882044	2021-05-22 23:08:47.882044	2021-05-22 23:08:47.882044	2021-05-22 23:08:47.882044	2021-05-22 23:08:47.882044
21	257	2021-05-22 23:08:47.882044	2021-05-22 23:08:47.882044	2021-05-22 23:08:47.882044	2021-05-22 23:08:47.882044	2021-05-22 23:08:47.882044	2021-05-22 23:08:47.882044	2021-05-22 23:08:47.882044	2021-05-22 23:08:47.882044	2021-05-22 23:08:47.882044	2021-05-22 23:08:47.882044	2021-05-22 23:08:47.882044
26	\N	2021-05-22 23:08:47.882044	2021-05-22 23:08:47.882044	2021-05-22 23:08:47.882044	2021-05-22 23:08:47.882044	2021-05-22 23:08:47.882044	2021-05-22 23:08:47.882044	2021-05-22 23:08:47.882044	2021-05-22 23:08:47.882044	2021-05-22 23:08:47.882044	2021-05-22 23:08:47.882044	2021-05-22 23:08:47.882044
228	274	2021-05-22 23:08:47.882044	2021-05-22 23:08:47.882044	2021-05-22 23:08:47.882044	2021-05-22 23:08:47.882044	2021-05-22 23:08:47.882044	2021-05-22 23:08:47.882044	2021-05-22 23:08:47.882044	2021-05-22 23:08:47.882044	2021-05-22 23:08:47.882044	2021-05-22 23:08:47.882044	2021-05-22 23:08:47.882044
230	202	2021-05-22 23:08:47.882044	2021-05-22 23:08:47.882044	2021-05-22 23:08:47.882044	2021-05-22 23:08:47.882044	2021-05-22 23:08:47.882044	2021-05-22 23:08:47.882044	2021-05-22 23:08:47.882044	2021-05-22 23:08:47.882044	2021-05-22 23:08:47.882044	2021-05-22 23:08:47.882044	2021-05-22 23:08:47.882044
231	169	2021-05-22 23:08:47.882044	2021-05-22 23:08:47.882044	2021-05-22 23:08:47.882044	2021-05-22 23:08:47.882044	2021-05-22 23:08:47.882044	2021-05-22 23:08:47.882044	2021-05-22 23:08:47.882044	2021-05-22 23:08:47.882044	2021-05-22 23:08:47.882044	2021-05-22 23:08:47.882044	2021-05-22 23:08:47.882044
233	358	2021-05-22 23:08:47.882044	2021-05-22 23:08:47.882044	2021-05-22 23:08:47.882044	2021-05-22 23:08:47.882044	2021-05-22 23:08:47.882044	2021-05-22 23:08:47.882044	2021-05-22 23:08:47.882044	2021-05-22 23:08:47.882044	2021-05-22 23:08:47.882044	2021-05-22 23:08:47.882044	2021-05-22 23:08:47.882044
234	61	2021-05-22 23:08:47.882044	2021-05-22 23:08:47.882044	2021-05-22 23:08:47.882044	2021-05-22 23:08:47.882044	2021-05-22 23:08:47.882044	2021-05-22 23:08:47.882044	2021-05-22 23:08:47.882044	2021-05-22 23:08:47.882044	2021-05-22 23:08:47.882044	2021-05-22 23:08:47.882044	2021-05-22 23:08:47.882044
235	152	2021-05-22 23:08:47.882044	2021-05-22 23:08:47.882044	2021-05-22 23:08:47.882044	2021-05-22 23:08:47.882044	2021-05-22 23:08:47.882044	2021-05-22 23:08:47.882044	2021-05-22 23:08:47.882044	2021-05-22 23:08:47.882044	2021-05-22 23:08:47.882044	2021-05-22 23:08:47.882044	2021-05-22 23:08:47.882044
236	227	2021-05-22 23:08:47.882044	2021-05-22 23:08:47.882044	2021-05-22 23:08:47.882044	2021-05-22 23:08:47.882044	2021-05-22 23:08:47.882044	2021-05-22 23:08:47.882044	2021-05-22 23:08:47.882044	2021-05-22 23:08:47.882044	2021-05-22 23:08:47.882044	2021-05-22 23:08:47.882044	2021-05-22 23:08:47.882044
237	168	2021-05-22 23:08:47.882044	2021-05-22 23:08:47.882044	2021-05-22 23:08:47.882044	2021-05-22 23:08:47.882044	2021-05-22 23:08:47.882044	2021-05-22 23:08:47.882044	2021-05-22 23:08:47.882044	2021-05-22 23:08:47.882044	2021-05-22 23:08:47.882044	2021-05-22 23:08:47.882044	2021-05-22 23:08:47.882044
241	25	2021-05-22 23:08:47.882044	2021-05-22 23:08:47.882044	2021-05-22 23:08:47.882044	2021-05-22 23:08:47.882044	2021-05-22 23:08:47.882044	2021-05-22 23:08:47.882044	2021-05-22 23:08:47.882044	2021-05-22 23:08:47.882044	2021-05-22 23:08:47.882044	2021-05-22 23:08:47.882044	2021-05-22 23:08:47.882044
242	122	2021-05-22 23:08:47.882044	2021-05-22 23:08:47.882044	2021-05-22 23:08:47.882044	2021-05-22 23:08:47.882044	2021-05-22 23:08:47.882044	2021-05-22 23:08:47.882044	2021-05-22 23:08:47.882044	2021-05-22 23:08:47.882044	2021-05-22 23:08:47.882044	2021-05-22 23:08:47.882044	2021-05-22 23:08:47.882044
244	42	2021-05-22 23:08:47.882044	2021-05-22 23:08:47.882044	2021-05-22 23:08:47.882044	2021-05-22 23:08:47.882044	2021-05-22 23:08:47.882044	2021-05-22 23:08:47.882044	2021-05-22 23:08:47.882044	2021-05-22 23:08:47.882044	2021-05-22 23:08:47.882044	2021-05-22 23:08:47.882044	2021-05-22 23:08:47.882044
245	296	2021-05-22 23:08:47.882044	2021-05-22 23:08:47.882044	2021-05-22 23:08:47.882044	2021-05-22 23:08:47.882044	2021-05-22 23:08:47.882044	2021-05-22 23:08:47.882044	2021-05-22 23:08:47.882044	2021-05-22 23:08:47.882044	2021-05-22 23:08:47.882044	2021-05-22 23:08:47.882044	2021-05-22 23:08:47.882044
9	11	2021-05-22 23:08:47.882044	2021-05-22 23:08:47.882044	2021-05-22 23:08:47.882044	2021-05-22 23:08:47.882044	2021-05-22 23:08:47.882044	2021-05-22 23:08:47.882044	2021-05-22 23:08:47.882044	2021-05-22 23:08:47.882044	2021-05-22 23:08:47.882044	2021-05-22 23:08:47.882044	2021-05-22 23:08:47.882044
10	10	2021-05-22 23:08:47.882044	2021-05-22 23:08:47.882044	2021-05-22 23:08:47.882044	2021-05-22 23:08:47.882044	2021-05-22 23:08:47.882044	2021-05-22 23:08:47.882044	2021-05-22 23:08:47.882044	2021-05-22 23:08:47.882044	2021-05-22 23:08:47.882044	2021-05-22 23:08:47.882044	2021-05-22 23:08:47.882044
11	62	2021-05-22 23:08:47.882044	2021-05-22 23:08:47.882044	2021-05-22 23:08:47.882044	2021-05-22 23:08:47.882044	2021-05-22 23:08:47.882044	2021-05-22 23:08:47.882044	2021-05-22 23:08:47.882044	2021-05-22 23:08:47.882044	2021-05-22 23:08:47.882044	2021-05-22 23:08:47.882044	2021-05-22 23:08:47.882044
12	57	2021-05-22 23:08:47.882044	2021-05-22 23:08:47.882044	2021-05-22 23:08:47.882044	2021-05-22 23:08:47.882044	2021-05-22 23:08:47.882044	2021-05-22 23:08:47.882044	2021-05-22 23:08:47.882044	2021-05-22 23:08:47.882044	2021-05-22 23:08:47.882044	2021-05-22 23:08:47.882044	2021-05-22 23:08:47.882044
14	516	2021-05-22 23:08:47.882044	2021-05-22 23:08:47.882044	2021-05-22 23:08:47.882044	2021-05-22 23:08:47.882044	2021-05-22 23:08:47.882044	2021-05-22 23:08:47.882044	2021-05-22 23:08:47.882044	2021-05-22 23:08:47.882044	2021-05-22 23:08:47.882044	2021-05-22 23:08:47.882044	2021-05-22 23:08:47.882044
17	380	2021-05-22 23:08:47.882044	2021-05-22 23:08:47.882044	2021-05-22 23:08:47.882044	2021-05-22 23:08:47.882044	2021-05-22 23:08:47.882044	2021-05-22 23:08:47.882044	2021-05-22 23:08:47.882044	2021-05-22 23:08:47.882044	2021-05-22 23:08:47.882044	2021-05-22 23:08:47.882044	2021-05-22 23:08:47.882044
19	505	2021-05-22 23:08:47.882044	2021-05-22 23:08:47.882044	2021-05-22 23:08:47.882044	2021-05-22 23:08:47.882044	2021-05-22 23:08:47.882044	2021-05-22 23:08:47.882044	2021-05-22 23:08:47.882044	2021-05-22 23:08:47.882044	2021-05-22 23:08:47.882044	2021-05-22 23:08:47.882044	2021-05-22 23:08:47.882044
22	321	2021-05-22 23:08:47.882044	2021-05-22 23:08:47.882044	2021-05-22 23:08:47.882044	2021-05-22 23:08:47.882044	2021-05-22 23:08:47.882044	2021-05-22 23:08:47.882044	2021-05-22 23:08:47.882044	2021-05-22 23:08:47.882044	2021-05-22 23:08:47.882044	2021-05-22 23:08:47.882044	2021-05-22 23:08:47.882044
25	315	2021-05-22 23:08:47.882044	2021-05-22 23:08:47.882044	2021-05-22 23:08:47.882044	2021-05-22 23:08:47.882044	2021-05-22 23:08:47.882044	2021-05-22 23:08:47.882044	2021-05-22 23:08:47.882044	2021-05-22 23:08:47.882044	2021-05-22 23:08:47.882044	2021-05-22 23:08:47.882044	2021-05-22 23:08:47.882044
27	456	2021-05-22 23:08:47.882044	2021-05-22 23:08:47.882044	2021-05-22 23:08:47.882044	2021-05-22 23:08:47.882044	2021-05-22 23:08:47.882044	2021-05-22 23:08:47.882044	2021-05-22 23:08:47.882044	2021-05-22 23:08:47.882044	2021-05-22 23:08:47.882044	2021-05-22 23:08:47.882044	2021-05-22 23:08:47.882044
28	284	2021-05-22 23:08:47.882044	2021-05-22 23:08:47.882044	2021-05-22 23:08:47.882044	2021-05-22 23:08:47.882044	2021-05-22 23:08:47.882044	2021-05-22 23:08:47.882044	2021-05-22 23:08:47.882044	2021-05-22 23:08:47.882044	2021-05-22 23:08:47.882044	2021-05-22 23:08:47.882044	2021-05-22 23:08:47.882044
109	119	2021-05-22 23:08:47.882044	2021-05-22 23:08:47.882044	2021-05-22 23:08:47.882044	2021-05-22 23:08:47.882044	2021-05-22 23:08:47.882044	2021-05-22 23:08:47.882044	2021-05-22 23:08:47.882044	2021-05-22 23:08:47.882044	2021-05-22 23:08:47.882044	2021-05-22 23:08:47.882044	2021-05-22 23:08:47.882044
110	121	2021-05-22 23:08:47.882044	2021-05-22 23:08:47.882044	2021-05-22 23:08:47.882044	2021-05-22 23:08:47.882044	2021-05-22 23:08:47.882044	2021-05-22 23:08:47.882044	2021-05-22 23:08:47.882044	2021-05-22 23:08:47.882044	2021-05-22 23:08:47.882044	2021-05-22 23:08:47.882044	2021-05-22 23:08:47.882044
111	101	2021-05-22 23:08:47.882044	2021-05-22 23:08:47.882044	2021-05-22 23:08:47.882044	2021-05-22 23:08:47.882044	2021-05-22 23:08:47.882044	2021-05-22 23:08:47.882044	2021-05-22 23:08:47.882044	2021-05-22 23:08:47.882044	2021-05-22 23:08:47.882044	2021-05-22 23:08:47.882044	2021-05-22 23:08:47.882044
112	123	2021-05-22 23:08:47.882044	2021-05-22 23:08:47.882044	2021-05-22 23:08:47.882044	2021-05-22 23:08:47.882044	2021-05-22 23:08:47.882044	2021-05-22 23:08:47.882044	2021-05-22 23:08:47.882044	2021-05-22 23:08:47.882044	2021-05-22 23:08:47.882044	2021-05-22 23:08:47.882044	2021-05-22 23:08:47.882044
113	124	2021-05-22 23:08:47.882044	2021-05-22 23:08:47.882044	2021-05-22 23:08:47.882044	2021-05-22 23:08:47.882044	2021-05-22 23:08:47.882044	2021-05-22 23:08:47.882044	2021-05-22 23:08:47.882044	2021-05-22 23:08:47.882044	2021-05-22 23:08:47.882044	2021-05-22 23:08:47.882044	2021-05-22 23:08:47.882044
115	142	2021-05-22 23:08:47.882044	2021-05-22 23:08:47.882044	2021-05-22 23:08:47.882044	2021-05-22 23:08:47.882044	2021-05-22 23:08:47.882044	2021-05-22 23:08:47.882044	2021-05-22 23:08:47.882044	2021-05-22 23:08:47.882044	2021-05-22 23:08:47.882044	2021-05-22 23:08:47.882044	2021-05-22 23:08:47.882044
116	143	2021-05-22 23:08:47.882044	2021-05-22 23:08:47.882044	2021-05-22 23:08:47.882044	2021-05-22 23:08:47.882044	2021-05-22 23:08:47.882044	2021-05-22 23:08:47.882044	2021-05-22 23:08:47.882044	2021-05-22 23:08:47.882044	2021-05-22 23:08:47.882044	2021-05-22 23:08:47.882044	2021-05-22 23:08:47.882044
118	146	2021-05-22 23:08:47.882044	2021-05-22 23:08:47.882044	2021-05-22 23:08:47.882044	2021-05-22 23:08:47.882044	2021-05-22 23:08:47.882044	2021-05-22 23:08:47.882044	2021-05-22 23:08:47.882044	2021-05-22 23:08:47.882044	2021-05-22 23:08:47.882044	2021-05-22 23:08:47.882044	2021-05-22 23:08:47.882044
119	147	2021-05-22 23:08:47.882044	2021-05-22 23:08:47.882044	2021-05-22 23:08:47.882044	2021-05-22 23:08:47.882044	2021-05-22 23:08:47.882044	2021-05-22 23:08:47.882044	2021-05-22 23:08:47.882044	2021-05-22 23:08:47.882044	2021-05-22 23:08:47.882044	2021-05-22 23:08:47.882044	2021-05-22 23:08:47.882044
120	148	2021-05-22 23:08:47.882044	2021-05-22 23:08:47.882044	2021-05-22 23:08:47.882044	2021-05-22 23:08:47.882044	2021-05-22 23:08:47.882044	2021-05-22 23:08:47.882044	2021-05-22 23:08:47.882044	2021-05-22 23:08:47.882044	2021-05-22 23:08:47.882044	2021-05-22 23:08:47.882044	2021-05-22 23:08:47.882044
121	149	2021-05-22 23:08:47.882044	2021-05-22 23:08:47.882044	2021-05-22 23:08:47.882044	2021-05-22 23:08:47.882044	2021-05-22 23:08:47.882044	2021-05-22 23:08:47.882044	2021-05-22 23:08:47.882044	2021-05-22 23:08:47.882044	2021-05-22 23:08:47.882044	2021-05-22 23:08:47.882044	2021-05-22 23:08:47.882044
122	151	2021-05-22 23:08:47.882044	2021-05-22 23:08:47.882044	2021-05-22 23:08:47.882044	2021-05-22 23:08:47.882044	2021-05-22 23:08:47.882044	2021-05-22 23:08:47.882044	2021-05-22 23:08:47.882044	2021-05-22 23:08:47.882044	2021-05-22 23:08:47.882044	2021-05-22 23:08:47.882044	2021-05-22 23:08:47.882044
29	25	2021-05-22 23:08:47.882044	2021-05-22 23:08:47.882044	2021-05-22 23:08:47.882044	2021-05-22 23:08:47.882044	2021-05-22 23:08:47.882044	2021-05-22 23:08:47.882044	2021-05-22 23:08:47.882044	2021-05-22 23:08:47.882044	2021-05-22 23:08:47.882044	2021-05-22 23:08:47.882044	2021-05-22 23:08:47.882044
274	639	2021-05-26 00:35:26.519211	2021-05-11 21:35:26	2021-05-11 21:35:26	2021-05-11 21:35:26	2021-05-11 21:35:26	2021-05-11 21:35:26	2021-05-11 21:35:26	2021-05-11 21:35:26	2021-05-11 21:35:26	2021-05-11 21:35:26	2021-05-11 21:35:26
275	625	\N	\N	\N	\N	\N	\N	\N	\N	\N	\N	\N
277	593	\N	\N	\N	\N	\N	\N	\N	\N	\N	\N	\N
278	616	\N	\N	\N	\N	\N	\N	\N	\N	\N	\N	\N
276	640	2021-05-31 09:33:02.588925	2021-05-31 09:33:02.588925	2021-05-31 09:33:02.588925	2021-05-31 09:33:02.588925	2021-05-31 09:33:02.588925	2021-05-31 09:33:02.588925	2021-05-31 09:33:02.588925	2021-05-31 09:33:02.588925	2021-05-31 09:33:02.588925	2021-05-31 09:33:02.588925	2021-05-31 09:33:02.588925
279	617	\N	\N	\N	\N	\N	\N	\N	\N	\N	\N	\N
280	646	\N	\N	\N	\N	\N	\N	\N	\N	\N	\N	\N
281	647	\N	\N	\N	\N	\N	\N	\N	\N	\N	\N	\N
282	648	\N	\N	\N	\N	\N	\N	\N	\N	\N	\N	\N
283	649	\N	\N	\N	\N	\N	\N	\N	\N	\N	\N	\N
284	594	\N	\N	\N	\N	\N	\N	\N	\N	\N	\N	\N
285	611	\N	\N	\N	\N	\N	\N	\N	\N	\N	\N	\N
286	3	\N	\N	\N	\N	\N	\N	\N	\N	\N	\N	\N
287	\N	\N	\N	\N	\N	\N	\N	\N	\N	\N	\N	\N
288	650	\N	\N	\N	\N	\N	\N	\N	\N	\N	\N	\N
289	651	\N	\N	\N	\N	\N	\N	\N	\N	\N	\N	\N
123	154	2021-05-22 23:08:47.882044	2021-05-22 23:08:47.882044	2021-05-22 23:08:47.882044	2021-05-22 23:08:47.882044	2021-05-22 23:08:47.882044	2021-05-22 23:08:47.882044	2021-05-22 23:08:47.882044	2021-05-22 23:08:47.882044	2021-05-22 23:08:47.882044	2021-05-22 23:08:47.882044	2021-05-22 23:08:47.882044
124	156	2021-05-22 23:08:47.882044	2021-05-22 23:08:47.882044	2021-05-22 23:08:47.882044	2021-05-22 23:08:47.882044	2021-05-22 23:08:47.882044	2021-05-22 23:08:47.882044	2021-05-22 23:08:47.882044	2021-05-22 23:08:47.882044	2021-05-22 23:08:47.882044	2021-05-22 23:08:47.882044	2021-05-22 23:08:47.882044
125	157	2021-05-22 23:08:47.882044	2021-05-22 23:08:47.882044	2021-05-22 23:08:47.882044	2021-05-22 23:08:47.882044	2021-05-22 23:08:47.882044	2021-05-22 23:08:47.882044	2021-05-22 23:08:47.882044	2021-05-22 23:08:47.882044	2021-05-22 23:08:47.882044	2021-05-22 23:08:47.882044	2021-05-22 23:08:47.882044
126	87	2021-05-22 23:08:47.882044	2021-05-22 23:08:47.882044	2021-05-22 23:08:47.882044	2021-05-22 23:08:47.882044	2021-05-22 23:08:47.882044	2021-05-22 23:08:47.882044	2021-05-22 23:08:47.882044	2021-05-22 23:08:47.882044	2021-05-22 23:08:47.882044	2021-05-22 23:08:47.882044	2021-05-22 23:08:47.882044
127	113	2021-05-22 23:08:47.882044	2021-05-22 23:08:47.882044	2021-05-22 23:08:47.882044	2021-05-22 23:08:47.882044	2021-05-22 23:08:47.882044	2021-05-22 23:08:47.882044	2021-05-22 23:08:47.882044	2021-05-22 23:08:47.882044	2021-05-22 23:08:47.882044	2021-05-22 23:08:47.882044	2021-05-22 23:08:47.882044
128	155	2021-05-22 23:08:47.882044	2021-05-22 23:08:47.882044	2021-05-22 23:08:47.882044	2021-05-22 23:08:47.882044	2021-05-22 23:08:47.882044	2021-05-22 23:08:47.882044	2021-05-22 23:08:47.882044	2021-05-22 23:08:47.882044	2021-05-22 23:08:47.882044	2021-05-22 23:08:47.882044	2021-05-22 23:08:47.882044
246	465	2021-05-22 23:08:47.882044	2021-05-22 23:08:47.882044	2021-05-22 23:08:47.882044	2021-05-22 23:08:47.882044	2021-05-22 23:08:47.882044	2021-05-22 23:08:47.882044	2021-05-22 23:08:47.882044	2021-05-22 23:08:47.882044	2021-05-22 23:08:47.882044	2021-05-22 23:08:47.882044	2021-05-22 23:08:47.882044
247	428	2021-05-22 23:08:47.882044	2021-05-22 23:08:47.882044	2021-05-22 23:08:47.882044	2021-05-22 23:08:47.882044	2021-05-22 23:08:47.882044	2021-05-22 23:08:47.882044	2021-05-22 23:08:47.882044	2021-05-22 23:08:47.882044	2021-05-22 23:08:47.882044	2021-05-22 23:08:47.882044	2021-05-22 23:08:47.882044
248	28	2021-05-22 23:08:47.882044	2021-05-22 23:08:47.882044	2021-05-22 23:08:47.882044	2021-05-22 23:08:47.882044	2021-05-22 23:08:47.882044	2021-05-22 23:08:47.882044	2021-05-22 23:08:47.882044	2021-05-22 23:08:47.882044	2021-05-22 23:08:47.882044	2021-05-22 23:08:47.882044	2021-05-22 23:08:47.882044
249	253	2021-05-22 23:08:47.882044	2021-05-22 23:08:47.882044	2021-05-22 23:08:47.882044	2021-05-22 23:08:47.882044	2021-05-22 23:08:47.882044	2021-05-22 23:08:47.882044	2021-05-22 23:08:47.882044	2021-05-22 23:08:47.882044	2021-05-22 23:08:47.882044	2021-05-22 23:08:47.882044	2021-05-22 23:08:47.882044
250	267	2021-05-22 23:08:47.882044	2021-05-22 23:08:47.882044	2021-05-22 23:08:47.882044	2021-05-22 23:08:47.882044	2021-05-22 23:08:47.882044	2021-05-22 23:08:47.882044	2021-05-22 23:08:47.882044	2021-05-22 23:08:47.882044	2021-05-22 23:08:47.882044	2021-05-22 23:08:47.882044	2021-05-22 23:08:47.882044
251	71	2021-05-22 23:08:47.882044	2021-05-22 23:08:47.882044	2021-05-22 23:08:47.882044	2021-05-22 23:08:47.882044	2021-05-22 23:08:47.882044	2021-05-22 23:08:47.882044	2021-05-22 23:08:47.882044	2021-05-22 23:08:47.882044	2021-05-22 23:08:47.882044	2021-05-22 23:08:47.882044	2021-05-22 23:08:47.882044
253	72	2021-05-22 23:08:47.882044	2021-05-22 23:08:47.882044	2021-05-22 23:08:47.882044	2021-05-22 23:08:47.882044	2021-05-22 23:08:47.882044	2021-05-22 23:08:47.882044	2021-05-22 23:08:47.882044	2021-05-22 23:08:47.882044	2021-05-22 23:08:47.882044	2021-05-22 23:08:47.882044	2021-05-22 23:08:47.882044
255	166	2021-05-22 23:08:47.882044	2021-05-22 23:08:47.882044	2021-05-22 23:08:47.882044	2021-05-22 23:08:47.882044	2021-05-22 23:08:47.882044	2021-05-22 23:08:47.882044	2021-05-22 23:08:47.882044	2021-05-22 23:08:47.882044	2021-05-22 23:08:47.882044	2021-05-22 23:08:47.882044	2021-05-22 23:08:47.882044
256	216	2021-05-22 23:08:47.882044	2021-05-22 23:08:47.882044	2021-05-22 23:08:47.882044	2021-05-22 23:08:47.882044	2021-05-22 23:08:47.882044	2021-05-22 23:08:47.882044	2021-05-22 23:08:47.882044	2021-05-22 23:08:47.882044	2021-05-22 23:08:47.882044	2021-05-22 23:08:47.882044	2021-05-22 23:08:47.882044
259	499	2021-05-22 23:08:47.882044	2021-05-22 23:08:47.882044	2021-05-22 23:08:47.882044	2021-05-22 23:08:47.882044	2021-05-22 23:08:47.882044	2021-05-22 23:08:47.882044	2021-05-22 23:08:47.882044	2021-05-22 23:08:47.882044	2021-05-22 23:08:47.882044	2021-05-22 23:08:47.882044	2021-05-22 23:08:47.882044
262	192	2021-05-22 23:08:47.882044	2021-05-22 23:08:47.882044	2021-05-22 23:08:47.882044	2021-05-22 23:08:47.882044	2021-05-22 23:08:47.882044	2021-05-22 23:08:47.882044	2021-05-22 23:08:47.882044	2021-05-22 23:08:47.882044	2021-05-22 23:08:47.882044	2021-05-22 23:08:47.882044	2021-05-22 23:08:47.882044
263	26	2021-05-22 23:08:47.882044	2021-05-22 23:08:47.882044	2021-05-22 23:08:47.882044	2021-05-22 23:08:47.882044	2021-05-22 23:08:47.882044	2021-05-22 23:08:47.882044	2021-05-22 23:08:47.882044	2021-05-22 23:08:47.882044	2021-05-22 23:08:47.882044	2021-05-22 23:08:47.882044	2021-05-22 23:08:47.882044
264	268	2021-05-22 23:08:47.882044	2021-05-22 23:08:47.882044	2021-05-22 23:08:47.882044	2021-05-22 23:08:47.882044	2021-05-22 23:08:47.882044	2021-05-22 23:08:47.882044	2021-05-22 23:08:47.882044	2021-05-22 23:08:47.882044	2021-05-22 23:08:47.882044	2021-05-22 23:08:47.882044	2021-05-22 23:08:47.882044
269	198	2021-05-22 23:08:47.882044	2021-05-22 23:08:47.882044	2021-05-22 23:08:47.882044	2021-05-22 23:08:47.882044	2021-05-22 23:08:47.882044	2021-05-22 23:08:47.882044	2021-05-22 23:08:47.882044	2021-05-22 23:08:47.882044	2021-05-22 23:08:47.882044	2021-05-22 23:08:47.882044	2021-05-22 23:08:47.882044
270	200	2021-05-22 23:08:47.882044	2021-05-22 23:08:47.882044	2021-05-22 23:08:47.882044	2021-05-22 23:08:47.882044	2021-05-22 23:08:47.882044	2021-05-22 23:08:47.882044	2021-05-22 23:08:47.882044	2021-05-22 23:08:47.882044	2021-05-22 23:08:47.882044	2021-05-22 23:08:47.882044	2021-05-22 23:08:47.882044
82	49	2021-05-22 23:08:47.882044	2021-05-22 23:08:47.882044	2021-05-22 23:08:47.882044	2021-05-22 23:08:47.882044	2021-05-22 23:08:47.882044	2021-05-22 23:08:47.882044	2021-05-22 23:08:47.882044	2021-05-22 23:08:47.882044	2021-05-22 23:08:47.882044	2021-05-22 23:08:47.882044	2021-05-22 23:08:47.882044
252	250	2021-05-22 23:08:47.882044	2021-05-22 23:08:47.882044	2021-05-22 23:08:47.882044	2021-05-22 23:08:47.882044	2021-05-22 23:08:47.882044	2021-05-22 23:08:47.882044	2021-05-22 23:08:47.882044	2021-05-22 23:08:47.882044	2021-05-22 23:08:47.882044	2021-05-22 23:08:47.882044	2021-05-22 23:08:47.882044
238	82	2021-05-22 23:08:47.882044	2021-05-22 23:08:47.882044	2021-05-22 23:08:47.882044	2021-05-22 23:08:47.882044	2021-05-22 23:08:47.882044	2021-05-22 23:08:47.882044	2021-05-22 23:08:47.882044	2021-05-22 23:08:47.882044	2021-05-22 23:08:47.882044	2021-05-22 23:08:47.882044	2021-05-22 23:08:47.882044
261	243	2021-05-22 23:08:47.882044	2021-05-22 23:08:47.882044	2021-05-22 23:08:47.882044	2021-05-22 23:08:47.882044	2021-05-22 23:08:47.882044	2021-05-22 23:08:47.882044	2021-05-22 23:08:47.882044	2021-05-22 23:08:47.882044	2021-05-22 23:08:47.882044	2021-05-22 23:08:47.882044	2021-05-22 23:08:47.882044
232	242	2021-05-22 23:08:47.882044	2021-05-22 23:08:47.882044	2021-05-22 23:08:47.882044	2021-05-22 23:08:47.882044	2021-05-22 23:08:47.882044	2021-05-22 23:08:47.882044	2021-05-22 23:08:47.882044	2021-05-22 23:08:47.882044	2021-05-22 23:08:47.882044	2021-05-22 23:08:47.882044	2021-05-22 23:08:47.882044
260	213	2021-05-22 23:08:47.882044	2021-05-22 23:08:47.882044	2021-05-22 23:08:47.882044	2021-05-22 23:08:47.882044	2021-05-22 23:08:47.882044	2021-05-22 23:08:47.882044	2021-05-22 23:08:47.882044	2021-05-22 23:08:47.882044	2021-05-22 23:08:47.882044	2021-05-22 23:08:47.882044	2021-05-22 23:08:47.882044
100	196	2021-05-22 23:08:47.882044	2021-05-22 23:08:47.882044	2021-05-22 23:08:47.882044	2021-05-22 23:08:47.882044	2021-05-22 23:08:47.882044	2021-05-22 23:08:47.882044	2021-05-22 23:08:47.882044	2021-05-22 23:08:47.882044	2021-05-22 23:08:47.882044	2021-05-22 23:08:47.882044	2021-05-22 23:08:47.882044
129	103	2021-05-22 23:08:47.882044	2021-05-22 23:08:47.882044	2021-05-22 23:08:47.882044	2021-05-22 23:08:47.882044	2021-05-22 23:08:47.882044	2021-05-22 23:08:47.882044	2021-05-22 23:08:47.882044	2021-05-22 23:08:47.882044	2021-05-22 23:08:47.882044	2021-05-22 23:08:47.882044	2021-05-22 23:08:47.882044
130	140	2021-05-22 23:08:47.882044	2021-05-22 23:08:47.882044	2021-05-22 23:08:47.882044	2021-05-22 23:08:47.882044	2021-05-22 23:08:47.882044	2021-05-22 23:08:47.882044	2021-05-22 23:08:47.882044	2021-05-22 23:08:47.882044	2021-05-22 23:08:47.882044	2021-05-22 23:08:47.882044	2021-05-22 23:08:47.882044
131	65	2021-05-22 23:08:47.882044	2021-05-22 23:08:47.882044	2021-05-22 23:08:47.882044	2021-05-22 23:08:47.882044	2021-05-22 23:08:47.882044	2021-05-22 23:08:47.882044	2021-05-22 23:08:47.882044	2021-05-22 23:08:47.882044	2021-05-22 23:08:47.882044	2021-05-22 23:08:47.882044	2021-05-22 23:08:47.882044
132	139	2021-05-22 23:08:47.882044	2021-05-22 23:08:47.882044	2021-05-22 23:08:47.882044	2021-05-22 23:08:47.882044	2021-05-22 23:08:47.882044	2021-05-22 23:08:47.882044	2021-05-22 23:08:47.882044	2021-05-22 23:08:47.882044	2021-05-22 23:08:47.882044	2021-05-22 23:08:47.882044	2021-05-22 23:08:47.882044
134	76	2021-05-22 23:08:47.882044	2021-05-22 23:08:47.882044	2021-05-22 23:08:47.882044	2021-05-22 23:08:47.882044	2021-05-22 23:08:47.882044	2021-05-22 23:08:47.882044	2021-05-22 23:08:47.882044	2021-05-22 23:08:47.882044	2021-05-22 23:08:47.882044	2021-05-22 23:08:47.882044	2021-05-22 23:08:47.882044
135	52	2021-05-22 23:08:47.882044	2021-05-22 23:08:47.882044	2021-05-22 23:08:47.882044	2021-05-22 23:08:47.882044	2021-05-22 23:08:47.882044	2021-05-22 23:08:47.882044	2021-05-22 23:08:47.882044	2021-05-22 23:08:47.882044	2021-05-22 23:08:47.882044	2021-05-22 23:08:47.882044	2021-05-22 23:08:47.882044
136	106	2021-05-22 23:08:47.882044	2021-05-22 23:08:47.882044	2021-05-22 23:08:47.882044	2021-05-22 23:08:47.882044	2021-05-22 23:08:47.882044	2021-05-22 23:08:47.882044	2021-05-22 23:08:47.882044	2021-05-22 23:08:47.882044	2021-05-22 23:08:47.882044	2021-05-22 23:08:47.882044	2021-05-22 23:08:47.882044
137	114	2021-05-22 23:08:47.882044	2021-05-22 23:08:47.882044	2021-05-22 23:08:47.882044	2021-05-22 23:08:47.882044	2021-05-22 23:08:47.882044	2021-05-22 23:08:47.882044	2021-05-22 23:08:47.882044	2021-05-22 23:08:47.882044	2021-05-22 23:08:47.882044	2021-05-22 23:08:47.882044	2021-05-22 23:08:47.882044
138	68	2021-05-22 23:08:47.882044	2021-05-22 23:08:47.882044	2021-05-22 23:08:47.882044	2021-05-22 23:08:47.882044	2021-05-22 23:08:47.882044	2021-05-22 23:08:47.882044	2021-05-22 23:08:47.882044	2021-05-22 23:08:47.882044	2021-05-22 23:08:47.882044	2021-05-22 23:08:47.882044	2021-05-22 23:08:47.882044
139	58	2021-05-22 23:08:47.882044	2021-05-22 23:08:47.882044	2021-05-22 23:08:47.882044	2021-05-22 23:08:47.882044	2021-05-22 23:08:47.882044	2021-05-22 23:08:47.882044	2021-05-22 23:08:47.882044	2021-05-22 23:08:47.882044	2021-05-22 23:08:47.882044	2021-05-22 23:08:47.882044	2021-05-22 23:08:47.882044
140	51	2021-05-22 23:08:47.882044	2021-05-22 23:08:47.882044	2021-05-22 23:08:47.882044	2021-05-22 23:08:47.882044	2021-05-22 23:08:47.882044	2021-05-22 23:08:47.882044	2021-05-22 23:08:47.882044	2021-05-22 23:08:47.882044	2021-05-22 23:08:47.882044	2021-05-22 23:08:47.882044	2021-05-22 23:08:47.882044
141	54	2021-05-22 23:08:47.882044	2021-05-22 23:08:47.882044	2021-05-22 23:08:47.882044	2021-05-22 23:08:47.882044	2021-05-22 23:08:47.882044	2021-05-22 23:08:47.882044	2021-05-22 23:08:47.882044	2021-05-22 23:08:47.882044	2021-05-22 23:08:47.882044	2021-05-22 23:08:47.882044	2021-05-22 23:08:47.882044
142	69	2021-05-22 23:08:47.882044	2021-05-22 23:08:47.882044	2021-05-22 23:08:47.882044	2021-05-22 23:08:47.882044	2021-05-22 23:08:47.882044	2021-05-22 23:08:47.882044	2021-05-22 23:08:47.882044	2021-05-22 23:08:47.882044	2021-05-22 23:08:47.882044	2021-05-22 23:08:47.882044	2021-05-22 23:08:47.882044
143	144	2021-05-22 23:08:47.882044	2021-05-22 23:08:47.882044	2021-05-22 23:08:47.882044	2021-05-22 23:08:47.882044	2021-05-22 23:08:47.882044	2021-05-22 23:08:47.882044	2021-05-22 23:08:47.882044	2021-05-22 23:08:47.882044	2021-05-22 23:08:47.882044	2021-05-22 23:08:47.882044	2021-05-22 23:08:47.882044
144	116	2021-05-22 23:08:47.882044	2021-05-22 23:08:47.882044	2021-05-22 23:08:47.882044	2021-05-22 23:08:47.882044	2021-05-22 23:08:47.882044	2021-05-22 23:08:47.882044	2021-05-22 23:08:47.882044	2021-05-22 23:08:47.882044	2021-05-22 23:08:47.882044	2021-05-22 23:08:47.882044	2021-05-22 23:08:47.882044
145	86	2021-05-22 23:08:47.882044	2021-05-22 23:08:47.882044	2021-05-22 23:08:47.882044	2021-05-22 23:08:47.882044	2021-05-22 23:08:47.882044	2021-05-22 23:08:47.882044	2021-05-22 23:08:47.882044	2021-05-22 23:08:47.882044	2021-05-22 23:08:47.882044	2021-05-22 23:08:47.882044	2021-05-22 23:08:47.882044
146	158	2021-05-22 23:08:47.882044	2021-05-22 23:08:47.882044	2021-05-22 23:08:47.882044	2021-05-22 23:08:47.882044	2021-05-22 23:08:47.882044	2021-05-22 23:08:47.882044	2021-05-22 23:08:47.882044	2021-05-22 23:08:47.882044	2021-05-22 23:08:47.882044	2021-05-22 23:08:47.882044	2021-05-22 23:08:47.882044
147	70	2021-05-22 23:08:47.882044	2021-05-22 23:08:47.882044	2021-05-22 23:08:47.882044	2021-05-22 23:08:47.882044	2021-05-22 23:08:47.882044	2021-05-22 23:08:47.882044	2021-05-22 23:08:47.882044	2021-05-22 23:08:47.882044	2021-05-22 23:08:47.882044	2021-05-22 23:08:47.882044	2021-05-22 23:08:47.882044
149	173	2021-05-22 23:08:47.882044	2021-05-22 23:08:47.882044	2021-05-22 23:08:47.882044	2021-05-22 23:08:47.882044	2021-05-22 23:08:47.882044	2021-05-22 23:08:47.882044	2021-05-22 23:08:47.882044	2021-05-22 23:08:47.882044	2021-05-22 23:08:47.882044	2021-05-22 23:08:47.882044	2021-05-22 23:08:47.882044
150	258	2021-05-22 23:08:47.882044	2021-05-22 23:08:47.882044	2021-05-22 23:08:47.882044	2021-05-22 23:08:47.882044	2021-05-22 23:08:47.882044	2021-05-22 23:08:47.882044	2021-05-22 23:08:47.882044	2021-05-22 23:08:47.882044	2021-05-22 23:08:47.882044	2021-05-22 23:08:47.882044	2021-05-22 23:08:47.882044
151	178	2021-05-22 23:08:47.882044	2021-05-22 23:08:47.882044	2021-05-22 23:08:47.882044	2021-05-22 23:08:47.882044	2021-05-22 23:08:47.882044	2021-05-22 23:08:47.882044	2021-05-22 23:08:47.882044	2021-05-22 23:08:47.882044	2021-05-22 23:08:47.882044	2021-05-22 23:08:47.882044	2021-05-22 23:08:47.882044
152	188	2021-05-22 23:08:47.882044	2021-05-22 23:08:47.882044	2021-05-22 23:08:47.882044	2021-05-22 23:08:47.882044	2021-05-22 23:08:47.882044	2021-05-22 23:08:47.882044	2021-05-22 23:08:47.882044	2021-05-22 23:08:47.882044	2021-05-22 23:08:47.882044	2021-05-22 23:08:47.882044	2021-05-22 23:08:47.882044
153	191	2021-05-22 23:08:47.882044	2021-05-22 23:08:47.882044	2021-05-22 23:08:47.882044	2021-05-22 23:08:47.882044	2021-05-22 23:08:47.882044	2021-05-22 23:08:47.882044	2021-05-22 23:08:47.882044	2021-05-22 23:08:47.882044	2021-05-22 23:08:47.882044	2021-05-22 23:08:47.882044	2021-05-22 23:08:47.882044
155	120	2021-05-22 23:08:47.882044	2021-05-22 23:08:47.882044	2021-05-22 23:08:47.882044	2021-05-22 23:08:47.882044	2021-05-22 23:08:47.882044	2021-05-22 23:08:47.882044	2021-05-22 23:08:47.882044	2021-05-22 23:08:47.882044	2021-05-22 23:08:47.882044	2021-05-22 23:08:47.882044	2021-05-22 23:08:47.882044
156	163	2021-05-22 23:08:47.882044	2021-05-22 23:08:47.882044	2021-05-22 23:08:47.882044	2021-05-22 23:08:47.882044	2021-05-22 23:08:47.882044	2021-05-22 23:08:47.882044	2021-05-22 23:08:47.882044	2021-05-22 23:08:47.882044	2021-05-22 23:08:47.882044	2021-05-22 23:08:47.882044	2021-05-22 23:08:47.882044
161	201	2021-05-22 23:08:47.882044	2021-05-22 23:08:47.882044	2021-05-22 23:08:47.882044	2021-05-22 23:08:47.882044	2021-05-22 23:08:47.882044	2021-05-22 23:08:47.882044	2021-05-22 23:08:47.882044	2021-05-22 23:08:47.882044	2021-05-22 23:08:47.882044	2021-05-22 23:08:47.882044	2021-05-22 23:08:47.882044
162	203	2021-05-22 23:08:47.882044	2021-05-22 23:08:47.882044	2021-05-22 23:08:47.882044	2021-05-22 23:08:47.882044	2021-05-22 23:08:47.882044	2021-05-22 23:08:47.882044	2021-05-22 23:08:47.882044	2021-05-22 23:08:47.882044	2021-05-22 23:08:47.882044	2021-05-22 23:08:47.882044	2021-05-22 23:08:47.882044
163	210	2021-05-22 23:08:47.882044	2021-05-22 23:08:47.882044	2021-05-22 23:08:47.882044	2021-05-22 23:08:47.882044	2021-05-22 23:08:47.882044	2021-05-22 23:08:47.882044	2021-05-22 23:08:47.882044	2021-05-22 23:08:47.882044	2021-05-22 23:08:47.882044	2021-05-22 23:08:47.882044	2021-05-22 23:08:47.882044
164	211	2021-05-22 23:08:47.882044	2021-05-22 23:08:47.882044	2021-05-22 23:08:47.882044	2021-05-22 23:08:47.882044	2021-05-22 23:08:47.882044	2021-05-22 23:08:47.882044	2021-05-22 23:08:47.882044	2021-05-22 23:08:47.882044	2021-05-22 23:08:47.882044	2021-05-22 23:08:47.882044	2021-05-22 23:08:47.882044
166	217	2021-05-22 23:08:47.882044	2021-05-22 23:08:47.882044	2021-05-22 23:08:47.882044	2021-05-22 23:08:47.882044	2021-05-22 23:08:47.882044	2021-05-22 23:08:47.882044	2021-05-22 23:08:47.882044	2021-05-22 23:08:47.882044	2021-05-22 23:08:47.882044	2021-05-22 23:08:47.882044	2021-05-22 23:08:47.882044
167	218	2021-05-22 23:08:47.882044	2021-05-22 23:08:47.882044	2021-05-22 23:08:47.882044	2021-05-22 23:08:47.882044	2021-05-22 23:08:47.882044	2021-05-22 23:08:47.882044	2021-05-22 23:08:47.882044	2021-05-22 23:08:47.882044	2021-05-22 23:08:47.882044	2021-05-22 23:08:47.882044	2021-05-22 23:08:47.882044
168	220	2021-05-22 23:08:47.882044	2021-05-22 23:08:47.882044	2021-05-22 23:08:47.882044	2021-05-22 23:08:47.882044	2021-05-22 23:08:47.882044	2021-05-22 23:08:47.882044	2021-05-22 23:08:47.882044	2021-05-22 23:08:47.882044	2021-05-22 23:08:47.882044	2021-05-22 23:08:47.882044	2021-05-22 23:08:47.882044
169	221	2021-05-22 23:08:47.882044	2021-05-22 23:08:47.882044	2021-05-22 23:08:47.882044	2021-05-22 23:08:47.882044	2021-05-22 23:08:47.882044	2021-05-22 23:08:47.882044	2021-05-22 23:08:47.882044	2021-05-22 23:08:47.882044	2021-05-22 23:08:47.882044	2021-05-22 23:08:47.882044	2021-05-22 23:08:47.882044
170	222	2021-05-22 23:08:47.882044	2021-05-22 23:08:47.882044	2021-05-22 23:08:47.882044	2021-05-22 23:08:47.882044	2021-05-22 23:08:47.882044	2021-05-22 23:08:47.882044	2021-05-22 23:08:47.882044	2021-05-22 23:08:47.882044	2021-05-22 23:08:47.882044	2021-05-22 23:08:47.882044	2021-05-22 23:08:47.882044
171	89	2021-05-22 23:08:47.882044	2021-05-22 23:08:47.882044	2021-05-22 23:08:47.882044	2021-05-22 23:08:47.882044	2021-05-22 23:08:47.882044	2021-05-22 23:08:47.882044	2021-05-22 23:08:47.882044	2021-05-22 23:08:47.882044	2021-05-22 23:08:47.882044	2021-05-22 23:08:47.882044	2021-05-22 23:08:47.882044
172	96	2021-05-22 23:08:47.882044	2021-05-22 23:08:47.882044	2021-05-22 23:08:47.882044	2021-05-22 23:08:47.882044	2021-05-22 23:08:47.882044	2021-05-22 23:08:47.882044	2021-05-22 23:08:47.882044	2021-05-22 23:08:47.882044	2021-05-22 23:08:47.882044	2021-05-22 23:08:47.882044	2021-05-22 23:08:47.882044
173	63	2021-05-22 23:08:47.882044	2021-05-22 23:08:47.882044	2021-05-22 23:08:47.882044	2021-05-22 23:08:47.882044	2021-05-22 23:08:47.882044	2021-05-22 23:08:47.882044	2021-05-22 23:08:47.882044	2021-05-22 23:08:47.882044	2021-05-22 23:08:47.882044	2021-05-22 23:08:47.882044	2021-05-22 23:08:47.882044
174	138	2021-05-22 23:08:47.882044	2021-05-22 23:08:47.882044	2021-05-22 23:08:47.882044	2021-05-22 23:08:47.882044	2021-05-22 23:08:47.882044	2021-05-22 23:08:47.882044	2021-05-22 23:08:47.882044	2021-05-22 23:08:47.882044	2021-05-22 23:08:47.882044	2021-05-22 23:08:47.882044	2021-05-22 23:08:47.882044
176	22	2021-05-22 23:08:47.882044	2021-05-22 23:08:47.882044	2021-05-22 23:08:47.882044	2021-05-22 23:08:47.882044	2021-05-22 23:08:47.882044	2021-05-22 23:08:47.882044	2021-05-22 23:08:47.882044	2021-05-22 23:08:47.882044	2021-05-22 23:08:47.882044	2021-05-22 23:08:47.882044	2021-05-22 23:08:47.882044
179	94	2021-05-22 23:08:47.882044	2021-05-22 23:08:47.882044	2021-05-22 23:08:47.882044	2021-05-22 23:08:47.882044	2021-05-22 23:08:47.882044	2021-05-22 23:08:47.882044	2021-05-22 23:08:47.882044	2021-05-22 23:08:47.882044	2021-05-22 23:08:47.882044	2021-05-22 23:08:47.882044	2021-05-22 23:08:47.882044
180	256	2021-05-22 23:08:47.882044	2021-05-22 23:08:47.882044	2021-05-22 23:08:47.882044	2021-05-22 23:08:47.882044	2021-05-22 23:08:47.882044	2021-05-22 23:08:47.882044	2021-05-22 23:08:47.882044	2021-05-22 23:08:47.882044	2021-05-22 23:08:47.882044	2021-05-22 23:08:47.882044	2021-05-22 23:08:47.882044
181	276	2021-05-22 23:08:47.882044	2021-05-22 23:08:47.882044	2021-05-22 23:08:47.882044	2021-05-22 23:08:47.882044	2021-05-22 23:08:47.882044	2021-05-22 23:08:47.882044	2021-05-22 23:08:47.882044	2021-05-22 23:08:47.882044	2021-05-22 23:08:47.882044	2021-05-22 23:08:47.882044	2021-05-22 23:08:47.882044
182	205	2021-05-22 23:08:47.882044	2021-05-22 23:08:47.882044	2021-05-22 23:08:47.882044	2021-05-22 23:08:47.882044	2021-05-22 23:08:47.882044	2021-05-22 23:08:47.882044	2021-05-22 23:08:47.882044	2021-05-22 23:08:47.882044	2021-05-22 23:08:47.882044	2021-05-22 23:08:47.882044	2021-05-22 23:08:47.882044
183	223	2021-05-22 23:08:47.882044	2021-05-22 23:08:47.882044	2021-05-22 23:08:47.882044	2021-05-22 23:08:47.882044	2021-05-22 23:08:47.882044	2021-05-22 23:08:47.882044	2021-05-22 23:08:47.882044	2021-05-22 23:08:47.882044	2021-05-22 23:08:47.882044	2021-05-22 23:08:47.882044	2021-05-22 23:08:47.882044
184	224	2021-05-22 23:08:47.882044	2021-05-22 23:08:47.882044	2021-05-22 23:08:47.882044	2021-05-22 23:08:47.882044	2021-05-22 23:08:47.882044	2021-05-22 23:08:47.882044	2021-05-22 23:08:47.882044	2021-05-22 23:08:47.882044	2021-05-22 23:08:47.882044	2021-05-22 23:08:47.882044	2021-05-22 23:08:47.882044
185	230	2021-05-22 23:08:47.882044	2021-05-22 23:08:47.882044	2021-05-22 23:08:47.882044	2021-05-22 23:08:47.882044	2021-05-22 23:08:47.882044	2021-05-22 23:08:47.882044	2021-05-22 23:08:47.882044	2021-05-22 23:08:47.882044	2021-05-22 23:08:47.882044	2021-05-22 23:08:47.882044	2021-05-22 23:08:47.882044
186	231	2021-05-22 23:08:47.882044	2021-05-22 23:08:47.882044	2021-05-22 23:08:47.882044	2021-05-22 23:08:47.882044	2021-05-22 23:08:47.882044	2021-05-22 23:08:47.882044	2021-05-22 23:08:47.882044	2021-05-22 23:08:47.882044	2021-05-22 23:08:47.882044	2021-05-22 23:08:47.882044	2021-05-22 23:08:47.882044
188	233	2021-05-22 23:08:47.882044	2021-05-22 23:08:47.882044	2021-05-22 23:08:47.882044	2021-05-22 23:08:47.882044	2021-05-22 23:08:47.882044	2021-05-22 23:08:47.882044	2021-05-22 23:08:47.882044	2021-05-22 23:08:47.882044	2021-05-22 23:08:47.882044	2021-05-22 23:08:47.882044	2021-05-22 23:08:47.882044
189	237	2021-05-22 23:08:47.882044	2021-05-22 23:08:47.882044	2021-05-22 23:08:47.882044	2021-05-22 23:08:47.882044	2021-05-22 23:08:47.882044	2021-05-22 23:08:47.882044	2021-05-22 23:08:47.882044	2021-05-22 23:08:47.882044	2021-05-22 23:08:47.882044	2021-05-22 23:08:47.882044	2021-05-22 23:08:47.882044
190	238	2021-05-22 23:08:47.882044	2021-05-22 23:08:47.882044	2021-05-22 23:08:47.882044	2021-05-22 23:08:47.882044	2021-05-22 23:08:47.882044	2021-05-22 23:08:47.882044	2021-05-22 23:08:47.882044	2021-05-22 23:08:47.882044	2021-05-22 23:08:47.882044	2021-05-22 23:08:47.882044	2021-05-22 23:08:47.882044
191	249	2021-05-22 23:08:47.882044	2021-05-22 23:08:47.882044	2021-05-22 23:08:47.882044	2021-05-22 23:08:47.882044	2021-05-22 23:08:47.882044	2021-05-22 23:08:47.882044	2021-05-22 23:08:47.882044	2021-05-22 23:08:47.882044	2021-05-22 23:08:47.882044	2021-05-22 23:08:47.882044	2021-05-22 23:08:47.882044
192	255	2021-05-22 23:08:47.882044	2021-05-22 23:08:47.882044	2021-05-22 23:08:47.882044	2021-05-22 23:08:47.882044	2021-05-22 23:08:47.882044	2021-05-22 23:08:47.882044	2021-05-22 23:08:47.882044	2021-05-22 23:08:47.882044	2021-05-22 23:08:47.882044	2021-05-22 23:08:47.882044	2021-05-22 23:08:47.882044
193	259	2021-05-22 23:08:47.882044	2021-05-22 23:08:47.882044	2021-05-22 23:08:47.882044	2021-05-22 23:08:47.882044	2021-05-22 23:08:47.882044	2021-05-22 23:08:47.882044	2021-05-22 23:08:47.882044	2021-05-22 23:08:47.882044	2021-05-22 23:08:47.882044	2021-05-22 23:08:47.882044	2021-05-22 23:08:47.882044
194	260	2021-05-22 23:08:47.882044	2021-05-22 23:08:47.882044	2021-05-22 23:08:47.882044	2021-05-22 23:08:47.882044	2021-05-22 23:08:47.882044	2021-05-22 23:08:47.882044	2021-05-22 23:08:47.882044	2021-05-22 23:08:47.882044	2021-05-22 23:08:47.882044	2021-05-22 23:08:47.882044	2021-05-22 23:08:47.882044
195	261	2021-05-22 23:08:47.882044	2021-05-22 23:08:47.882044	2021-05-22 23:08:47.882044	2021-05-22 23:08:47.882044	2021-05-22 23:08:47.882044	2021-05-22 23:08:47.882044	2021-05-22 23:08:47.882044	2021-05-22 23:08:47.882044	2021-05-22 23:08:47.882044	2021-05-22 23:08:47.882044	2021-05-22 23:08:47.882044
196	262	2021-05-22 23:08:47.882044	2021-05-22 23:08:47.882044	2021-05-22 23:08:47.882044	2021-05-22 23:08:47.882044	2021-05-22 23:08:47.882044	2021-05-22 23:08:47.882044	2021-05-22 23:08:47.882044	2021-05-22 23:08:47.882044	2021-05-22 23:08:47.882044	2021-05-22 23:08:47.882044	2021-05-22 23:08:47.882044
197	265	2021-05-22 23:08:47.882044	2021-05-22 23:08:47.882044	2021-05-22 23:08:47.882044	2021-05-22 23:08:47.882044	2021-05-22 23:08:47.882044	2021-05-22 23:08:47.882044	2021-05-22 23:08:47.882044	2021-05-22 23:08:47.882044	2021-05-22 23:08:47.882044	2021-05-22 23:08:47.882044	2021-05-22 23:08:47.882044
198	214	2021-05-22 23:08:47.882044	2021-05-22 23:08:47.882044	2021-05-22 23:08:47.882044	2021-05-22 23:08:47.882044	2021-05-22 23:08:47.882044	2021-05-22 23:08:47.882044	2021-05-22 23:08:47.882044	2021-05-22 23:08:47.882044	2021-05-22 23:08:47.882044	2021-05-22 23:08:47.882044	2021-05-22 23:08:47.882044
199	167	2021-05-22 23:08:47.882044	2021-05-22 23:08:47.882044	2021-05-22 23:08:47.882044	2021-05-22 23:08:47.882044	2021-05-22 23:08:47.882044	2021-05-22 23:08:47.882044	2021-05-22 23:08:47.882044	2021-05-22 23:08:47.882044	2021-05-22 23:08:47.882044	2021-05-22 23:08:47.882044	2021-05-22 23:08:47.882044
200	209	2021-05-22 23:08:47.882044	2021-05-22 23:08:47.882044	2021-05-22 23:08:47.882044	2021-05-22 23:08:47.882044	2021-05-22 23:08:47.882044	2021-05-22 23:08:47.882044	2021-05-22 23:08:47.882044	2021-05-22 23:08:47.882044	2021-05-22 23:08:47.882044	2021-05-22 23:08:47.882044	2021-05-22 23:08:47.882044
201	228	2021-05-22 23:08:47.882044	2021-05-22 23:08:47.882044	2021-05-22 23:08:47.882044	2021-05-22 23:08:47.882044	2021-05-22 23:08:47.882044	2021-05-22 23:08:47.882044	2021-05-22 23:08:47.882044	2021-05-22 23:08:47.882044	2021-05-22 23:08:47.882044	2021-05-22 23:08:47.882044	2021-05-22 23:08:47.882044
203	235	2021-05-22 23:08:47.882044	2021-05-22 23:08:47.882044	2021-05-22 23:08:47.882044	2021-05-22 23:08:47.882044	2021-05-22 23:08:47.882044	2021-05-22 23:08:47.882044	2021-05-22 23:08:47.882044	2021-05-22 23:08:47.882044	2021-05-22 23:08:47.882044	2021-05-22 23:08:47.882044	2021-05-22 23:08:47.882044
204	225	2021-05-22 23:08:47.882044	2021-05-22 23:08:47.882044	2021-05-22 23:08:47.882044	2021-05-22 23:08:47.882044	2021-05-22 23:08:47.882044	2021-05-22 23:08:47.882044	2021-05-22 23:08:47.882044	2021-05-22 23:08:47.882044	2021-05-22 23:08:47.882044	2021-05-22 23:08:47.882044	2021-05-22 23:08:47.882044
205	164	2021-05-22 23:08:47.882044	2021-05-22 23:08:47.882044	2021-05-22 23:08:47.882044	2021-05-22 23:08:47.882044	2021-05-22 23:08:47.882044	2021-05-22 23:08:47.882044	2021-05-22 23:08:47.882044	2021-05-22 23:08:47.882044	2021-05-22 23:08:47.882044	2021-05-22 23:08:47.882044	2021-05-22 23:08:47.882044
206	292	2021-05-22 23:08:47.882044	2021-05-22 23:08:47.882044	2021-05-22 23:08:47.882044	2021-05-22 23:08:47.882044	2021-05-22 23:08:47.882044	2021-05-22 23:08:47.882044	2021-05-22 23:08:47.882044	2021-05-22 23:08:47.882044	2021-05-22 23:08:47.882044	2021-05-22 23:08:47.882044	2021-05-22 23:08:47.882044
208	234	2021-05-22 23:08:47.882044	2021-05-22 23:08:47.882044	2021-05-22 23:08:47.882044	2021-05-22 23:08:47.882044	2021-05-22 23:08:47.882044	2021-05-22 23:08:47.882044	2021-05-22 23:08:47.882044	2021-05-22 23:08:47.882044	2021-05-22 23:08:47.882044	2021-05-22 23:08:47.882044	2021-05-22 23:08:47.882044
209	219	2021-05-22 23:08:47.882044	2021-05-22 23:08:47.882044	2021-05-22 23:08:47.882044	2021-05-22 23:08:47.882044	2021-05-22 23:08:47.882044	2021-05-22 23:08:47.882044	2021-05-22 23:08:47.882044	2021-05-22 23:08:47.882044	2021-05-22 23:08:47.882044	2021-05-22 23:08:47.882044	2021-05-22 23:08:47.882044
210	183	2021-05-22 23:08:47.882044	2021-05-22 23:08:47.882044	2021-05-22 23:08:47.882044	2021-05-22 23:08:47.882044	2021-05-22 23:08:47.882044	2021-05-22 23:08:47.882044	2021-05-22 23:08:47.882044	2021-05-22 23:08:47.882044	2021-05-22 23:08:47.882044	2021-05-22 23:08:47.882044	2021-05-22 23:08:47.882044
211	206	2021-05-22 23:08:47.882044	2021-05-22 23:08:47.882044	2021-05-22 23:08:47.882044	2021-05-22 23:08:47.882044	2021-05-22 23:08:47.882044	2021-05-22 23:08:47.882044	2021-05-22 23:08:47.882044	2021-05-22 23:08:47.882044	2021-05-22 23:08:47.882044	2021-05-22 23:08:47.882044	2021-05-22 23:08:47.882044
212	251	2021-05-22 23:08:47.882044	2021-05-22 23:08:47.882044	2021-05-22 23:08:47.882044	2021-05-22 23:08:47.882044	2021-05-22 23:08:47.882044	2021-05-22 23:08:47.882044	2021-05-22 23:08:47.882044	2021-05-22 23:08:47.882044	2021-05-22 23:08:47.882044	2021-05-22 23:08:47.882044	2021-05-22 23:08:47.882044
213	194	2021-05-22 23:08:47.882044	2021-05-22 23:08:47.882044	2021-05-22 23:08:47.882044	2021-05-22 23:08:47.882044	2021-05-22 23:08:47.882044	2021-05-22 23:08:47.882044	2021-05-22 23:08:47.882044	2021-05-22 23:08:47.882044	2021-05-22 23:08:47.882044	2021-05-22 23:08:47.882044	2021-05-22 23:08:47.882044
214	226	2021-05-22 23:08:47.882044	2021-05-22 23:08:47.882044	2021-05-22 23:08:47.882044	2021-05-22 23:08:47.882044	2021-05-22 23:08:47.882044	2021-05-22 23:08:47.882044	2021-05-22 23:08:47.882044	2021-05-22 23:08:47.882044	2021-05-22 23:08:47.882044	2021-05-22 23:08:47.882044	2021-05-22 23:08:47.882044
216	165	2021-05-22 23:08:47.882044	2021-05-22 23:08:47.882044	2021-05-22 23:08:47.882044	2021-05-22 23:08:47.882044	2021-05-22 23:08:47.882044	2021-05-22 23:08:47.882044	2021-05-22 23:08:47.882044	2021-05-22 23:08:47.882044	2021-05-22 23:08:47.882044	2021-05-22 23:08:47.882044	2021-05-22 23:08:47.882044
218	170	2021-05-22 23:08:47.882044	2021-05-22 23:08:47.882044	2021-05-22 23:08:47.882044	2021-05-22 23:08:47.882044	2021-05-22 23:08:47.882044	2021-05-22 23:08:47.882044	2021-05-22 23:08:47.882044	2021-05-22 23:08:47.882044	2021-05-22 23:08:47.882044	2021-05-22 23:08:47.882044	2021-05-22 23:08:47.882044
219	291	2021-05-22 23:08:47.882044	2021-05-22 23:08:47.882044	2021-05-22 23:08:47.882044	2021-05-22 23:08:47.882044	2021-05-22 23:08:47.882044	2021-05-22 23:08:47.882044	2021-05-22 23:08:47.882044	2021-05-22 23:08:47.882044	2021-05-22 23:08:47.882044	2021-05-22 23:08:47.882044	2021-05-22 23:08:47.882044
220	171	2021-05-22 23:08:47.882044	2021-05-22 23:08:47.882044	2021-05-22 23:08:47.882044	2021-05-22 23:08:47.882044	2021-05-22 23:08:47.882044	2021-05-22 23:08:47.882044	2021-05-22 23:08:47.882044	2021-05-22 23:08:47.882044	2021-05-22 23:08:47.882044	2021-05-22 23:08:47.882044	2021-05-22 23:08:47.882044
222	97	2021-05-22 23:08:47.882044	2021-05-22 23:08:47.882044	2021-05-22 23:08:47.882044	2021-05-22 23:08:47.882044	2021-05-22 23:08:47.882044	2021-05-22 23:08:47.882044	2021-05-22 23:08:47.882044	2021-05-22 23:08:47.882044	2021-05-22 23:08:47.882044	2021-05-22 23:08:47.882044	2021-05-22 23:08:47.882044
223	293	2021-05-22 23:08:47.882044	2021-05-22 23:08:47.882044	2021-05-22 23:08:47.882044	2021-05-22 23:08:47.882044	2021-05-22 23:08:47.882044	2021-05-22 23:08:47.882044	2021-05-22 23:08:47.882044	2021-05-22 23:08:47.882044	2021-05-22 23:08:47.882044	2021-05-22 23:08:47.882044	2021-05-22 23:08:47.882044
224	294	2021-05-22 23:08:47.882044	2021-05-22 23:08:47.882044	2021-05-22 23:08:47.882044	2021-05-22 23:08:47.882044	2021-05-22 23:08:47.882044	2021-05-22 23:08:47.882044	2021-05-22 23:08:47.882044	2021-05-22 23:08:47.882044	2021-05-22 23:08:47.882044	2021-05-22 23:08:47.882044	2021-05-22 23:08:47.882044
225	176	2021-05-22 23:08:47.882044	2021-05-22 23:08:47.882044	2021-05-22 23:08:47.882044	2021-05-22 23:08:47.882044	2021-05-22 23:08:47.882044	2021-05-22 23:08:47.882044	2021-05-22 23:08:47.882044	2021-05-22 23:08:47.882044	2021-05-22 23:08:47.882044	2021-05-22 23:08:47.882044	2021-05-22 23:08:47.882044
226	175	2021-05-22 23:08:47.882044	2021-05-22 23:08:47.882044	2021-05-22 23:08:47.882044	2021-05-22 23:08:47.882044	2021-05-22 23:08:47.882044	2021-05-22 23:08:47.882044	2021-05-22 23:08:47.882044	2021-05-22 23:08:47.882044	2021-05-22 23:08:47.882044	2021-05-22 23:08:47.882044	2021-05-22 23:08:47.882044
202	195	2021-05-22 23:08:47.882044	2021-05-22 23:08:47.882044	2021-05-22 23:08:47.882044	2021-05-22 23:08:47.882044	2021-05-22 23:08:47.882044	2021-05-22 23:08:47.882044	2021-05-22 23:08:47.882044	2021-05-22 23:08:47.882044	2021-05-22 23:08:47.882044	2021-05-22 23:08:47.882044	2021-05-22 23:08:47.882044
67	460	2021-05-22 23:08:47.882044	2021-05-22 23:08:47.882044	2021-05-22 23:08:47.882044	2021-05-22 23:08:47.882044	2021-05-22 23:08:47.882044	2021-05-22 23:08:47.882044	2021-05-22 23:08:47.882044	2021-05-22 23:08:47.882044	2021-05-22 23:08:47.882044	2021-05-22 23:08:47.882044	2021-05-22 23:08:47.882044
84	50	2021-05-22 23:08:47.882044	2021-05-22 23:08:47.882044	2021-05-22 23:08:47.882044	2021-05-22 23:08:47.882044	2021-05-22 23:08:47.882044	2021-05-22 23:08:47.882044	2021-05-22 23:08:47.882044	2021-05-22 23:08:47.882044	2021-05-22 23:08:47.882044	2021-05-22 23:08:47.882044	2021-05-22 23:08:47.882044
290	635	\N	\N	\N	\N	\N	\N	\N	\N	\N	\N	\N
157	162	2021-05-22 23:08:47.882044	2021-05-22 23:08:47.882044	2021-05-22 23:08:47.882044	2021-05-22 23:08:47.882044	2021-05-22 23:08:47.882044	2021-05-22 23:08:47.882044	2021-05-22 23:08:47.882044	2021-05-22 23:08:47.882044	2021-05-22 23:08:47.882044	2021-05-22 23:08:47.882044	2021-05-22 23:08:47.882044
6	207	2021-05-22 23:08:47.882044	2021-05-22 23:08:47.882044	2021-05-22 23:08:47.882044	2021-05-22 23:08:47.882044	2021-05-22 23:08:47.882044	2021-05-22 23:08:47.882044	2021-05-22 23:08:47.882044	2021-05-22 23:08:47.882044	2021-05-22 23:08:47.882044	2021-05-22 23:08:47.882044	2021-05-22 23:08:47.882044
187	232	2021-05-22 23:08:47.882044	2021-05-22 23:08:47.882044	2021-05-22 23:08:47.882044	2021-05-22 23:08:47.882044	2021-05-22 23:08:47.882044	2021-05-22 23:08:47.882044	2021-05-22 23:08:47.882044	2021-05-22 23:08:47.882044	2021-05-22 23:08:47.882044	2021-05-22 23:08:47.882044	2021-05-22 23:08:47.882044
31	245	2021-05-22 23:08:47.882044	2021-05-22 23:08:47.882044	2021-05-22 23:08:47.882044	2021-05-22 23:08:47.882044	2021-05-22 23:08:47.882044	2021-05-22 23:08:47.882044	2021-05-22 23:08:47.882044	2021-05-22 23:08:47.882044	2021-05-22 23:08:47.882044	2021-05-22 23:08:47.882044	2021-05-22 23:08:47.882044
8	4	2021-05-22 23:08:47.882044	2021-05-22 23:08:47.882044	2021-05-22 23:08:47.882044	2021-05-22 23:08:47.882044	2021-05-22 23:08:47.882044	2021-05-22 23:08:47.882044	2021-05-22 23:08:47.882044	2021-05-22 23:08:47.882044	2021-05-22 23:08:47.882044	2021-05-22 23:08:47.882044	2021-05-22 23:08:47.882044
16	91	2021-05-22 23:08:47.882044	2021-05-22 23:08:47.882044	2021-05-22 23:08:47.882044	2021-05-22 23:08:47.882044	2021-05-22 23:08:47.882044	2021-05-22 23:08:47.882044	2021-05-22 23:08:47.882044	2021-05-22 23:08:47.882044	2021-05-22 23:08:47.882044	2021-05-22 23:08:47.882044	2021-05-22 23:08:47.882044
178	109	2021-05-22 23:08:47.882044	2021-05-22 23:08:47.882044	2021-05-22 23:08:47.882044	2021-05-22 23:08:47.882044	2021-05-22 23:08:47.882044	2021-05-22 23:08:47.882044	2021-05-22 23:08:47.882044	2021-05-22 23:08:47.882044	2021-05-22 23:08:47.882044	2021-05-22 23:08:47.882044	2021-05-22 23:08:47.882044
114	59	2021-05-22 23:08:47.882044	2021-05-22 23:08:47.882044	2021-05-22 23:08:47.882044	2021-05-22 23:08:47.882044	2021-05-22 23:08:47.882044	2021-05-22 23:08:47.882044	2021-05-22 23:08:47.882044	2021-05-22 23:08:47.882044	2021-05-22 23:08:47.882044	2021-05-22 23:08:47.882044	2021-05-22 23:08:47.882044
23	507	2021-05-22 23:08:47.882044	2021-05-22 23:08:47.882044	2021-05-22 23:08:47.882044	2021-05-22 23:08:47.882044	2021-05-22 23:08:47.882044	2021-05-22 23:08:47.882044	2021-05-22 23:08:47.882044	2021-05-22 23:08:47.882044	2021-05-22 23:08:47.882044	2021-05-22 23:08:47.882044	2021-05-22 23:08:47.882044
34	100	2021-05-22 23:08:47.882044	2021-05-22 23:08:47.882044	2021-05-22 23:08:47.882044	2021-05-22 23:08:47.882044	2021-05-22 23:08:47.882044	2021-05-22 23:08:47.882044	2021-05-22 23:08:47.882044	2021-05-22 23:08:47.882044	2021-05-22 23:08:47.882044	2021-05-22 23:08:47.882044	2021-05-22 23:08:47.882044
133	150	2021-05-22 23:08:47.882044	2021-05-22 23:08:47.882044	2021-05-22 23:08:47.882044	2021-05-22 23:08:47.882044	2021-05-22 23:08:47.882044	2021-05-22 23:08:47.882044	2021-05-22 23:08:47.882044	2021-05-22 23:08:47.882044	2021-05-22 23:08:47.882044	2021-05-22 23:08:47.882044	2021-05-22 23:08:47.882044
52	519	2021-05-22 23:08:47.882044	2021-05-22 23:08:47.882044	2021-05-22 23:08:47.882044	2021-05-22 23:08:47.882044	2021-05-22 23:08:47.882044	2021-05-22 23:08:47.882044	2021-05-22 23:08:47.882044	2021-05-22 23:08:47.882044	2021-05-22 23:08:47.882044	2021-05-22 23:08:47.882044	2021-05-22 23:08:47.882044
98	466	2021-05-22 23:08:47.882044	2021-05-22 23:08:47.882044	2021-05-22 23:08:47.882044	2021-05-22 23:08:47.882044	2021-05-22 23:08:47.882044	2021-05-22 23:08:47.882044	2021-05-22 23:08:47.882044	2021-05-22 23:08:47.882044	2021-05-22 23:08:47.882044	2021-05-22 23:08:47.882044	2021-05-22 23:08:47.882044
32	254	2021-05-22 23:08:47.882044	2021-05-22 23:08:47.882044	2021-05-22 23:08:47.882044	2021-05-22 23:08:47.882044	2021-05-22 23:08:47.882044	2021-05-22 23:08:47.882044	2021-05-22 23:08:47.882044	2021-05-22 23:08:47.882044	2021-05-22 23:08:47.882044	2021-05-22 23:08:47.882044	2021-05-22 23:08:47.882044
154	102	2021-05-22 23:08:47.882044	2021-05-22 23:08:47.882044	2021-05-22 23:08:47.882044	2021-05-22 23:08:47.882044	2021-05-22 23:08:47.882044	2021-05-22 23:08:47.882044	2021-05-22 23:08:47.882044	2021-05-22 23:08:47.882044	2021-05-22 23:08:47.882044	2021-05-22 23:08:47.882044	2021-05-22 23:08:47.882044
50	521	2021-05-22 23:08:47.882044	2021-05-22 23:08:47.882044	2021-05-22 23:08:47.882044	2021-05-22 23:08:47.882044	2021-05-22 23:08:47.882044	2021-05-22 23:08:47.882044	2021-05-22 23:08:47.882044	2021-05-22 23:08:47.882044	2021-05-22 23:08:47.882044	2021-05-22 23:08:47.882044	2021-05-22 23:08:47.882044
90	522	2021-05-22 23:08:47.882044	2021-05-22 23:08:47.882044	2021-05-22 23:08:47.882044	2021-05-22 23:08:47.882044	2021-05-22 23:08:47.882044	2021-05-22 23:08:47.882044	2021-05-22 23:08:47.882044	2021-05-22 23:08:47.882044	2021-05-22 23:08:47.882044	2021-05-22 23:08:47.882044	2021-05-22 23:08:47.882044
217	264	2021-05-22 23:08:47.882044	2021-05-22 23:08:47.882044	2021-05-22 23:08:47.882044	2021-05-22 23:08:47.882044	2021-05-22 23:08:47.882044	2021-05-22 23:08:47.882044	2021-05-22 23:08:47.882044	2021-05-22 23:08:47.882044	2021-05-22 23:08:47.882044	2021-05-22 23:08:47.882044	2021-05-22 23:08:47.882044
95	88	2021-05-22 23:08:47.882044	2021-05-22 23:08:47.882044	2021-05-22 23:08:47.882044	2021-05-22 23:08:47.882044	2021-05-22 23:08:47.882044	2021-05-22 23:08:47.882044	2021-05-22 23:08:47.882044	2021-05-22 23:08:47.882044	2021-05-22 23:08:47.882044	2021-05-22 23:08:47.882044	2021-05-22 23:08:47.882044
36	548	2021-05-22 23:08:47.882044	2021-05-22 23:08:47.882044	2021-05-22 23:08:47.882044	2021-05-22 23:08:47.882044	2021-05-22 23:08:47.882044	2021-05-22 23:08:47.882044	2021-05-22 23:08:47.882044	2021-05-22 23:08:47.882044	2021-05-22 23:08:47.882044	2021-05-22 23:08:47.882044	2021-05-22 23:08:47.882044
13	129	2021-05-22 23:08:47.882044	2021-05-22 23:08:47.882044	2021-05-22 23:08:47.882044	2021-05-22 23:08:47.882044	2021-05-22 23:08:47.882044	2021-05-22 23:08:47.882044	2021-05-22 23:08:47.882044	2021-05-22 23:08:47.882044	2021-05-22 23:08:47.882044	2021-05-22 23:08:47.882044	2021-05-22 23:08:47.882044
71	215	2021-05-22 23:08:47.882044	2021-05-22 23:08:47.882044	2021-05-22 23:08:47.882044	2021-05-22 23:08:47.882044	2021-05-22 23:08:47.882044	2021-05-22 23:08:47.882044	2021-05-22 23:08:47.882044	2021-05-22 23:08:47.882044	2021-05-22 23:08:47.882044	2021-05-22 23:08:47.882044	2021-05-22 23:08:47.882044
41	13	2021-05-22 23:08:47.882044	2021-05-22 23:08:47.882044	2021-05-22 23:08:47.882044	2021-05-22 23:08:47.882044	2021-05-22 23:08:47.882044	2021-05-22 23:08:47.882044	2021-05-22 23:08:47.882044	2021-05-22 23:08:47.882044	2021-05-22 23:08:47.882044	2021-05-22 23:08:47.882044	2021-05-22 23:08:47.882044
117	145	2021-05-22 23:08:47.882044	2021-05-22 23:08:47.882044	2021-05-22 23:08:47.882044	2021-05-22 23:08:47.882044	2021-05-22 23:08:47.882044	2021-05-22 23:08:47.882044	2021-05-22 23:08:47.882044	2021-05-22 23:08:47.882044	2021-05-22 23:08:47.882044	2021-05-22 23:08:47.882044	2021-05-22 23:08:47.882044
175	77	2021-05-22 23:08:47.882044	2021-05-22 23:08:47.882044	2021-05-22 23:08:47.882044	2021-05-22 23:08:47.882044	2021-05-22 23:08:47.882044	2021-05-22 23:08:47.882044	2021-05-22 23:08:47.882044	2021-05-22 23:08:47.882044	2021-05-22 23:08:47.882044	2021-05-22 23:08:47.882044	2021-05-22 23:08:47.882044
78	55	2021-05-22 23:08:47.882044	2021-05-22 23:08:47.882044	2021-05-22 23:08:47.882044	2021-05-22 23:08:47.882044	2021-05-22 23:08:47.882044	2021-05-22 23:08:47.882044	2021-05-22 23:08:47.882044	2021-05-22 23:08:47.882044	2021-05-22 23:08:47.882044	2021-05-22 23:08:47.882044	2021-05-22 23:08:47.882044
105	141	2021-05-22 23:08:47.882044	2021-05-22 23:08:47.882044	2021-05-22 23:08:47.882044	2021-05-22 23:08:47.882044	2021-05-22 23:08:47.882044	2021-05-22 23:08:47.882044	2021-05-22 23:08:47.882044	2021-05-22 23:08:47.882044	2021-05-22 23:08:47.882044	2021-05-22 23:08:47.882044	2021-05-22 23:08:47.882044
7	161	2021-05-22 23:08:47.882044	2021-05-22 23:08:47.882044	2021-05-22 23:08:47.882044	2021-05-22 23:08:47.882044	2021-05-22 23:08:47.882044	2021-05-22 23:08:47.882044	2021-05-22 23:08:47.882044	2021-05-22 23:08:47.882044	2021-05-22 23:08:47.882044	2021-05-22 23:08:47.882044	2021-05-22 23:08:47.882044
20	92	2021-05-22 23:08:47.882044	2021-05-22 23:08:47.882044	2021-05-22 23:08:47.882044	2021-05-22 23:08:47.882044	2021-05-22 23:08:47.882044	2021-05-22 23:08:47.882044	2021-05-22 23:08:47.882044	2021-05-22 23:08:47.882044	2021-05-22 23:08:47.882044	2021-05-22 23:08:47.882044	2021-05-22 23:08:47.882044
177	60	2021-05-22 23:08:47.882044	2021-05-22 23:08:47.882044	2021-05-22 23:08:47.882044	2021-05-22 23:08:47.882044	2021-05-22 23:08:47.882044	2021-05-22 23:08:47.882044	2021-05-22 23:08:47.882044	2021-05-22 23:08:47.882044	2021-05-22 23:08:47.882044	2021-05-22 23:08:47.882044	2021-05-22 23:08:47.882044
44	204	2021-05-22 23:08:47.882044	2021-05-22 23:08:47.882044	2021-05-22 23:08:47.882044	2021-05-22 23:08:47.882044	2021-05-22 23:08:47.882044	2021-05-22 23:08:47.882044	2021-05-22 23:08:47.882044	2021-05-22 23:08:47.882044	2021-05-22 23:08:47.882044	2021-05-22 23:08:47.882044	2021-05-22 23:08:47.882044
215	229	2021-05-22 23:08:47.882044	2021-05-22 23:08:47.882044	2021-05-22 23:08:47.882044	2021-05-22 23:08:47.882044	2021-05-22 23:08:47.882044	2021-05-22 23:08:47.882044	2021-05-22 23:08:47.882044	2021-05-22 23:08:47.882044	2021-05-22 23:08:47.882044	2021-05-22 23:08:47.882044	2021-05-22 23:08:47.882044
99	239	2021-05-22 23:08:47.882044	2021-05-22 23:08:47.882044	2021-05-22 23:08:47.882044	2021-05-22 23:08:47.882044	2021-05-22 23:08:47.882044	2021-05-22 23:08:47.882044	2021-05-22 23:08:47.882044	2021-05-22 23:08:47.882044	2021-05-22 23:08:47.882044	2021-05-22 23:08:47.882044	2021-05-22 23:08:47.882044
30	73	2021-05-22 23:08:47.882044	2021-05-22 23:08:47.882044	2021-05-22 23:08:47.882044	2021-05-22 23:08:47.882044	2021-05-22 23:08:47.882044	2021-05-22 23:08:47.882044	2021-05-22 23:08:47.882044	2021-05-22 23:08:47.882044	2021-05-22 23:08:47.882044	2021-05-22 23:08:47.882044	2021-05-22 23:08:47.882044
88	75	2021-05-22 23:08:47.882044	2021-05-22 23:08:47.882044	2021-05-22 23:08:47.882044	2021-05-22 23:08:47.882044	2021-05-22 23:08:47.882044	2021-05-22 23:08:47.882044	2021-05-22 23:08:47.882044	2021-05-22 23:08:47.882044	2021-05-22 23:08:47.882044	2021-05-22 23:08:47.882044	2021-05-22 23:08:47.882044
227	193	2021-05-22 23:08:47.882044	2021-05-22 23:08:47.882044	2021-05-22 23:08:47.882044	2021-05-22 23:08:47.882044	2021-05-22 23:08:47.882044	2021-05-22 23:08:47.882044	2021-05-22 23:08:47.882044	2021-05-22 23:08:47.882044	2021-05-22 23:08:47.882044	2021-05-22 23:08:47.882044	2021-05-22 23:08:47.882044
243	348	2021-05-22 23:08:47.882044	2021-05-22 23:08:47.882044	2021-05-22 23:08:47.882044	2021-05-22 23:08:47.882044	2021-05-22 23:08:47.882044	2021-05-22 23:08:47.882044	2021-05-22 23:08:47.882044	2021-05-22 23:08:47.882044	2021-05-22 23:08:47.882044	2021-05-22 23:08:47.882044	2021-05-22 23:08:47.882044
57	8	2021-05-22 23:08:47.882044	2021-05-22 23:08:47.882044	2021-05-22 23:08:47.882044	2021-05-22 23:08:47.882044	2021-05-22 23:08:47.882044	2021-05-22 23:08:47.882044	2021-05-22 23:08:47.882044	2021-05-22 23:08:47.882044	2021-05-22 23:08:47.882044	2021-05-22 23:08:47.882044	2021-05-22 23:08:47.882044
221	263	2021-05-22 23:08:47.882044	2021-05-22 23:08:47.882044	2021-05-22 23:08:47.882044	2021-05-22 23:08:47.882044	2021-05-22 23:08:47.882044	2021-05-22 23:08:47.882044	2021-05-22 23:08:47.882044	2021-05-22 23:08:47.882044	2021-05-22 23:08:47.882044	2021-05-22 23:08:47.882044	2021-05-22 23:08:47.882044
266	38	2021-05-22 23:08:47.882044	2021-05-22 23:08:47.882044	2021-05-22 23:08:47.882044	2021-05-22 23:08:47.882044	2021-05-22 23:08:47.882044	2021-05-22 23:08:47.882044	2021-05-22 23:08:47.882044	2021-05-22 23:08:47.882044	2021-05-22 23:08:47.882044	2021-05-22 23:08:47.882044	2021-05-22 23:08:47.882044
37	131	2021-05-22 23:08:47.882044	2021-05-22 23:08:47.882044	2021-05-22 23:08:47.882044	2021-05-22 23:08:47.882044	2021-05-22 23:08:47.882044	2021-05-22 23:08:47.882044	2021-05-22 23:08:47.882044	2021-05-22 23:08:47.882044	2021-05-22 23:08:47.882044	2021-05-22 23:08:47.882044	2021-05-22 23:08:47.882044
46	31	2021-05-22 23:08:47.882044	2021-05-22 23:08:47.882044	2021-05-22 23:08:47.882044	2021-05-22 23:08:47.882044	2021-05-22 23:08:47.882044	2021-05-22 23:08:47.882044	2021-05-22 23:08:47.882044	2021-05-22 23:08:47.882044	2021-05-22 23:08:47.882044	2021-05-22 23:08:47.882044	2021-05-22 23:08:47.882044
15	429	2021-05-22 23:08:47.882044	2021-05-22 23:08:47.882044	2021-05-22 23:08:47.882044	2021-05-22 23:08:47.882044	2021-05-22 23:08:47.882044	2021-05-22 23:08:47.882044	2021-05-22 23:08:47.882044	2021-05-22 23:08:47.882044	2021-05-22 23:08:47.882044	2021-05-22 23:08:47.882044	2021-05-22 23:08:47.882044
160	99	2021-05-22 23:08:47.882044	2021-05-22 23:08:47.882044	2021-05-22 23:08:47.882044	2021-05-22 23:08:47.882044	2021-05-22 23:08:47.882044	2021-05-22 23:08:47.882044	2021-05-22 23:08:47.882044	2021-05-22 23:08:47.882044	2021-05-22 23:08:47.882044	2021-05-22 23:08:47.882044	2021-05-22 23:08:47.882044
265	278	2021-05-22 23:08:47.882044	2021-05-22 23:08:47.882044	2021-05-22 23:08:47.882044	2021-05-22 23:08:47.882044	2021-05-22 23:08:47.882044	2021-05-22 23:08:47.882044	2021-05-22 23:08:47.882044	2021-05-22 23:08:47.882044	2021-05-22 23:08:47.882044	2021-05-22 23:08:47.882044	2021-05-22 23:08:47.882044
148	112	2021-05-22 23:08:47.882044	2021-05-22 23:08:47.882044	2021-05-22 23:08:47.882044	2021-05-22 23:08:47.882044	2021-05-22 23:08:47.882044	2021-05-22 23:08:47.882044	2021-05-22 23:08:47.882044	2021-05-22 23:08:47.882044	2021-05-22 23:08:47.882044	2021-05-22 23:08:47.882044	2021-05-22 23:08:47.882044
240	20	2021-05-22 23:08:47.882044	2021-05-22 23:08:47.882044	2021-05-22 23:08:47.882044	2021-05-22 23:08:47.882044	2021-05-22 23:08:47.882044	2021-05-22 23:08:47.882044	2021-05-22 23:08:47.882044	2021-05-22 23:08:47.882044	2021-05-22 23:08:47.882044	2021-05-22 23:08:47.882044	2021-05-22 23:08:47.882044
239	12	2021-05-22 23:08:47.882044	2021-05-22 23:08:47.882044	2021-05-22 23:08:47.882044	2021-05-22 23:08:47.882044	2021-05-22 23:08:47.882044	2021-05-22 23:08:47.882044	2021-05-22 23:08:47.882044	2021-05-22 23:08:47.882044	2021-05-22 23:08:47.882044	2021-05-22 23:08:47.882044	2021-05-22 23:08:47.882044
258	248	2021-05-22 23:08:47.882044	2021-05-22 23:08:47.882044	2021-05-22 23:08:47.882044	2021-05-22 23:08:47.882044	2021-05-22 23:08:47.882044	2021-05-22 23:08:47.882044	2021-05-22 23:08:47.882044	2021-05-22 23:08:47.882044	2021-05-22 23:08:47.882044	2021-05-22 23:08:47.882044	2021-05-22 23:08:47.882044
254	244	2021-05-22 23:08:47.882044	2021-05-22 23:08:47.882044	2021-05-22 23:08:47.882044	2021-05-22 23:08:47.882044	2021-05-22 23:08:47.882044	2021-05-22 23:08:47.882044	2021-05-22 23:08:47.882044	2021-05-22 23:08:47.882044	2021-05-22 23:08:47.882044	2021-05-22 23:08:47.882044	2021-05-22 23:08:47.882044
159	104	2021-05-22 23:08:47.882044	2021-05-22 23:08:47.882044	2021-05-22 23:08:47.882044	2021-05-22 23:08:47.882044	2021-05-22 23:08:47.882044	2021-05-22 23:08:47.882044	2021-05-22 23:08:47.882044	2021-05-22 23:08:47.882044	2021-05-22 23:08:47.882044	2021-05-22 23:08:47.882044	2021-05-22 23:08:47.882044
267	498	2021-05-22 23:08:47.882044	2021-05-22 23:08:47.882044	2021-05-22 23:08:47.882044	2021-05-22 23:08:47.882044	2021-05-22 23:08:47.882044	2021-05-22 23:08:47.882044	2021-05-22 23:08:47.882044	2021-05-22 23:08:47.882044	2021-05-22 23:08:47.882044	2021-05-22 23:08:47.882044	2021-05-22 23:08:47.882044
257	501	2021-05-22 23:08:47.882044	2021-05-22 23:08:47.882044	2021-05-22 23:08:47.882044	2021-05-22 23:08:47.882044	2021-05-22 23:08:47.882044	2021-05-22 23:08:47.882044	2021-05-22 23:08:47.882044	2021-05-22 23:08:47.882044	2021-05-22 23:08:47.882044	2021-05-22 23:08:47.882044	2021-05-22 23:08:47.882044
65	509	2021-05-22 23:08:47.882044	2021-05-22 23:08:47.882044	2021-05-22 23:08:47.882044	2021-05-22 23:08:47.882044	2021-05-22 23:08:47.882044	2021-05-22 23:08:47.882044	2021-05-22 23:08:47.882044	2021-05-22 23:08:47.882044	2021-05-22 23:08:47.882044	2021-05-22 23:08:47.882044	2021-05-22 23:08:47.882044
268	197	2021-05-22 23:08:47.882044	2021-05-22 23:08:47.882044	2021-05-22 23:08:47.882044	2021-05-22 23:08:47.882044	2021-05-22 23:08:47.882044	2021-05-22 23:08:47.882044	2021-05-22 23:08:47.882044	2021-05-22 23:08:47.882044	2021-05-22 23:08:47.882044	2021-05-22 23:08:47.882044	2021-05-22 23:08:47.882044
49	520	2021-05-22 23:08:47.882044	2021-05-22 23:08:47.882044	2021-05-22 23:08:47.882044	2021-05-22 23:08:47.882044	2021-05-22 23:08:47.882044	2021-05-22 23:08:47.882044	2021-05-22 23:08:47.882044	2021-05-22 23:08:47.882044	2021-05-22 23:08:47.882044	2021-05-22 23:08:47.882044	2021-05-22 23:08:47.882044
24	508	2021-05-22 23:08:47.882044	2021-05-22 23:08:47.882044	2021-05-22 23:08:47.882044	2021-05-22 23:08:47.882044	2021-05-22 23:08:47.882044	2021-05-22 23:08:47.882044	2021-05-22 23:08:47.882044	2021-05-22 23:08:47.882044	2021-05-22 23:08:47.882044	2021-05-22 23:08:47.882044	2021-05-22 23:08:47.882044
5	510	2021-05-22 23:08:47.882044	2021-05-22 23:08:47.882044	2021-05-22 23:08:47.882044	2021-05-22 23:08:47.882044	2021-05-22 23:08:47.882044	2021-05-22 23:08:47.882044	2021-05-22 23:08:47.882044	2021-05-22 23:08:47.882044	2021-05-22 23:08:47.882044	2021-05-22 23:08:47.882044	2021-05-22 23:08:47.882044
51	523	2021-05-22 23:08:47.882044	2021-05-22 23:08:47.882044	2021-05-22 23:08:47.882044	2021-05-22 23:08:47.882044	2021-05-22 23:08:47.882044	2021-05-22 23:08:47.882044	2021-05-22 23:08:47.882044	2021-05-22 23:08:47.882044	2021-05-22 23:08:47.882044	2021-05-22 23:08:47.882044	2021-05-22 23:08:47.882044
229	252	2021-05-22 23:08:47.882044	2021-05-22 23:08:47.882044	2021-05-22 23:08:47.882044	2021-05-22 23:08:47.882044	2021-05-22 23:08:47.882044	2021-05-22 23:08:47.882044	2021-05-22 23:08:47.882044	2021-05-22 23:08:47.882044	2021-05-22 23:08:47.882044	2021-05-22 23:08:47.882044	2021-05-22 23:08:47.882044
4	302	2021-05-22 23:08:47.882044	2021-05-22 23:08:47.882044	2021-05-22 23:08:47.882044	2021-05-22 23:08:47.882044	2021-05-22 23:08:47.882044	2021-05-22 23:08:47.882044	2021-05-22 23:08:47.882044	2021-05-22 23:08:47.882044	2021-05-22 23:08:47.882044	2021-05-22 23:08:47.882044	2021-05-22 23:08:47.882044
291	603	\N	\N	\N	\N	\N	\N	\N	\N	\N	\N	\N
2	558	2021-05-22 23:08:47.882044	2021-05-22 23:08:47.882044	2021-05-22 23:08:47.882044	2021-05-22 23:08:47.882044	2021-05-22 23:08:47.882044	2021-05-22 23:08:47.882044	2021-05-22 23:08:47.882044	2021-05-22 23:08:47.882044	2021-05-22 23:08:47.882044	2021-05-22 23:08:47.882044	2021-05-22 23:08:47.882044
1	511	2021-05-22 23:08:47.882044	2021-05-22 23:08:47.882044	2021-05-22 23:08:47.882044	2021-05-22 23:08:47.882044	2021-05-22 23:08:47.882044	2021-05-22 23:08:47.882044	2021-05-22 23:08:47.882044	2021-05-22 23:08:47.882044	2021-05-22 23:08:47.882044	2021-05-22 23:08:47.882044	2021-05-22 23:08:47.882044
165	11	2021-05-22 23:08:47.882044	2021-05-22 23:08:47.882044	2021-05-22 23:08:47.882044	2021-05-22 23:08:47.882044	2021-05-22 23:08:47.882044	2021-05-22 23:08:47.882044	2021-05-22 23:08:47.882044	2021-05-22 23:08:47.882044	2021-05-22 23:08:47.882044	2021-05-22 23:08:47.882044	2021-05-22 23:08:47.882044
40	39	2021-05-22 23:08:47.882044	2021-05-22 23:08:47.882044	2021-05-22 23:08:47.882044	2021-05-22 23:08:47.882044	2021-05-22 23:08:47.882044	2021-05-22 23:08:47.882044	2021-05-22 23:08:47.882044	2021-05-22 23:08:47.882044	2021-05-22 23:08:47.882044	2021-05-22 23:08:47.882044	2021-05-22 23:08:47.882044
207	174	2021-05-22 23:08:47.882044	2021-05-22 23:08:47.882044	2021-05-22 23:08:47.882044	2021-05-22 23:08:47.882044	2021-05-22 23:08:47.882044	2021-05-22 23:08:47.882044	2021-05-22 23:08:47.882044	2021-05-22 23:08:47.882044	2021-05-22 23:08:47.882044	2021-05-22 23:08:47.882044	2021-05-22 23:08:47.882044
18	160	2021-06-03 20:24:03.994859	2021-05-22 23:08:47.882044	2021-05-22 23:08:47.882044	2021-05-22 23:08:47.882044	2021-05-22 23:08:47.882044	2021-05-22 23:08:47.882044	2021-05-22 23:08:47.882044	2021-06-03 20:24:03.994859	2021-05-22 23:08:47.882044	2021-05-22 23:08:47.882044	2021-05-22 23:08:47.882044
\.


--
-- Data for Name: payments_history; Type: TABLE DATA; Schema: public; Owner: apps
--

COPY public.payments_history (id, user_id, marketing, amount) FROM stdin;
1	160	franchise_pay	100
2	160	franchise_pay	10.57
3	160	franchise_pay	10.578
\.


--
-- Data for Name: quasar_telegrambot_news; Type: TABLE DATA; Schema: public; Owner: apps
--

COPY public.quasar_telegrambot_news (id, text, img_id) FROM stdin;
11	    12 ,    EasyStars.               .   ,    ! \n\n    ,    (topcoin & lidcoin),  . ,  4     12  ! \n\n  Quasar Tehnology,      it  \n\n    \nQuasar Tehnology,        .            .\n\n   ,     ,   ,     .            .      !  \n\n,     ,    !         .        ,        45  ! \n\n     SALE MARAFON           ,    . ,       !!! \n\n ,   Quasar Tehnology,  	\N
12	Time to step..   ,      !	AgACAgIAAxkBAAItGGBnMl92BGwHp5FnD8SmzLz5xhVVAAJIszEbUXs5S_8BDhWJMfyIM22Soi4AAwEAAwIAA20AAzyqAAIeBA
13	    ,   !!! \n\n    Quasar Tehnology\n\n        \n\n             ! \n\n:   1380.    700\n\n   08.04.2021\n\n ,    @chalovavika   Q Cloud +	AgACAgIAAxkBAAItJmBnM9z8LyonL2-vbEvLw3wV0xX2AAKYsTEbfc04S_9EJbUp09YuDRzKly4AAwEAAwIAA20AAzeOBwABHgQ
\.


--
-- Data for Name: quasar_telegrambot_posts; Type: TABLE DATA; Schema: public; Owner: apps
--

COPY public.quasar_telegrambot_posts (text, base64_image, created_datetime, post_datetime, id) FROM stdin;
\.


--
-- Data for Name: quasar_telegrambot_posts_dev; Type: TABLE DATA; Schema: public; Owner: apps
--

COPY public.quasar_telegrambot_posts_dev (text, base64_image, created_datetime, post_datetime, id) FROM stdin;
\.


--
-- Data for Name: quasar_telegrambot_users_new; Type: TABLE DATA; Schema: public; Owner: apps
--

COPY public.quasar_telegrambot_users_new (username, is_admin, chat_id, datetime, id, ref_id, last_pay, sign, checked, gift_recived) FROM stdin;
Kdan_dev	f	709850073	2021-03-21 14:03:24+03	108	586	2021-05-11 21:27:55	\N	t	f
terart	\N	306491984	\N	640	625	2021-05-31 09:33:24.367119	\N	t	f
Nadia_Magia	f	254166632	2021-03-21 13:05:12+03	86	204	2021-05-11 21:27:55	\N	t	f
nllubov	\N	692461489	\N	642	\N	\N	\N	\N	f
raisalinda	\N	375235650	\N	489	\N	2021-05-11 21:27:55	\N	t	f
AShein_031082	\N	443349783	\N	566	\N	2021-05-11 21:27:55	\N	t	f
KravchenkoNataliay	f	553678737	2021-03-21 13:34:05+03	91	213	2021-05-11 21:27:55	\N	t	f
CheckMan1	\N	380357311	\N	568	\N	2021-05-11 21:27:55	\N	\N	f
VitaStrazdinja	\N	630073084	\N	542	\N	2021-05-11 21:27:55	\N	t	f
Denisfreedom	\N	300292916	\N	543	\N	2021-05-11 21:27:55	\N	t	f
AnastasiyaCheginets	\N	\N	\N	505	10	2021-05-11 21:27:55	\N	\N	f
MARIHA64	f	328096927	2021-03-21 12:24:21+03	92	266	2021-05-11 21:27:55	\N	t	f
Iyliaa_khoma	\N	1064939314	\N	321	276	2021-05-11 21:27:55	\N	t	f
Y_Marisha	f	660381483	2021-03-24 21:14:43+03	98	\N	2021-05-11 21:27:55	\N	t	f
nadezhda0202	f	877246168	2021-03-27 01:37:48+03	129	89	2021-05-11 21:27:55	\N	t	f
KateKattina	\N	1385989558	\N	313	\N	2021-05-11 21:27:55	\N	t	f
bizvsem	\N	670150944	\N	612	\N	2021-05-11 21:27:55	\N	t	f
LyubovSi	\N	416023381	\N	322	\N	2021-05-11 21:27:55	\N	t	f
LidiaIvanova_gm	\N	883151263	\N	342	\N	2021-05-11 21:27:55	\N	t	f
SofiTani	\N	397744243	\N	391	\N	2021-05-11 21:27:55	\N	\N	f
Dikaver	\N	914438334	\N	324	\N	2021-05-11 21:27:55	\N	t	f
Tolikshev	\N	1143828541	\N	372	\N	2021-05-11 21:27:55	\N	t	f
maratsuley	\N	463114160	\N	323	\N	2021-05-11 21:27:55	\N	t	f
bossanmarina	\N	460775861	\N	367	\N	2021-05-11 21:27:55	\N	t	f
Artem_Gupalo	f	434130245	2021-03-23 11:01:37+03	184	\N	2021-05-11 21:27:55	\N	t	f
princ04616	\N	173341487	\N	341	\N	2021-05-11 21:27:55	\N	t	f
Ena_valide	\N	1525579867	\N	647	\N	\N	\N	t	f
larisatagunova	f	303807003	2021-03-18 09:09:36+03	196	192	2021-05-11 21:27:55	\N	t	f
Denny_Redds	\N	613393821	\N	593	590	2021-05-11 21:27:55	\N	t	f
demidova_astro	\N	434855633	\N	561	\N	2021-05-11 21:27:55	\N	t	f
solnze7	\N	257394633	\N	379	\N	2021-05-11 21:27:55	\N	\N	f
tarasvinnik	\N	266159174	\N	300	\N	2021-05-11 21:27:55	\N	t	f
nata1003	\N	932162530	\N	301	\N	2021-05-11 21:27:55	\N	t	f
SofiTai	\N	1031886840	\N	414	\N	2021-05-11 21:27:55	\N	t	f
Galushko_Lyuba	\N	633992860	\N	513	\N	2021-05-11 21:27:55	\N	t	f
evgenii_p	f	802120242	2021-03-23 17:56:20+03	66	\N	2021-05-11 21:27:55	\N	t	f
NataliKamen	\N	660560406	\N	349	\N	2021-05-11 21:27:55	\N	t	f
Rolina5555	f	1730542829	2021-03-21 21:58:02+03	4	131	2021-05-11 21:27:55	\N	t	f
AndreiWorobei	f	941186207	2021-04-03 11:43:07+03	40	\N	2021-05-11 21:27:55	\N	t	f
marikupr	f	533223069	2021-03-26 17:34:52+03	41	\N	2021-05-11 21:27:55	\N	t	f
ritta61	\N	1323619021	\N	388	\N	2021-05-11 21:27:55	\N	t	f
Anya2046	f	1154360983	2021-04-02 00:49:14+03	43	\N	2021-05-11 21:27:55	\N	t	f
ValentinoGas	f	1033609848	2021-04-02 00:44:57+03	44	\N	2021-05-11 21:27:55	\N	t	f
alenka1973chelny	\N	551557196	\N	389	\N	2021-05-11 21:27:55	\N	t	f
Udalihyulia	\N	967962420	\N	556	\N	2021-05-11 21:27:55	\N	t	f
incoms	\N	118740509	\N	637	\N	2021-05-11 21:27:55	\N	\N	f
Alexandra_Lukyanenko	\N	801759661	\N	290	\N	2021-05-11 21:27:55	\N	t	f
ekaterinaarsakova	\N	635049537	\N	415	\N	2021-05-11 21:27:55	\N	t	f
asia0001	\N	\N	\N	595	180	2021-05-11 21:27:55	\N	\N	f
ElenaUdalih	f	331465221	2021-03-21 12:25:32+03	155	61	2021-05-11 21:27:55	\N	t	f
marinaelesina2020	f	1084044888	2021-03-21 12:27:36+03	140	201	2021-05-11 21:27:55	\N	t	f
Anastasia_Paskan	f	829746253	2021-03-21 12:28:30+03	139	141	2021-05-11 21:27:55	\N	t	f
abdum777	f	743610959	2021-03-21 13:15:30+03	150	183	2021-05-11 21:27:55	\N	t	f
vsemdobra8	f	302546709	2021-03-21 12:19:02+03	76	55	2021-05-11 21:27:55	\N	t	f
igorklim8385	f	990062153	2021-03-21 13:35:04+03	52	166	2021-05-11 21:27:55	\N	t	f
vilma87	\N	326476456	\N	502	\N	2021-05-11 21:27:55	\N	t	f
olauz	\N	302371103	\N	446	\N	2021-05-11 21:27:55	\N	t	f
Luda_Leshch	\N	622635224	\N	447	\N	2021-05-11 21:27:55	\N	t	f
osipGM	\N	769640853	\N	484	\N	2021-05-11 21:27:55	\N	t	f
undefined	f	1478684338	2021-03-22 21:14:29+03	19	\N	2021-05-11 21:27:55	\N	t	f
romanmargo	\N	585949176	\N	562	\N	2021-05-11 21:27:55	\N	t	f
DustTrader	f	725489878	2021-04-02 17:26:25+03	64	\N	2021-05-11 21:27:55	\N	t	f
vgalka8	\N	1085777982	\N	359	\N	2021-05-11 21:27:55	\N	\N	f
PjSmirnoff	f	541886333	2021-03-21 14:04:39+03	106	215	2021-05-11 21:27:55	\N	t	f
Isay1206	f	940656251	2021-03-31 23:29:42+03	114	246	2021-05-11 21:27:55	\N	f	f
Andrei7887	f	1521085851	2021-03-21 13:35:16+03	58	166	2021-05-11 21:27:55	\N	t	f
Sinsenna	f	68052879	2021-03-21 21:56:17+03	51	216	2021-05-11 21:27:55	\N	t	f
shad0w_design	f	78399426	2021-03-21 21:58:51+03	54	51	2021-05-11 21:27:55	\N	t	f
vika902100	f	645726453	2021-03-21 12:25:32+03	144	61	2021-05-11 21:27:55	\N	t	f
TenLana	f	740861955	2021-03-28 20:38:59+03	116	291	2021-05-11 21:27:55	\N	t	f
Vyacheslav49	f	286830746	2021-03-21 13:56:10+03	70	161	2021-05-11 21:27:55	\N	t	f
milena6759	f	657369426	2021-03-31 23:29:42+03	112	278	2021-05-11 21:27:55	\N	t	f
Akram575	f	277867111	2021-03-21 12:22:20+03	258	169	2021-05-11 21:27:55	\N	t	f
AsyaUna	f	788318147	2021-03-21 13:03:46+03	188	121	2021-05-11 21:27:55	\N	t	f
Viktor6405	f	1736682455	2021-03-31 11:59:58+03	102	91	2021-05-11 21:27:55	\N	t	f
AidaRybina	f	349257794	2021-03-21 12:27:14+03	120	209	2021-05-11 21:27:55	\N	t	f
Natalochka_27	f	1315292343	2021-03-21 13:01:57+03	163	23	2021-05-11 21:27:55	\N	t	f
IrenYakov	f	871861058	2021-03-31 23:29:42+03	162	131	2021-05-11 21:27:55	\N	t	f
alla_donskowa	f	1148851075	2021-03-28 20:37:01+03	104	165	2021-05-11 21:27:55	\N	t	f
Ulitich64	f	1781765220	2021-03-28 20:36:11+03	99	73	2021-05-11 21:27:55	\N	t	f
marinasrodnykh	f	\N	2021-03-21 12:26:12+03	201	266	2021-05-11 21:27:55	\N	t	f
Alb1naNovikova	f	1263617373	2021-03-21 13:15:30+03	203	183	2021-05-11 21:27:55	\N	t	f
zontova	f	809860215	2021-03-21 13:14:46+03	210	263	2021-05-11 21:27:55	\N	t	f
PNata74	f	\N	2021-03-21 13:05:51+03	211	249	2021-05-11 21:27:55	\N	t	f
murano54	f	397026233	2021-03-21 13:56:33+03	217	70	2021-05-11 21:27:55	\N	t	f
EleiSeis	f	1074535022	2021-03-21 13:36:39+03	218	83	2021-05-11 21:27:55	\N	t	f
Alie2107	f	61521498	2021-03-21 13:20:55+03	220	72	2021-05-11 21:27:55	\N	t	f
a_nativ8	f	680454407	2021-03-30 11:54:24+03	221	239	2021-05-11 21:27:55	\N	t	f
Vakhnovsky	f	33916631	2021-03-28 21:34:45+03	222	81	2021-05-11 21:27:55	\N	t	f
saituna	f	247368296	2021-03-21 12:14:50+03	89	67	2021-05-11 21:27:55	\N	t	f
Someb0d	f	1338318376	2021-03-21 12:28:17+03	138	56	2021-05-11 21:27:55	\N	t	f
Viceyuga	f	855208598	2021-03-21 13:56:10+03	173	161	2021-05-11 21:27:55	\N	t	f
ninav856	f	1027610736	2021-03-21 12:26:55+03	103	63	2021-05-11 21:27:55	\N	t	f
Darius19	\N	479213713	\N	635	16	2021-05-11 21:27:55	AA7E338ED9C68D2476FF589B21F2A769D8D6B4AA162DDFD193BAE2F6B84E11D2	t	f
elenaz878	f	1404472892	2021-03-21 13:03:46+03	158	121	2021-05-11 21:27:55	\N	t	f
elesof29	f	1203861284	2021-03-21 12:26:12+03	63	266	2021-05-11 21:27:55	\N	t	f
Baikal1959	\N	273227249	\N	636	\N	2021-05-11 21:27:55	\N	t	f
perfecto_yulya	f	1223281680	2021-03-21 14:04:39+03	94	215	2021-05-11 21:27:55	\N	t	f
shat1101	f	899107450	2021-03-18 13:41:34+03	68	192	2021-05-11 21:27:55	\N	t	f
Pavel_Interbiz	\N	907261901	\N	625	621	2021-05-11 21:27:55	4A38AE15CAC53E9D502FD87B6A3A9C7D5C968A68AC807EA37F3A82C82A2EC556	t	f
Oksana_Mayorova7605	f	1255143681	2021-04-02 23:39:42+03	3	\N	2021-05-11 21:27:55	\N	t	f
Valetinaovchinnikova	\N	1334085347	\N	651	\N	\N	\N	t	f
Sergei_Knyshov	\N	\N	\N	507	23	2021-05-11 21:27:55	\N	\N	f
mariacan	\N	317467888	\N	569	\N	2021-05-11 21:27:55	\N	\N	f
Tatyana_1958017943	\N	583516740	\N	567	\N	2021-05-11 21:27:55	\N	t	f
mariacanahina	\N	991411926	\N	570	\N	2021-05-11 21:27:55	\N	t	f
OksanaVasyunina	\N	1287355568	\N	571	\N	2021-05-11 21:27:55	\N	t	f
BubnovaMW	\N	881358542	\N	613	\N	2021-05-11 21:27:55	\N	t	f
lyudmilka66	f	886201505	2021-04-02 17:44:36+03	133	\N	2021-05-11 21:27:55	\N	t	f
Alex_VGbiz	f	1034425765	2021-03-21 12:28:17+03	141	56	2021-05-11 21:27:55	\N	t	f
lidiya_va	f	1404839922	2021-03-21 13:05:12+03	178	204	2021-05-11 21:27:55	\N	t	f
farizok1906	f	1231401392	2021-03-21 12:23:37+03	191	78	2021-05-11 21:27:55	\N	t	f
verakr8	f	1299270005	2021-03-21 12:19:02+03	65	55	2021-05-11 21:27:55	\N	t	f
vip_uspex	f	412344624	2021-03-21 13:35:04+03	87	166	2021-05-11 21:27:55	\N	t	f
ecotop_greenway	f	488506478	2021-03-29 16:42:21+03	59	12	2021-05-11 21:27:55	\N	t	f
wow_dary	f	394863556	2021-03-21 13:03:24+03	77	176	2021-05-11 21:27:55	\N	t	f
Ledibiz	f	339717418	2021-03-21 12:22:20+03	256	169	2021-05-11 21:27:55	\N	t	f
ekaterina_popova83	f	490236583	2021-03-21 13:16:34+03	205	122	2021-05-11 21:27:55	\N	t	f
Filin54	f	\N	2021-03-21 14:47:08+03	223	217	2021-05-11 21:27:55	\N	f	f
irinvas	f	\N	2021-03-21 12:19:58+03	224	160	2021-05-11 21:27:55	\N	t	f
BurchenkoLudmila	f	\N	2021-03-28 20:36:43+03	230	210	2021-05-11 21:27:55	\N	f	f
MaryV88	f	\N	2021-03-21 13:36:12+03	231	13	2021-05-11 21:27:55	\N	t	f
Astor292	f	1090451040	2021-03-22 14:35:53+03	232	50	2021-05-11 21:27:55	\N	t	f
assol010680	f	\N	2021-03-21 13:37:04+03	233	76	2021-05-11 21:27:55	\N	t	f
Yarilo888	f	700654925	2021-03-28 20:35:23+03	237	38	2021-05-11 21:27:55	\N	t	f
gal4onok23	f	957136099	2021-03-21 13:18:01+03	238	38	2021-05-11 21:27:55	\N	t	f
valera14	f	1065973281	2021-03-21 13:05:12+03	249	204	2021-05-11 21:27:55	\N	t	f
GulsemAnarbaeva	f	\N	2021-03-21 12:26:36+03	259	123	2021-05-11 21:27:55	\N	t	f
Zannaandrianova	f	632149143	2021-03-21 13:55:09+03	260	225	2021-05-11 21:27:55	\N	t	f
irina_d57	f	1357183410	2021-03-21 14:53:32+03	261	27	2021-05-11 21:27:55	\N	t	f
Lesa2811	f	1500049980	2021-04-02 17:47:41+03	134	\N	2021-05-11 21:27:55	\N	f	f
Viktor1234	f	932749315	2021-04-02 17:50:01+03	135	\N	2021-05-11 21:27:55	\N	t	f
Olgusha_vs	f	888780070	2021-03-21 14:04:53+03	262	168	2021-05-11 21:27:55	\N	t	f
btroot	\N	345927677	\N	309	\N	2021-05-11 21:27:55	\N	\N	f
bur_nataliaa	\N	742333800	\N	312	\N	2021-05-11 21:27:55	\N	t	f
larisaEpifanova	\N	208688351	\N	555	\N	2021-05-11 21:27:55	\N	\N	f
MariyanaS	f	1233744824	2021-03-30 11:50:34+03	136	\N	2021-05-11 21:27:55	\N	f	f
AlexByrn	f	481941534	2021-04-02 22:15:22+03	247	\N	2021-05-11 21:27:55	\N	t	f
Sergei_Chernov_1966	\N	364540088	\N	478	\N	2021-05-11 21:27:55	\N	t	f
Nik771	\N	\N	\N	592	590	2021-05-11 21:27:55	\N	\N	f
Blad999	\N	329982181	\N	632	\N	2021-05-11 21:27:55	\N	t	f
Bachurova_Liubov	f	\N	2021-03-21 12:24:21+03	270	266	2021-05-11 21:27:55	\N	t	f
Olga_Pavlova180386	\N	820869892	\N	479	\N	2021-05-11 21:27:55	\N	t	f
krabik56	f	454280959	2021-03-28 20:36:24+03	31	28	2021-05-11 21:27:55	\N	t	f
bolotovac	f	802794716	2021-03-31 19:23:14+03	273	246	2021-05-11 21:27:55	\N	t	f
Vlad123_68	f	553001866	2021-03-21 13:35:56+03	90	91	2021-05-11 21:27:55	\N	t	f
Vosilisa2021	\N	\N	\N	520	4	2021-05-11 21:27:55	\N	\N	f
lyudmilaMovchenyuk	\N	\N	\N	521	508	2021-05-11 21:27:55	\N	\N	f
zinle	\N	1002409203	\N	519	165	2021-05-11 21:27:55	\N	t	f
Olgaolxa2016	\N	\N	\N	463	10	2021-05-11 21:27:55	\N	\N	f
oks682	f	\N	2021-03-28 20:37:33+03	32	163	2021-05-11 21:27:55	\N	f	f
Mairaboss	f	\N	2021-03-28 20:35:02+03	265	145	2021-05-11 21:27:55	\N	f	f
fortuna9	f	751892350	2021-03-21 13:05:24+03	214	204	2021-05-11 21:27:55	\N	t	f
Vvs_5	f	1005527393	2021-03-21 12:26:12+03	209	266	2021-05-11 21:27:55	\N	t	f
Y4riK07	f	699486483	2021-03-21 13:21:18+03	228	195	2021-05-11 21:27:55	\N	t	f
elenafomina57	f	1072922284	2021-03-21 13:18:01+03	195	38	2021-05-11 21:27:55	\N	t	f
lisekat	f	1089394282	2021-03-31 19:15:32+03	235	207	2021-05-11 21:27:55	\N	t	f
Aigulhazhieva	f	1388147941	2021-03-21 13:54:17+03	225	196	2021-05-11 21:27:55	\N	t	f
chsvetlay	f	542257153	2021-03-21 13:15:30+03	164	183	2021-05-11 21:27:55	\N	t	f
Oxa1975	\N	\N	\N	292	218	2021-05-11 21:27:55	\N	\N	f
AiRoza58	f	1348958072	2021-03-21 13:15:43+03	152	150	2021-05-11 21:27:55	\N	t	f
Popovi52	f	540992193	2021-03-25 18:34:59+03	227	42	2021-05-11 21:27:55	\N	t	f
Tatyana306	f	996768822	2021-03-28 20:39:07+03	20	4	2021-05-11 21:27:55	\N	t	f
kupava19	f	1090738464	2021-03-21 13:56:10+03	81	161	2021-05-11 21:27:55	\N	t	f
AnnaTrubitsyna88	\N	412590529	\N	576	\N	2021-05-11 21:27:55	\N	t	f
Marina10040	f	320869799	2021-03-31 12:33:04+03	47	59	2021-05-11 21:27:55	\N	t	f
mojvybor	f	272826201	2021-03-21 13:37:04+03	27	76	2021-05-11 21:27:55	\N	t	f
merikek	f	1087094603	2021-03-28 20:38:10+03	45	278	2021-05-11 21:27:55	\N	t	f
v_inna_life	f	827133309	2021-03-21 12:55:45+03	23	243	2021-05-11 21:27:55	\N	t	f
NataKyst	f	471787581	2021-03-21 13:37:43+03	14	274	2021-05-11 21:27:55	\N	t	f
Ola_lime	f	869560048	2021-03-21 12:17:36+03	179	95	2021-05-11 21:27:55	\N	t	f
Luybavodoley	\N	1054870402	\N	509	91	2021-05-11 21:27:55	\N	\N	f
Irina_Saranenko	f	\N	2021-03-21 12:21:41+03	199	250	2021-05-11 21:27:55	\N	t	f
SergeyShilovskiy	\N	798405128	\N	460	219	2021-05-11 21:27:55	\N	t	f
IRINA_DEMINA5	f	\N	2021-03-21 12:24:21+03	272	270	2021-05-11 21:27:55	\N	t	f
SvetlanaTsay	f	125609171	2021-03-21 13:20:55+03	275	72	2021-05-11 21:27:55	\N	t	f
Predator_13	f	284988310	2021-03-31 11:49:36+03	107	81	2021-05-11 21:27:55	\N	t	f
CheLitovka21	\N	930196408	\N	461	\N	2021-05-11 21:27:55	\N	t	f
Love1064	\N	1113488512	\N	480	\N	2021-05-11 21:27:55	\N	t	f
zuker40	f	375998842	2021-03-23 23:55:25+03	30	109	2021-05-11 21:27:55	\N	t	f
jnecua123	t	597392866	2021-03-21 12:10:46+03	160	583	2021-06-03 20:24:03.889843	\N	t	f
MrSVAn2	f	911079628	2021-03-21 12:14:50+03	109	588	2021-05-11 21:27:55	\N	t	f
irinashvaikovskaya	f	\N	2021-03-21 12:25:06+03	208	270	2021-05-11 21:27:55	\N	t	f
chalovavika	t	874159008	2021-03-21 12:09:58+03	95	160	2021-05-11 21:27:55	\N	t	f
luna140785	f	1679283594	2021-03-21 21:58:02+03	50	131	2021-05-11 21:27:55	\N	t	f
anna_sivolodskaja	\N	839707784	\N	434	\N	2021-05-11 21:27:55	\N	t	f
natali_zubkova	f	380816666	2021-03-21 12:04:43+03	25	86	2021-05-11 21:27:55	\N	t	f
nailyagafiatulina	f	639121375	2021-03-21 13:14:46+03	122	263	2021-05-11 21:27:55	\N	t	f
Vitamens	\N	338816302	\N	348	216	2021-05-11 21:27:55	\N	t	f
grum5	f	890480830	2021-03-27 09:19:11+03	42	78	2021-05-11 21:27:55	\N	t	f
GTina10	\N	1037034761	\N	296	97	2021-05-11 21:27:55	\N	t	f
Zoreslava43	\N	\N	\N	465	464	2021-05-11 21:27:55	\N	\N	f
mnadirbegov	\N	523168340	\N	644	\N	\N	\N	\N	f
ShoSupport	\N	571144617	\N	582	583	2021-05-11 21:27:55	\N	t	f
Valya67	\N	953125411	\N	645	\N	\N	\N	\N	f
mariaartcat	\N	1045619912	\N	643	\N	\N	\N	\N	f
ledi88t	f	1506001559	2021-03-21 13:03:24+03	113	176	2021-05-11 21:27:55	\N	t	f
zhanna0911	\N	564506159	\N	390	\N	2021-05-11 21:27:55	\N	t	f
elenamihai	\N	1353215778	\N	369	\N	2021-05-11 21:27:55	\N	t	f
polianam	\N	242577874	\N	343	\N	2021-05-11 21:27:55	\N	t	f
shar_manina	\N	895764554	\N	370	\N	2021-05-11 21:27:55	\N	t	f
Tanipopova	\N	869499082	\N	345	\N	2021-05-11 21:27:55	\N	t	f
Kuznetsova_Lana	\N	1412148628	\N	346	\N	2021-05-11 21:27:55	\N	t	f
ludmila195	\N	542770169	\N	371	\N	2021-05-11 21:27:55	\N	t	f
bon10400	\N	422971571	\N	347	\N	2021-05-11 21:27:55	\N	t	f
genute1999	\N	610684397	\N	393	\N	2021-05-11 21:27:55	\N	\N	f
lianashevela	\N	841124141	\N	428	73	2021-05-11 21:27:55	\N	t	f
vologera	\N	988029008	\N	572	\N	2021-05-11 21:27:55	\N	t	f
Maikl107	\N	328063834	\N	618	\N	2021-05-11 21:27:55	\N	t	f
Blad99999	\N	643952907	\N	619	\N	2021-05-11 21:27:55	\N	t	f
dementeva_lubov	f	726274779	2021-03-21 12:17:36+03	204	95	2021-05-11 21:27:55	\N	t	f
ingapetrosyan 	f	\N	2021-03-21 13:54:17+03	269	196	2021-05-11 21:27:55	\N	t	f
larysa_X100	\N	476646510	\N	620	\N	2021-05-11 21:27:55	\N	\N	f
Olga_investor8	\N	1036365279	\N	376	\N	2021-05-11 21:27:55	\N	t	f
s_potehina	\N	872970187	\N	281	\N	2021-05-11 21:27:55	\N	t	f
MUSA1967	\N	768492593	\N	622	\N	2021-05-11 21:27:55	\N	\N	f
filana570	\N	735730004	\N	377	\N	2021-05-11 21:27:55	\N	t	f
Lubamanyilova	\N	949655318	\N	476	\N	2021-05-11 21:27:55	\N	t	f
Dima_Dmi	\N	706820981	\N	378	\N	2021-05-11 21:27:55	\N	t	f
Eve_genie	\N	712273406	\N	458	\N	2021-05-11 21:27:55	\N	t	f
Lyubovlova	\N	1246069279	\N	406	\N	2021-05-11 21:27:55	\N	t	f
elenasamok	\N	1065157222	\N	407	\N	2021-05-11 21:27:55	\N	\N	f
NelyaZatih	\N	1115355978	\N	477	\N	2021-05-11 21:27:55	\N	t	f
NatachaKvazar	\N	402321595	\N	409	\N	2021-05-11 21:27:55	\N	\N	f
valentinabepic	\N	527274105	\N	624	\N	2021-05-11 21:27:55	\N	t	f
alla585	\N	786329220	\N	410	\N	2021-05-11 21:27:55	\N	\N	f
Aleksandr0361	\N	1664417949	\N	417	\N	2021-05-11 21:27:55	\N	\N	f
nadjadanilova	\N	635049537	\N	416	\N	2021-05-11 21:27:55	\N	t	f
BtcPoolEth	\N	725765166	\N	527	\N	2021-05-11 21:27:55	\N	t	f
Viktor19711	\N	445930263	\N	626	\N	2021-05-11 21:27:55	\N	t	f
Vladislav140269	f	1111143948	2021-03-29 12:40:57+03	159	166	2021-05-11 21:27:55	\N	t	f
Nataha65	f	1103913818	2021-03-21 13:18:01+03	24	38	2021-05-11 21:27:55	\N	t	f
angeli_ss	f	1066051823	2021-03-28 20:37:23+03	29	163	2021-05-11 21:27:55	\N	t	f
Amurado4a	\N	1114934136	\N	575	\N	2021-05-11 21:27:55	\N	t	f
Tsurlk	\N	466426301	\N	411	\N	2021-05-11 21:27:55	\N	t	f
Ser_3319	\N	1394623742	\N	501	50	2021-05-11 21:27:55	\N	t	f
Taisiya19	\N	213152847	\N	499	246	2021-05-11 21:27:55	\N	t	f
NataliaLeukhina	f	760245216	2021-03-21 12:19:02+03	213	55	2021-05-11 21:27:55	\N	t	f
veraklonova	f	1285022160	2021-03-21 13:34:05+03	248	213	2021-05-11 21:27:55	\N	t	f
leoniv25	\N	289389733	\N	604	602	2021-05-11 21:27:55	\N	t	f
sherbakov82	\N	672463437	\N	590	589	2021-05-11 21:27:55	\N	t	f
alexandrkiryanov21	f	359336012	2021-03-21 13:44:58+03	268	166	2021-05-11 21:27:55	\N	t	f
VOVO4KA1224	\N	629752367	\N	598	596	2021-05-11 21:27:55	\N	t	f
vezda5	f	1618003550	2021-03-28 18:20:38+03	26	225	2021-05-11 21:27:55	\N	t	f
luchanin	\N	235710819	\N	594	590	2021-05-11 21:27:55	882E76EF1AD0F2D7BEB4D2404D345F2C8A711BBD24DE0CC34244986244C662C6	t	f
fauzina	f	290009189	2021-03-21 12:27:52+03	5	109	2021-05-11 21:27:55	\N	t	f
Ivanova_Nina_N	f	105026184	2021-03-31 08:30:36+03	100	59	2021-05-11 21:27:55	\N	t	f
AndreyMikhtyan	f	1053088313	2021-03-21 13:37:43+03	22	274	2021-05-11 21:27:55	\N	t	f
den_seven	f	1033961358	2021-03-21 13:44:24+03	39	71	2021-05-11 21:27:55	\N	t	f
systemmoneys	\N	212906340	\N	596	595	2021-05-11 21:27:55	\N	t	f
Maria_AV1	f	869151740	2021-03-21 13:35:56+03	13	91	2021-05-11 21:27:55	\N	t	f
Tatyana291971	\N	988789664	\N	599	596	2021-05-11 21:27:55	\N	t	f
NataStars18	\N	1581281018	\N	611	\N	2021-05-11 21:27:55	\N	t	f
Snijinka	\N	519235160	\N	646	\N	\N	26F37F785CB73ACE0F0F03F1F24E678AF6981C0F9B5B33B6E56DDFA372BFA827	t	f
LevShma	f	917647475	2021-03-21 12:10:46+03	192	586	2021-05-11 21:27:55	\N	t	f
natalimesh7	f	360344376	2021-03-21 21:55:40+03	216	261	2021-05-11 21:27:55	\N	t	f
OlegZaika	\N	107773885	\N	621	596	2021-05-11 21:27:55	\N	t	f
LarisaPerepelkina	\N	983214525	\N	491	\N	2021-05-11 21:27:55	\N	t	f
vika1503	\N	708437353	\N	373	\N	2021-05-11 21:27:55	\N	t	f
Yuliya_asi	\N	277656565	\N	405	\N	2021-05-11 21:27:55	\N	t	f
milannovgorod	\N	372940529	\N	374	\N	2021-05-11 21:27:55	\N	t	f
Svetlananarod	\N	393878841	\N	394	\N	2021-05-11 21:27:55	\N	t	f
sokol2966	\N	695055917	\N	547	\N	2021-05-11 21:27:55	\N	t	f
mila_kumylina	\N	531983827	\N	573	\N	2021-05-11 21:27:55	\N	t	f
mudr_lidiya	\N	706237985	\N	431	\N	2021-05-11 21:27:55	\N	t	f
Elena15090	\N	470686306	\N	375	\N	2021-05-11 21:27:55	\N	t	f
lyubi17	\N	1165368654	\N	395	\N	2021-05-11 21:27:55	\N	t	f
borodina555	\N	248676513	\N	400	\N	2021-05-11 21:27:55	\N	t	f
Selezneva_Natalia	\N	929056477	\N	344	\N	2021-05-11 21:27:55	\N	t	f
MIRDemina	\N	645781048	\N	397	\N	2021-05-11 21:27:55	\N	t	f
cashinvestman	\N	1118489640	\N	398	\N	2021-05-11 21:27:55	\N	\N	f
Kamila490	f	644444892	2021-03-21 15:48:32+03	187	\N	2021-05-11 21:27:55	\N	f	f
innabarovaya	f	1722394007	2021-03-22 10:49:42+03	190	\N	2021-05-11 21:27:55	\N	f	f
Gala1965	\N	378639640	\N	368	\N	2021-05-11 21:27:55	\N	t	f
Vasilyna	\N	467018355	\N	399	\N	2021-05-11 21:27:55	\N	t	f
lsprofit	\N	404661282	\N	401	\N	2021-05-11 21:27:55	\N	\N	f
Kostik68	\N	675609334	\N	471	\N	2021-05-11 21:27:55	\N	t	f
izumrud78	\N	672555895	\N	402	\N	2021-05-11 21:27:55	\N	t	f
tatyana_bizz	\N	312077641	\N	404	\N	2021-05-11 21:27:55	\N	t	f
Valeria_Shevchenko7	\N	963723750	\N	457	\N	2021-05-11 21:27:55	\N	t	f
ulanira	\N	750550640	\N	495	\N	2021-05-11 21:27:55	\N	t	f
Tisgen	\N	653685024	\N	472	\N	2021-05-11 21:27:55	\N	\N	f
EasyStarsMain	f	\N	2021-03-21 12:11:29+03	180	\N	2021-05-11 21:27:55	\N	t	f
SergeyBarberKirov	\N	1052647339	\N	473	\N	2021-05-11 21:27:55	\N	t	f
Elviraborodina7	\N	867399745	\N	396	\N	2021-05-11 21:27:55	\N	t	f
tatiana_rf	\N	1262814502	\N	574	\N	2021-05-11 21:27:55	\N	t	f
EvgenyLTD	\N	829441308	\N	496	\N	2021-05-11 21:27:55	\N	t	f
AlexandrZhaaa	\N	1559150564	\N	284	86	2021-05-11 21:27:55	\N	t	f
markizanata7	f	1082239348	2021-03-24 17:54:27+03	236	\N	2021-05-11 21:27:55	\N	f	f
Galina_75	\N	1073828388	\N	545	\N	2021-05-11 21:27:55	\N	t	f
Alexandrssss	\N	1672887899	\N	497	\N	2021-05-11 21:27:55	\N	\N	f
vadyan3112	f	918583956	2021-03-27 19:10:52+03	241	\N	2021-05-11 21:27:55	\N	t	f
Svetlanirk	\N	983742857	\N	546	\N	2021-05-11 21:27:55	\N	t	f
T12Tanya	\N	1155344993	\N	549	\N	2021-05-11 21:27:55	\N	t	f
IraPozitiv	\N	591617943	\N	295	\N	2021-05-11 21:27:55	\N	\N	f
zarin18	\N	1123184245	\N	553	\N	2021-05-11 21:27:55	\N	\N	f
ElenaGlobys	\N	347997715	\N	326	\N	2021-05-11 21:27:55	\N	t	f
elenahupalo	\N	313857244	\N	304	\N	2021-05-11 21:27:55	\N	t	f
Allaurina	\N	1376878330	\N	442	\N	2021-05-11 21:27:55	\N	t	f
ElenaVintina	\N	159709555	\N	310	\N	2021-05-11 21:27:55	\N	t	f
Miledi555	f	1746218201	2021-03-28 20:37:11+03	278	4	2021-05-11 21:27:55	\N	t	f
bomarin	f	811191156	2021-03-21 13:20:55+03	38	72	2021-05-11 21:27:55	\N	t	f
olik_46	\N	901523052	\N	498	152	2021-05-11 21:27:55	\N	t	f
kat_taba	f	1597284510	2021-03-21 13:05:12+03	197	204	2021-05-11 21:27:55	\N	t	f
aijasmm	f	\N	2021-03-21 12:21:41+03	198	250	2021-05-11 21:27:55	\N	t	f
anya2046	f	\N	2021-03-21 12:24:40+03	200	92	2021-05-11 21:27:55	\N	t	f
topleader111	\N	\N	\N	586	180	2021-05-11 21:27:55	\N	\N	f
mvmvsr	\N	375663760	\N	616	\N	2021-05-11 21:27:55	\N	t	f
katyastaroverova	\N	369551389	\N	648	\N	\N	\N	t	f
zyevaelena	\N	624502887	\N	649	\N	\N	\N	t	f
djumabarkayeva	f	1398308090	2021-04-01 16:05:13+03	18	0	2021-05-11 21:27:55	\N	t	f
Natalia251276	f	801803091	2021-03-25 21:08:39+03	35	\N	2021-05-11 21:27:55	\N	t	f
best_Investors1	\N	1789223624	\N	308	\N	2021-05-11 21:27:55	\N	\N	f
Trisgot	\N	584180264	\N	554	\N	2021-05-11 21:27:55	\N	t	f
lubovmin1962	\N	630403166	\N	551	\N	2021-05-11 21:27:55	\N	t	f
Iulianiagavrilova	\N	268458098	\N	327	\N	2021-05-11 21:27:55	\N	t	f
Lika_ja	\N	725781901	\N	381	\N	2021-05-11 21:27:55	\N	t	f
VeraSurina	\N	706285896	\N	350	\N	2021-05-11 21:27:55	\N	t	f
AVE1317	\N	1719870007	\N	639	\N	2021-05-11 21:27:55	lol	t	f
brilliant989	\N	411935431	\N	602	595	2021-05-11 21:27:55	\N	t	f
top444444	\N	\N	\N	588	180	2021-05-11 21:27:55	\N	\N	f
velena8	f	1093638116	2021-03-18 06:08:53+03	243	95	2021-05-11 21:27:55	\N	t	f
bvornik444	\N	\N	\N	589	180	2021-05-11 21:27:55	\N	\N	f
nikolay_a_p	f	247792555	2021-03-30 00:25:06+03	74	\N	2021-05-11 21:27:55	\N	t	f
annakalinovets	\N	335100468	\N	650	\N	\N	\N	t	f
prostoirinka	f	315352625	2021-03-21 12:19:58+03	215	588	2021-05-11 21:27:55	\N	t	f
estamp7	f	243867291	2021-03-21 13:20:55+03	239	72	2021-05-11 21:27:55	\N	t	f
allpavlova	\N	1055269513	\N	302	176	2021-05-11 21:27:55	\N	t	f
romangarkovenko	f	274697758	2021-03-21 12:20:51+03	189	89	2021-05-11 21:27:55	\N	t	f
pifagor789	\N	1434396671	\N	456	70	2021-05-11 21:27:55	\N	t	f
UlyLevkovich	f	1369811837	2021-03-21 13:55:40+03	177	226	2021-05-11 21:27:55	\N	t	f
Valura63	\N	1037767378	\N	518	\N	2021-05-11 21:27:55	\N	t	f
elenavid1105	\N	300899793	\N	286	\N	2021-05-11 21:27:55	\N	t	f
slavasmith	\N	309828013	\N	287	\N	2021-05-11 21:27:55	\N	\N	f
TatyAn63	\N	248656270	\N	490	\N	2021-05-11 21:27:55	\N	t	f
m_elizarenkova	\N	221989248	\N	285	\N	2021-05-11 21:27:55	\N	t	f
ldolgaya	f	243261182	2021-04-02 18:46:36+03	186	\N	2021-05-11 21:27:55	\N	t	f
Ksyusha109	f	950403225	2021-04-02 18:19:59+03	185	\N	2021-05-11 21:27:55	\N	t	f
lenarus	\N	930041289	\N	364	\N	2021-05-11 21:27:55	\N	t	f
putklimonam	\N	621880084	\N	365	\N	2021-05-11 21:27:55	\N	\N	f
NatalyaBrazhnikova	\N	227713019	\N	512	\N	2021-05-11 21:27:55	\N	t	f
dandyusha_2020	\N	1038134353	\N	299	\N	2021-05-11 21:27:55	\N	t	f
Natusya777777	\N	567846570	\N	528	\N	2021-05-11 21:27:55	\N	t	f
Evgeniilevchuk	f	1123770297	2021-04-02 12:11:53+03	6	\N	2021-05-11 21:27:55	\N	f	f
vitabiznes	\N	442970436	\N	328	\N	2021-05-11 21:27:55	\N	t	f
sveta170968	f	713587645	2021-04-01 15:47:19+03	9	\N	2021-05-11 21:27:55	\N	f	f
WITTASKVARCOVA	\N	1120735328	\N	559	\N	2021-05-11 21:27:55	\N	\N	f
Jeanneeow	\N	292376137	\N	552	\N	2021-05-11 21:27:55	\N	\N	f
sevawilson	\N	638418782	\N	383	\N	2021-05-11 21:27:55	\N	t	f
kat1j54	\N	857423989	\N	492	\N	2021-05-11 21:27:55	\N	t	f
leag_gen	\N	1184153247	\N	581	\N	2021-05-11 21:27:55	\N	t	f
Lyuba52NT	f	1115018271	2021-03-21 13:44:24+03	271	71	2021-05-11 21:27:55	\N	t	f
olyudmila6	f	1149253986	2021-03-21 12:10:46+03	55	586	2021-05-11 21:27:55	\N	t	f
ElenaAfanasieva18	f	817161773	2021-03-21 13:16:20+03	240	203	2021-05-11 21:27:55	\N	t	f
vdolgiy	\N	764613726	\N	459	\N	2021-05-11 21:27:55	\N	t	f
urunabic	\N	1345578486	\N	435	\N	2021-05-11 21:27:55	\N	t	f
webmod	\N	678934807	\N	436	\N	2021-05-11 21:27:55	\N	t	f
veranika5	f	961861613	2021-03-21 12:23:37+03	75	78	2021-05-11 21:27:55	\N	t	f
nadiadanilova	\N	902327538	\N	419	\N	2021-05-11 21:27:55	\N	t	f
vika20122	f	1783174626	2021-03-27 18:43:21+03	80	179	2021-05-11 21:27:55	\N	t	f
Z2121	f	678950075	2021-03-21 19:52:42+03	130	274	2021-05-11 21:27:55	\N	t	f
Nadezhda_bs	f	961835558	2021-03-21 13:14:13+03	118	25	2021-05-11 21:27:55	\N	t	f
NATAved	f	1325022139	2021-03-21 13:13:49+03	119	86	2021-05-11 21:27:55	\N	t	f
Alesyav28	f	1246660361	2021-03-21 12:55:45+03	121	243	2021-05-11 21:27:55	\N	t	f
EvgenAltay	f	899065924	2021-03-21 13:37:43+03	101	274	2021-05-11 21:27:55	\N	t	f
y_marisha	f	\N	2021-03-21 12:26:12+03	123	272	2021-05-11 21:27:55	\N	t	f
Malvina1904	f	692987864	2021-03-21 13:03:46+03	124	121	2021-05-11 21:27:55	\N	t	f
Karinapatoieva	f	883604725	2021-04-03 13:58:51+03	69	219	2021-05-11 21:27:55	\N	t	f
SSSSdAlex	\N	1758670798	\N	584	\N	2021-05-11 21:27:55	\N	\N	f
katrin_65	f	1295485279	2021-03-21 12:55:45+03	60	243	2021-05-11 21:27:55	\N	t	f
gvchernyshova	f	963124803	2021-03-21 12:27:14+03	125	209	2021-05-11 21:27:55	\N	t	f
KshM88	f	\N	2021-03-21 13:02:53+03	110	145	2021-05-11 21:27:55	\N	t	f
bjumabarkayeva	f	\N	2021-03-31 23:29:42+03	111	188	2021-05-11 21:27:55	\N	f	f
kloppolka	f	\N	2021-03-31 23:29:42+03	115	246	2021-05-11 21:27:55	\N	f	f
Sergei1986	f	670232726	2021-03-21 14:37:24+03	117	38	2021-05-11 21:27:55	\N	t	f
Fonzago	f	\N	2021-03-22 14:35:53+03	142	65	2021-05-11 21:27:55	\N	t	f
ZlKlot	f	129499639	2021-03-25 18:11:53+03	143	81	2021-05-11 21:27:55	\N	t	f
Uspeshnaya8888	f	737997614	2021-03-21 12:55:45+03	145	243	2021-05-11 21:27:55	\N	t	f
marinabelosto	f	\N	2021-03-21 13:01:05+03	146	23	2021-05-11 21:27:55	\N	t	f
yulyakirkach	f	\N	2021-03-21 13:01:05+03	147	23	2021-05-11 21:27:55	\N	t	f
hurshida_lr	f	\N	2021-03-21 13:01:05+03	148	23	2021-05-11 21:27:55	\N	t	f
Evgesha20111984	f	\N	2021-03-21 13:15:00+03	149	210	2021-05-11 21:27:55	\N	t	f
NataliaCherginets 	f	\N	2021-03-21 13:15:30+03	151	183	2021-05-11 21:27:55	\N	t	f
Milauspeh	f	781616125	2021-03-21 13:35:26+03	154	242	2021-05-11 21:27:55	\N	t	f
natasmolyak	f	\N	2021-03-21 14:05:27+03	156	174	2021-05-11 21:27:55	\N	t	f
r_piy123456789	f	\N	2021-03-21 14:05:43+03	157	251	2021-05-11 21:27:55	\N	t	f
IrinaShvaikovskaya	\N	891339429	\N	474	\N	2021-05-11 21:27:55	\N	t	f
toned_woman	\N	673708648	\N	475	\N	2021-05-11 21:27:55	\N	\N	f
yeslunaxod	f	451471451	2021-04-02 22:36:47+03	1	\N	2021-05-11 21:27:55	\N	t	f
rviktor7	f	1195081557	2021-04-01 17:39:56+03	2	\N	2021-05-11 21:27:55	\N	t	f
Amurchik78	f	1721127973	2021-03-21 21:55:01+03	131	213	2021-05-11 21:27:55	\N	t	f
temnikov82	\N	368061584	\N	280	\N	2021-05-11 21:27:55	\N	\N	f
tatrad08	\N	1108541363	\N	311	154	2021-05-11 21:27:55	\N	t	f
rnd_katerina_poskrebaeva	f	582891890	2021-03-22 20:08:25+03	126	\N	2021-05-11 21:27:55	\N	f	f
sib_Invest	f	554513293	2021-04-02 17:43:54+03	137	\N	2021-05-11 21:27:55	\N	t	f
tatianatamash	\N	676670043	\N	432	\N	2021-05-11 21:27:55	\N	t	f
irinatarasenko138	f	1049826639	2021-03-21 13:37:43+03	277	274	2021-05-11 21:27:55	\N	t	f
marinaturbina	f	1165337460	2021-04-03 10:24:20+03	11	263	2021-05-11 21:27:55	\N	t	f
fjfjfjf11966	f	1701624873	2021-03-23 23:11:30+03	17	\N	2021-05-11 21:27:55	\N	t	f
I_masterRazborov1	\N	1458435390	\N	558	315	2021-05-11 21:27:55	\N	t	f
dimira_sun	\N	862708305	\N	384	\N	2021-05-11 21:27:55	\N	t	f
Vrednayaklyukva1983	\N	916245089	\N	443	\N	2021-05-11 21:27:55	\N	t	f
aleksa_dd	\N	796585576	\N	385	\N	2021-05-11 21:27:55	\N	t	f
Karymov835	\N	1415790929	\N	504	315	2021-05-11 21:27:55	\N	t	f
kubasovalena	\N	1074371263	\N	444	\N	2021-05-11 21:27:55	\N	t	f
NataEgo	\N	293704448	\N	386	\N	2021-05-11 21:27:55	\N	t	f
Persik85	f	746605539	2021-03-21 21:58:02+03	28	131	2021-05-11 21:27:55	\N	t	f
Irina509	f	592005470	2021-03-24 16:12:59+03	253	63	2021-05-11 21:27:55	\N	t	f
belyakova63	f	252020383	2021-03-21 13:14:46+03	72	263	2021-05-11 21:27:55	\N	t	f
Moroz5484	f	961178180	2021-03-21 12:19:02+03	274	55	2021-05-11 21:27:55	\N	t	f
nataperedelskaja	f	737019414	2021-03-21 12:21:10+03	250	169	2021-05-11 21:27:55	\N	t	f
makshanceva_irina	f	294358184	2021-03-21 12:25:06+03	61	270	2021-05-11 21:27:55	\N	t	f
evana3009	f	1417648637	2021-03-28 20:39:16+03	244	207	2021-05-11 21:27:55	\N	t	f
oksanakor	f	604079719	2021-03-21 13:44:24+03	166	71	2021-05-11 21:27:55	\N	t	f
LanaPav2020	f	908149002	2021-03-21 14:05:11+03	174	588	2021-05-11 21:27:55	\N	t	f
irinartemeva	f	372416773	2021-03-21 12:14:50+03	169	67	2021-05-11 21:27:55	\N	t	f
Valeriy107	f	\N	2021-03-21 13:38:06+03	267	277	2021-05-11 21:27:55	\N	t	f
yava369	f	734595385	2021-03-26 22:35:57+03	276	65	2021-05-11 21:27:55	\N	t	f
tarakanovmlm	\N	466805738	\N	585	\N	2021-05-11 21:27:55	\N	t	f
Marina_2706	f	862613057	2021-03-21 20:04:40+03	255	56	2021-05-11 21:27:55	\N	t	f
GalinaSemeryak	f	174283872	2021-03-21 14:05:11+03	167	224	2021-05-11 21:27:55	\N	t	f
Olga_Shornikova	\N	217549250	\N	615	\N	2021-05-11 21:27:55	\N	t	f
foxykleo89	f	323237321	2021-03-28 20:36:33+03	73	207	2021-05-11 21:27:55	\N	t	f
bogdan0126	f	917721038	2021-04-02 22:11:00+03	245	50	2021-05-11 21:27:55	\N	t	f
ruslanibragim	f	702518719	2021-03-21 13:06:37+03	254	252	2021-05-11 21:27:55	\N	t	f
irinaleong	f	\N	2021-03-21 13:14:13+03	182	25	2021-05-11 21:27:55	\N	t	f
Latypova7	\N	892302439	\N	614	\N	2021-05-11 21:27:55	\N	t	f
ladygold11	\N	\N	\N	464	65	2021-05-11 21:27:55	\N	\N	f
erzhan175	\N	886685003	\N	548	150	2021-05-11 21:27:55	\N	t	f
Baik1959	\N	456699337	\N	617	\N	2021-05-11 21:27:55	\N	t	f
Galina1991	\N	489170247	\N	560	\N	2021-05-11 21:27:55	\N	t	f
lazarenkoSvet	f	1795199925	2021-03-23 23:11:30+03	34	\N	2021-05-11 21:27:55	\N	f	f
schef5691	\N	871181814	\N	387	\N	2021-05-11 21:27:55	\N	t	f
tsyganok50	f	1291823653	2021-03-31 08:11:29+03	36	\N	2021-05-11 21:27:55	\N	t	f
alla_italia	f	165611239	2021-03-24 18:18:52+03	37	\N	2021-05-11 21:27:55	\N	f	f
BeverleySok	\N	\N	\N	587	586	2021-05-11 21:27:55	\N	\N	f
igor_missing	f	1198380401	2021-03-21 15:54:27+03	7	65	2021-05-11 21:27:55	\N	t	f
Lelilubimay	f	1579536206	2021-03-21 13:36:27+03	96	65	2021-05-11 21:27:55	\N	t	f
Svetlana_Skobeleva5	f	1025285320	2021-03-21 12:22:20+03	266	169	2021-05-11 21:27:55	\N	t	f
NordicLady	f	\N	2021-03-28 20:36:51+03	46	278	2021-05-11 21:27:55	\N	f	f
allaaallal	f	1301047469	2021-03-21 13:38:06+03	33	277	2021-05-11 21:27:55	\N	t	f
Lomova_S	\N	1303793050	\N	462	\N	2021-05-11 21:27:55	\N	t	f
NataVid	\N	679793055	\N	500	\N	2021-05-11 21:27:55	\N	\N	f
sautuna	\N	1477173864	\N	481	\N	2021-05-11 21:27:55	\N	\N	f
na_talia9364	f	1048933582	2021-03-21 13:54:17+03	49	196	2021-05-11 21:27:55	\N	t	f
Elisaveta_Kotova	\N	295779992	\N	438	\N	2021-05-11 21:27:55	\N	t	f
sveta26reg	\N	1784770371	\N	522	278	2021-05-11 21:27:55	\N	t	f
Damir_Imashev	\N	427441612	\N	439	\N	2021-05-11 21:27:55	\N	t	f
PankivaLuda	\N	649234299	\N	440	\N	2021-05-11 21:27:55	\N	t	f
ira_lucky77	\N	1168694552	\N	441	\N	2021-05-11 21:27:55	\N	t	f
stimul71	f	1000490539	2021-03-21 13:56:33+03	53	217	2021-05-11 21:27:55	\N	t	f
ninyly	f	795093663	2021-03-21 12:22:20+03	78	169	2021-05-11 21:27:55	\N	t	f
LyudmilaE44	f	\N	2021-03-21 12:19:02+03	83	55	2021-05-11 21:27:55	\N	t	f
nadya_svam	f	1767099770	2021-04-01 14:54:10+03	85	94	2021-05-11 21:27:55	\N	t	f
Lidinik	f	398670183	2021-03-22 14:35:53+03	88	248	2021-05-11 21:27:55	\N	t	f
OlgaOdincova	f	\N	2021-03-21 13:02:53+03	93	145	2021-05-11 21:27:55	\N	t	f
Viktoria_2019bers	f	504612931	2021-03-21 12:14:50+03	56	67	2021-05-11 21:27:55	\N	t	f
Farida2606	\N	1303937618	\N	466	207	2021-05-11 21:27:55	\N	t	f
Vmlynko	\N	248745860	\N	583	180	2021-05-11 21:27:55	\N	t	f
zorina12	f	943105023	2021-03-21 12:19:58+03	234	160	2021-05-11 21:27:55	\N	t	f
Ludaore	f	677060743	2021-03-21 22:21:02+03	219	71	2021-05-11 21:27:55	\N	t	f
angelvai999	f	254931761	2021-03-21 13:14:46+03	183	263	2021-05-11 21:27:55	\N	t	f
Aliyayandurina	f	1386636133	2021-03-21 13:55:09+03	206	225	2021-05-11 21:27:55	\N	t	f
Abdu_Karim50	f	1049346948	2021-03-21 12:19:58+03	251	160	2021-05-11 21:27:55	\N	t	f
gsovetkina	f	937878843	2021-03-21 12:20:51+03	194	89	2021-05-11 21:27:55	\N	t	f
ANASTASIYASEMENOVA79	f	1190406407	2021-03-21 13:54:17+03	226	196	2021-05-11 21:27:55	\N	t	f
pteam24	f	277334411	2021-03-21 13:21:33+03	229	179	2021-05-11 21:27:55	\N	t	f
skarlet802	f	1020133946	2021-03-31 23:27:46+03	165	4	2021-05-11 21:27:55	\N	t	f
Alexey6717	f	844361441	2021-03-21 13:56:10+03	264	161	2021-05-11 21:27:55	\N	t	f
violeta701	f	803439536	2021-03-21 13:55:27+03	170	49	2021-05-11 21:27:55	\N	t	f
TatianaSamartseva	\N	1213224381	\N	291	225	2021-05-11 21:27:55	\N	t	f
Colovjeva	f	1222950062	2021-03-21 13:55:27+03	171	49	2021-05-11 21:27:55	\N	t	f
burnosovaelena	f	426893682	2021-03-21 12:17:36+03	263	95	2021-05-11 21:27:55	\N	t	f
natalina0708	f	1241174423	2021-04-02 13:15:59+03	97	216	2021-05-11 21:27:55	\N	t	f
NataKim69	\N	\N	\N	293	292	2021-05-11 21:27:55	\N	\N	f
Topliderkz	\N	\N	\N	294	218	2021-05-11 21:27:55	\N	\N	f
TitovskiyWayOFlife	f	755070394	2021-03-28 20:35:40+03	175	248	2021-05-11 21:27:55	\N	t	f
Julia7Sab	f	1136469359	2021-03-25 11:48:29+03	193	161	2021-05-11 21:27:55	\N	t	f
Alekcnata	f	896304780	2021-03-21 13:06:20+03	252	197	2021-05-11 21:27:55	\N	t	f
Dosson	f	342671895	2021-03-21 14:56:16+03	242	71	2021-05-11 21:27:55	\N	t	f
galfeo	\N	857066140	\N	358	215	2021-05-11 21:27:55	\N	t	f
N_master_razborov	\N	791898140	\N	315	27	2021-05-11 21:27:55	\N	t	f
NataliaCherginets	f	969700574	2021-04-03 10:23:56+03	10	11	2021-05-11 21:27:55	\N	t	f
Kirill260996	\N	632820758	\N	533	\N	2021-05-11 21:27:55	\N	t	f
AnKomarova	\N	653564562	\N	510	73	2021-05-11 21:27:55	\N	t	f
virina8	\N	541715044	\N	511	219	2021-05-11 21:27:55	\N	t	f
Elena575757	f	1141055638	2021-03-22 14:35:53+03	207	131	2021-05-11 21:27:55	\N	t	f
irischka77	\N	473788573	\N	607	\N	2021-05-11 21:27:55	\N	t	f
mc_maksim	f	575546387	2021-04-01 19:23:25+03	15	588	2021-05-11 21:27:55	\N	f	f
RUSSIAN7236	f	627208806	2021-03-31 17:23:23+03	79	\N	2021-05-11 21:27:55	\N	t	f
KharlanowaKristina	f	1305914916	2021-03-21 12:19:58+03	8	590	2021-05-11 21:27:55	\N	t	f
Natali211	f	151189546	2021-03-24 14:00:58+03	62	67	2021-05-11 21:27:55	\N	f	f
prosto_den100	f	1745028258	2021-04-02 11:07:08+03	57	94	2021-05-11 21:27:55	\N	t	f
ImyaaPolzovatelya	f	453584068	2021-03-26 16:00:36+03	16	583	2021-05-11 21:27:55	\N	t	f
ingapetrosyan	f	1372419180	2021-03-28 20:59:42+03	84	\N	2021-05-11 21:27:55	\N	t	f
yonimati	\N	502487365	\N	314	\N	2021-05-11 21:27:55	\N	t	f
ilddan62	\N	252487924	\N	316	\N	2021-05-11 21:27:55	\N	t	f
alena180282	\N	315075317	\N	317	\N	2021-05-11 21:27:55	\N	t	f
illoveyounnan	\N	1240070913	\N	564	\N	2021-05-11 21:27:55	\N	\N	f
NatalyaLaskina	\N	403051533	\N	318	\N	2021-05-11 21:27:55	\N	t	f
Vyacheslav008	\N	1218866188	\N	448	\N	2021-05-11 21:27:55	\N	t	f
ByraByratin	\N	1251992606	\N	319	\N	2021-05-11 21:27:55	\N	t	f
Irina383	\N	861311190	\N	320	\N	2021-05-11 21:27:55	\N	t	f
alexsandrtag	\N	428758518	\N	351	\N	2021-05-11 21:27:55	\N	t	f
yuliaaleeva	\N	910383137	\N	329	\N	2021-05-11 21:27:55	\N	t	f
zakharova1986	\N	876511932	\N	469	\N	2021-05-11 21:27:55	\N	t	f
tanyastel	\N	1370244873	\N	544	\N	2021-05-11 21:27:55	\N	t	f
yamarina23	\N	432042175	\N	515	\N	2021-05-11 21:27:55	\N	t	f
Irinachekalenko	\N	506621742	\N	331	\N	2021-05-11 21:27:55	\N	t	f
GalinaSergeewnacrowd1	\N	458627205	\N	514	\N	2021-05-11 21:27:55	\N	t	f
albino49	\N	363763181	\N	332	\N	2021-05-11 21:27:55	\N	t	f
djdem_kz	\N	\N	\N	380	293	2021-05-11 21:27:55	\N	\N	f
garold633	t	1498680034	2021-03-21 12:19:29+03	161	595	2021-05-11 21:27:55	\N	t	f
Aleks202123	\N	\N	\N	523	207	2021-05-11 21:27:55	\N	\N	f
Ingagolos	\N	\N	\N	591	590	2021-05-11 21:27:55	\N	\N	f
Lead_4	t	1485258936	2021-03-21 12:09:58+03	67	583	2021-05-11 21:27:55	\N	t	f
Kaptanjk	\N	929041354	\N	412	\N	2021-05-11 21:27:55	\N	t	f
oltim10	\N	846946271	\N	408	\N	2021-05-11 21:27:55	\N	t	f
vero4kazin	\N	845259039	\N	352	\N	2021-05-11 21:27:55	\N	t	f
AXMEROVA	\N	618559843	\N	333	\N	2021-05-11 21:27:55	\N	t	f
ikaravaev	\N	1146732562	\N	334	\N	2021-05-11 21:27:55	\N	t	f
Sergey_Gofman	\N	1062209350	\N	470	\N	2021-05-11 21:27:55	\N	t	f
v_korableva	\N	1061955838	\N	336	\N	2021-05-11 21:27:55	\N	\N	f
galina_ahdreeva	\N	668168409	\N	337	\N	2021-05-11 21:27:55	\N	t	f
reni_bag	\N	664799532	\N	339	\N	2021-05-11 21:27:55	\N	t	f
Zhannaantamonova	\N	1759873378	\N	354	\N	2021-05-11 21:27:55	\N	\N	f
RaisaKudriavtseva	\N	838019219	\N	330	\N	2021-05-11 21:27:55	\N	t	f
annavlasova72	\N	503656263	\N	355	\N	2021-05-11 21:27:55	\N	t	f
soloviev1002	\N	987517320	\N	340	\N	2021-05-11 21:27:55	\N	t	f
bondnv2254	\N	468409303	\N	356	\N	2021-05-11 21:27:55	\N	t	f
Galateja	\N	1294663080	\N	335	\N	2021-05-11 21:27:55	\N	t	f
mallak82	\N	828716342	\N	516	501	2021-05-11 21:27:55	\N	t	f
Buyforcent	\N	322821608	\N	535	\N	2021-05-11 21:27:55	\N	t	f
ivtiukhova	\N	734898885	\N	360	\N	2021-05-11 21:27:55	\N	t	f
Lilusa	\N	1773046573	\N	429	50	2021-05-11 21:27:55	\N	t	f
mihail_1942	\N	1098768244	\N	536	\N	2021-05-11 21:27:55	\N	t	f
edibest	\N	268404611	\N	357	\N	2021-05-11 21:27:55	\N	t	f
Lyubov_Zahatie	\N	451925980	\N	363	\N	2021-05-11 21:27:55	\N	t	f
smp010	f	740063778	2021-03-29 07:53:39+03	132	\N	2021-05-11 21:27:55	\N	t	f
granny0506	\N	574563477	\N	485	\N	2021-05-11 21:27:55	\N	t	f
Appappa_ept	\N	970731919	\N	517	\N	2021-05-11 21:27:55	\N	\N	f
mama_star_m	\N	671912688	\N	353	\N	2021-05-11 21:27:55	\N	\N	f
milabkuznetsova	\N	759525376	\N	468	\N	2021-05-11 21:27:55	\N	t	f
LeshenkoMihail	\N	182464648	\N	467	\N	2021-05-11 21:27:55	\N	t	f
Dima890	f	471257091	2021-03-21 14:03:24+03	257	595	2021-05-11 21:27:55	\N	t	f
VOROBEISV	\N	880871926	\N	539	\N	2021-05-11 21:27:55	\N	t	f
Serrgggg	\N	1593842682	\N	486	\N	2021-05-11 21:27:55	\N	t	f
R_Livan	\N	1497848002	\N	540	\N	2021-05-11 21:27:55	\N	\N	f
lilmilbez	\N	893641159	\N	430	\N	2021-05-11 21:27:55	\N	t	f
valyamelentieva	\N	985293422	\N	487	\N	2021-05-11 21:27:55	\N	t	f
olgaandr21	f	1262979998	2021-03-21 20:59:18+03	127	\N	2021-05-11 21:27:55	\N	f	f
vladponik72	f	970425377	2021-03-24 15:52:21+03	128	\N	2021-05-11 21:27:55	\N	t	f
Tsiesh9178	\N	364539655	\N	508	72	2021-05-11 21:27:55	\N	\N	f
beresa1940	\N	323345945	\N	488	\N	2021-05-11 21:27:55	\N	t	f
aleks202123	\N	1559893817	\N	525	\N	2021-05-11 21:27:55	\N	t	f
dedgabar	\N	273648280	\N	603	602	2021-05-11 21:27:55	\N	t	f
olga_chad	f	1008347907	2021-03-21 14:04:39+03	168	215	2021-05-11 21:27:55	\N	t	f
nataliyapon	f	815184617	2021-03-21 13:54:17+03	12	196	2021-05-11 21:27:55	\N	t	f
Sveta_Akkuzina	f	545975086	2021-03-21 12:55:45+03	176	243	2021-05-11 21:27:55	\N	t	f
vipgoldlineoj	\N	\N	\N	600	596	2021-05-11 21:27:55	\N	\N	f
okhlopru	\N	\N	\N	605	602	2021-05-11 21:27:55	\N	\N	f
Natalkuz	f	1098727655	2021-03-21 12:21:41+03	82	250	2021-05-11 21:27:55	\N	t	f
sergeykrd23	\N	348630666	\N	597	596	2021-05-11 21:27:55	\N	\N	f
Ilya_mon	f	948868439	2021-03-21 14:04:39+03	202	215	2021-05-11 21:27:55	\N	t	f
evzuraa	t	371589543	2021-03-21 13:34:05+03	71	213	2021-05-11 21:27:55	\N	t	f
\.


--
-- Data for Name: skypeleadfingerprints; Type: TABLE DATA; Schema: public; Owner: apps
--

COPY public.skypeleadfingerprints (id, fingerprint) FROM stdin;
\.


--
-- Name: marketings_id_seq; Type: SEQUENCE SET; Schema: public; Owner: apps
--

SELECT pg_catalog.setval('public.marketings_id_seq', 291, true);


--
-- Name: payments_history_id_seq; Type: SEQUENCE SET; Schema: public; Owner: apps
--

SELECT pg_catalog.setval('public.payments_history_id_seq', 3, true);


--
-- Name: quasar_telegrambot_news_id_seq; Type: SEQUENCE SET; Schema: public; Owner: apps
--

SELECT pg_catalog.setval('public.quasar_telegrambot_news_id_seq', 13, true);


--
-- Name: quasar_telegrambot_posts_id_seq; Type: SEQUENCE SET; Schema: public; Owner: apps
--

SELECT pg_catalog.setval('public.quasar_telegrambot_posts_id_seq', 1, false);


--
-- Name: quasar_telegrambot_users_new_id_seq; Type: SEQUENCE SET; Schema: public; Owner: apps
--

SELECT pg_catalog.setval('public.quasar_telegrambot_users_new_id_seq', 653, true);


--
-- Name: skypeleadfingerprints_id_seq; Type: SEQUENCE SET; Schema: public; Owner: apps
--

SELECT pg_catalog.setval('public.skypeleadfingerprints_id_seq', 1, false);


--
-- Name: marketings marketings_pkey; Type: CONSTRAINT; Schema: public; Owner: apps
--

ALTER TABLE ONLY public.marketings
    ADD CONSTRAINT marketings_pkey PRIMARY KEY (id);


--
-- Name: payments_history payments_history_pkey; Type: CONSTRAINT; Schema: public; Owner: apps
--

ALTER TABLE ONLY public.payments_history
    ADD CONSTRAINT payments_history_pkey PRIMARY KEY (id);


--
-- Name: quasar_telegrambot_news quasar_telegrambot_news_pkey; Type: CONSTRAINT; Schema: public; Owner: apps
--

ALTER TABLE ONLY public.quasar_telegrambot_news
    ADD CONSTRAINT quasar_telegrambot_news_pkey PRIMARY KEY (id);


--
-- Name: quasar_telegrambot_users_new quasar_telegrambot_users_new_pkey; Type: CONSTRAINT; Schema: public; Owner: apps
--

ALTER TABLE ONLY public.quasar_telegrambot_users_new
    ADD CONSTRAINT quasar_telegrambot_users_new_pkey PRIMARY KEY (id);


--
-- Name: quasar_telegrambot_users_new quasar_telegrambot_users_new_username_chat_id_key; Type: CONSTRAINT; Schema: public; Owner: apps
--

ALTER TABLE ONLY public.quasar_telegrambot_users_new
    ADD CONSTRAINT quasar_telegrambot_users_new_username_chat_id_key UNIQUE (username, chat_id);


--
-- Name: skypeleadfingerprints skypeleadfingerprints_pkey; Type: CONSTRAINT; Schema: public; Owner: apps
--

ALTER TABLE ONLY public.skypeleadfingerprints
    ADD CONSTRAINT skypeleadfingerprints_pkey PRIMARY KEY (id);


--
-- Name: marketings marketings_user_id_fkey; Type: FK CONSTRAINT; Schema: public; Owner: apps
--

ALTER TABLE ONLY public.marketings
    ADD CONSTRAINT marketings_user_id_fkey FOREIGN KEY (user_id) REFERENCES public.quasar_telegrambot_users_new(id);


--
-- Name: payments_history payments_history_user_id_fkey; Type: FK CONSTRAINT; Schema: public; Owner: apps
--

ALTER TABLE ONLY public.payments_history
    ADD CONSTRAINT payments_history_user_id_fkey FOREIGN KEY (user_id) REFERENCES public.quasar_telegrambot_users_new(id);


--
-- PostgreSQL database dump complete
--

