--
-- PostgreSQL database dump
--

-- Dumped from database version 12.6
-- Dumped by pg_dump version 12.6 (Ubuntu 12.6-0ubuntu0.20.04.1)

SET statement_timeout = 0;
SET lock_timeout = 0;
SET idle_in_transaction_session_timeout = 0;
SET client_encoding = 'UTF8';
SET standard_conforming_strings = on;
SELECT pg_catalog.set_config('search_path', '', false);
SET check_function_bodies = false;
SET xmloption = content;
SET client_min_messages = warning;
SET row_security = off;

SET default_tablespace = '';

SET default_table_access_method = heap;

--
-- Name: chats; Type: TABLE; Schema: public; Owner: apps
--

CREATE TABLE public.chats (
    id integer NOT NULL,
    msg_text text,
    active boolean,
    chat_id text,
    name text
);


ALTER TABLE public.chats OWNER TO apps;

--
-- Name: chats_id_seq; Type: SEQUENCE; Schema: public; Owner: apps
--

CREATE SEQUENCE public.chats_id_seq
    AS integer
    START WITH 1
    INCREMENT BY 1
    NO MINVALUE
    NO MAXVALUE
    CACHE 1;


ALTER TABLE public.chats_id_seq OWNER TO apps;

--
-- Name: chats_id_seq; Type: SEQUENCE OWNED BY; Schema: public; Owner: apps
--

ALTER SEQUENCE public.chats_id_seq OWNED BY public.chats.id;


--
-- Name: marketings; Type: TABLE; Schema: public; Owner: apps
--

CREATE TABLE public.marketings (
    id integer NOT NULL,
    user_id integer,
    qcloud_pay timestamp with time zone,
    franchise_pay timestamp with time zone,
    message_pay timestamp with time zone,
    insta_comment_pay timestamp with time zone,
    insta_lead_pay timestamp with time zone,
    skype_lead_pay timestamp with time zone,
    skype_reg_pay timestamp with time zone,
    tele_lead_pay timestamp with time zone,
    vk_lead_pay timestamp with time zone,
    vk_reg_pay timestamp with time zone,
    insta_king_pay timestamp with time zone,
    autopilot_pay timestamp with time zone
);


ALTER TABLE public.marketings OWNER TO apps;

--
-- Name: marketings_id_seq; Type: SEQUENCE; Schema: public; Owner: apps
--

CREATE SEQUENCE public.marketings_id_seq
    AS integer
    START WITH 1
    INCREMENT BY 1
    NO MINVALUE
    NO MAXVALUE
    CACHE 1;


ALTER TABLE public.marketings_id_seq OWNER TO apps;

--
-- Name: marketings_id_seq; Type: SEQUENCE OWNED BY; Schema: public; Owner: apps
--

ALTER SEQUENCE public.marketings_id_seq OWNED BY public.marketings.id;


--
-- Name: newsletters; Type: TABLE; Schema: public; Owner: apps
--

CREATE TABLE public.newsletters (
    id integer NOT NULL,
    chat_ids text[],
    msg_text text,
    img text,
    send_time timestamp without time zone
);


ALTER TABLE public.newsletters OWNER TO apps;

--
-- Name: newsletters_id_seq; Type: SEQUENCE; Schema: public; Owner: apps
--

CREATE SEQUENCE public.newsletters_id_seq
    AS integer
    START WITH 1
    INCREMENT BY 1
    NO MINVALUE
    NO MAXVALUE
    CACHE 1;


ALTER TABLE public.newsletters_id_seq OWNER TO apps;

--
-- Name: newsletters_id_seq; Type: SEQUENCE OWNED BY; Schema: public; Owner: apps
--

ALTER SEQUENCE public.newsletters_id_seq OWNED BY public.newsletters.id;


--
-- Name: payments_history; Type: TABLE; Schema: public; Owner: apps
--

CREATE TABLE public.payments_history (
    id integer NOT NULL,
    user_id integer,
    marketing text,
    amount numeric,
    datetime timestamp without time zone DEFAULT now(),
    currency character varying(3) DEFAULT 'RUB'::character varying
);


ALTER TABLE public.payments_history OWNER TO apps;

--
-- Name: payments_history_id_seq; Type: SEQUENCE; Schema: public; Owner: apps
--

CREATE SEQUENCE public.payments_history_id_seq
    AS integer
    START WITH 1
    INCREMENT BY 1
    NO MINVALUE
    NO MAXVALUE
    CACHE 1;


ALTER TABLE public.payments_history_id_seq OWNER TO apps;

--
-- Name: payments_history_id_seq; Type: SEQUENCE OWNED BY; Schema: public; Owner: apps
--

ALTER SEQUENCE public.payments_history_id_seq OWNED BY public.payments_history.id;


--
-- Name: quasar_telegrambot_news; Type: TABLE; Schema: public; Owner: apps
--

CREATE TABLE public.quasar_telegrambot_news (
    id integer NOT NULL,
    text text,
    img_id text
);


ALTER TABLE public.quasar_telegrambot_news OWNER TO apps;

--
-- Name: quasar_telegrambot_news_id_seq; Type: SEQUENCE; Schema: public; Owner: apps
--

CREATE SEQUENCE public.quasar_telegrambot_news_id_seq
    AS integer
    START WITH 1
    INCREMENT BY 1
    NO MINVALUE
    NO MAXVALUE
    CACHE 1;


ALTER TABLE public.quasar_telegrambot_news_id_seq OWNER TO apps;

--
-- Name: quasar_telegrambot_news_id_seq; Type: SEQUENCE OWNED BY; Schema: public; Owner: apps
--

ALTER SEQUENCE public.quasar_telegrambot_news_id_seq OWNED BY public.quasar_telegrambot_news.id;


--
-- Name: quasar_telegrambot_posts; Type: TABLE; Schema: public; Owner: apps
--

CREATE TABLE public.quasar_telegrambot_posts (
    text text NOT NULL,
    base64_image bytea NOT NULL,
    created_datetime timestamp with time zone DEFAULT CURRENT_TIMESTAMP NOT NULL,
    post_datetime timestamp with time zone DEFAULT CURRENT_TIMESTAMP NOT NULL,
    id integer NOT NULL
);


ALTER TABLE public.quasar_telegrambot_posts OWNER TO apps;

--
-- Name: quasar_telegrambot_posts_dev; Type: TABLE; Schema: public; Owner: apps
--

CREATE TABLE public.quasar_telegrambot_posts_dev (
    text text,
    base64_image bytea,
    created_datetime timestamp with time zone,
    post_datetime timestamp with time zone,
    id integer
);


ALTER TABLE public.quasar_telegrambot_posts_dev OWNER TO apps;

--
-- Name: quasar_telegrambot_posts_id_seq; Type: SEQUENCE; Schema: public; Owner: apps
--

CREATE SEQUENCE public.quasar_telegrambot_posts_id_seq
    AS integer
    START WITH 1
    INCREMENT BY 1
    NO MINVALUE
    NO MAXVALUE
    CACHE 1;


ALTER TABLE public.quasar_telegrambot_posts_id_seq OWNER TO apps;

--
-- Name: quasar_telegrambot_posts_id_seq; Type: SEQUENCE OWNED BY; Schema: public; Owner: apps
--

ALTER SEQUENCE public.quasar_telegrambot_posts_id_seq OWNED BY public.quasar_telegrambot_posts.id;


--
-- Name: quasar_telegrambot_users_new; Type: TABLE; Schema: public; Owner: apps
--

CREATE TABLE public.quasar_telegrambot_users_new (
    username text,
    is_admin boolean,
    chat_id bigint,
    datetime timestamp with time zone DEFAULT now(),
    id integer NOT NULL,
    ref_id bigint,
    last_pay timestamp with time zone,
    sign text,
    checked boolean,
    gift_recived boolean DEFAULT false,
    code integer
);


ALTER TABLE public.quasar_telegrambot_users_new OWNER TO apps;

--
-- Name: quasar_telegrambot_users_new_id_seq; Type: SEQUENCE; Schema: public; Owner: apps
--

CREATE SEQUENCE public.quasar_telegrambot_users_new_id_seq
    AS integer
    START WITH 1
    INCREMENT BY 1
    NO MINVALUE
    NO MAXVALUE
    CACHE 1;


ALTER TABLE public.quasar_telegrambot_users_new_id_seq OWNER TO apps;

--
-- Name: quasar_telegrambot_users_new_id_seq; Type: SEQUENCE OWNED BY; Schema: public; Owner: apps
--

ALTER SEQUENCE public.quasar_telegrambot_users_new_id_seq OWNED BY public.quasar_telegrambot_users_new.id;


--
-- Name: redirect; Type: TABLE; Schema: public; Owner: apps
--

CREATE TABLE public.redirect (
    id integer NOT NULL,
    user_id integer,
    hash text,
    datetime timestamp with time zone DEFAULT now()
);


ALTER TABLE public.redirect OWNER TO apps;

--
-- Name: redirect_id_seq; Type: SEQUENCE; Schema: public; Owner: apps
--

CREATE SEQUENCE public.redirect_id_seq
    AS integer
    START WITH 1
    INCREMENT BY 1
    NO MINVALUE
    NO MAXVALUE
    CACHE 1;


ALTER TABLE public.redirect_id_seq OWNER TO apps;

--
-- Name: redirect_id_seq; Type: SEQUENCE OWNED BY; Schema: public; Owner: apps
--

ALTER SEQUENCE public.redirect_id_seq OWNED BY public.redirect.id;


--
-- Name: skypeleadfingerprints; Type: TABLE; Schema: public; Owner: apps
--

CREATE TABLE public.skypeleadfingerprints (
    id integer NOT NULL,
    fingerprint text
);


ALTER TABLE public.skypeleadfingerprints OWNER TO apps;

--
-- Name: skypeleadfingerprints_id_seq; Type: SEQUENCE; Schema: public; Owner: apps
--

CREATE SEQUENCE public.skypeleadfingerprints_id_seq
    AS integer
    START WITH 1
    INCREMENT BY 1
    NO MINVALUE
    NO MAXVALUE
    CACHE 1;


ALTER TABLE public.skypeleadfingerprints_id_seq OWNER TO apps;

--
-- Name: skypeleadfingerprints_id_seq; Type: SEQUENCE OWNED BY; Schema: public; Owner: apps
--

ALTER SEQUENCE public.skypeleadfingerprints_id_seq OWNED BY public.skypeleadfingerprints.id;


--
-- Name: chats id; Type: DEFAULT; Schema: public; Owner: apps
--

ALTER TABLE ONLY public.chats ALTER COLUMN id SET DEFAULT nextval('public.chats_id_seq'::regclass);


--
-- Name: marketings id; Type: DEFAULT; Schema: public; Owner: apps
--

ALTER TABLE ONLY public.marketings ALTER COLUMN id SET DEFAULT nextval('public.marketings_id_seq'::regclass);


--
-- Name: newsletters id; Type: DEFAULT; Schema: public; Owner: apps
--

ALTER TABLE ONLY public.newsletters ALTER COLUMN id SET DEFAULT nextval('public.newsletters_id_seq'::regclass);


--
-- Name: payments_history id; Type: DEFAULT; Schema: public; Owner: apps
--

ALTER TABLE ONLY public.payments_history ALTER COLUMN id SET DEFAULT nextval('public.payments_history_id_seq'::regclass);


--
-- Name: quasar_telegrambot_news id; Type: DEFAULT; Schema: public; Owner: apps
--

ALTER TABLE ONLY public.quasar_telegrambot_news ALTER COLUMN id SET DEFAULT nextval('public.quasar_telegrambot_news_id_seq'::regclass);


--
-- Name: quasar_telegrambot_posts id; Type: DEFAULT; Schema: public; Owner: apps
--

ALTER TABLE ONLY public.quasar_telegrambot_posts ALTER COLUMN id SET DEFAULT nextval('public.quasar_telegrambot_posts_id_seq'::regclass);


--
-- Name: quasar_telegrambot_users_new id; Type: DEFAULT; Schema: public; Owner: apps
--

ALTER TABLE ONLY public.quasar_telegrambot_users_new ALTER COLUMN id SET DEFAULT nextval('public.quasar_telegrambot_users_new_id_seq'::regclass);


--
-- Name: redirect id; Type: DEFAULT; Schema: public; Owner: apps
--

ALTER TABLE ONLY public.redirect ALTER COLUMN id SET DEFAULT nextval('public.redirect_id_seq'::regclass);


--
-- Name: skypeleadfingerprints id; Type: DEFAULT; Schema: public; Owner: apps
--

ALTER TABLE ONLY public.skypeleadfingerprints ALTER COLUMN id SET DEFAULT nextval('public.skypeleadfingerprints_id_seq'::regclass);


--
-- Data for Name: chats; Type: TABLE DATA; Schema: public; Owner: apps
--

COPY public.chats (id, msg_text, active, chat_id, name) FROM stdin;
6	&&&, привет!	t	-558470404	test1337
4	&&&, добро пожаловать в мир Quasar Technology!\n \n• Инструкция, как зарегистрироваться в Quasar Tehnology: \nhttps://t.me/c/1405416206/2965\n\nЕсли возникли проблемы при регистрации, просто напиши комментарий: «НУЖНА ПОМОЩ», в этом чате\n\n• Для тебя подарок! Программа VkConnect, автоматизация бизнеса в Vk и привлечения бесплатного, \nбесконечного, целевого трафика. Жми в боте на кнопку "Мой подарок" и он твой:\nhttps://t.me/quasar_infobot\n\n• Развёрнутая инструкция: https://t.me/c/1405416206/2611\n \n• Немного о компании:\nhttps://t.me/c/1405416206/2622\n\n____\n\nQuasar Tehnology, мировой лидер на рынке автоматизации и оптимизации любых бизнес  процессов\n\nСервисы и программы компании высоко эффективны, удобны, доступны, востребованны и безопасны! А главное дают желаемый результат здесь и сейчас\n\nОт ныне ты часть дружной бизнес семьи Quasar Tehnology. Если понадобится помощь или совет, обращайся к партнёрам компании в чатах и следи за новостями!	t	-1001405416206	Гостинная Quasar Technology
8	&&&, привет!	t	-1001169392003	connecting people
7	&&&, добро пожаловать в оф чат компании Quasar Technology!\n \n• Для получения подробной информации, переходи в главного бота компании: \nhttps://t.me/quasar_infobot\n\n• Развивай бизнес с Quasar Tehnology \n\n• Общайся с партнерами в чате\n\n_\n\nQuasar Tehnology, мировой лидер на рынке автоматизации и оптимизации любых бизнес  процессов\n\nСервисы и программы компании высоко эффективны, удобны, доступны, востребованны и безопасны! А главное дают желаемый результат здесь и сейчас\n\nОт ныне ты часть дружной бизнес семьи Quasar Tehnology. Если понадобится помощь или совет, обращайся к партнёрам компании в чатах и следи за новостями!	t	-1001286565304	Quasar Technology оф. чат
\.


--
-- Data for Name: marketings; Type: TABLE DATA; Schema: public; Owner: apps
--

COPY public.marketings (id, user_id, qcloud_pay, franchise_pay, message_pay, insta_comment_pay, insta_lead_pay, skype_lead_pay, skype_reg_pay, tele_lead_pay, vk_lead_pay, vk_reg_pay, insta_king_pay, autopilot_pay) FROM stdin;
295	394	\N	\N	\N	\N	\N	\N	\N	\N	\N	\N	\N	\N
296	656	\N	\N	\N	\N	\N	\N	\N	\N	\N	\N	\N	\N
313	676	\N	\N	\N	\N	\N	\N	\N	\N	\N	\N	\N	\N
293	583	\N	\N	\N	\N	\N	2021-06-05 16:22:54.694895+00	\N	\N	\N	\N	2021-06-05 16:22:54.694895+00	\N
3	504	\N	\N	\N	\N	\N	2021-05-22 23:08:47.882044+00	\N	\N	\N	\N	2021-05-22 23:08:47.882044+00	\N
350	713	\N	\N	\N	\N	\N	\N	\N	\N	\N	\N	\N	\N
353	620	\N	\N	\N	\N	\N	\N	\N	\N	\N	\N	\N	\N
371	744	\N	\N	\N	\N	\N	\N	\N	\N	\N	\N	\N	\N
372	745	\N	\N	\N	\N	\N	\N	\N	\N	\N	\N	\N	\N
357	725	\N	\N	\N	\N	\N	\N	\N	\N	\N	\N	\N	\N
373	746	2021-06-09 10:32:07+00	2021-06-09 10:32:07+00	2021-06-09 10:32:07+00	2021-06-09 10:32:07+00	2021-06-09 10:32:07+00	2021-06-09 10:32:07+00	2021-06-09 10:32:07+00	2021-06-09 10:32:07+00	2021-06-09 10:32:07+00	2021-06-09 10:32:07+00	2021-06-09 10:32:07+00	2021-06-09 10:32:07+00
271	180	2021-06-23 14:34:48.43726+00	2021-06-23 14:34:48.43726+00	2021-06-23 14:34:48.43726+00	2021-06-23 14:34:48.43726+00	2021-06-23 14:34:48.43726+00	2021-06-23 14:34:48.43726+00	2021-06-23 14:34:48.43726+00	2021-06-23 14:34:48.43726+00	2021-06-23 14:34:48.43726+00	2021-06-23 14:34:48.43726+00	2021-06-23 14:34:48.43726+00	\N
408	791	2021-06-10 08:42:34+00	2021-06-10 08:42:34+00	2021-06-10 08:42:34+00	2021-06-10 08:42:34+00	2021-06-10 08:42:34+00	2021-06-10 08:42:34+00	2021-06-10 08:42:34+00	2021-06-10 08:42:34+00	2021-06-10 08:42:34+00	2021-06-10 08:42:34+00	2021-06-10 08:42:34+00	2021-06-10 08:42:34+00
409	792	\N	\N	\N	\N	\N	\N	\N	\N	\N	\N	\N	\N
434	834	\N	\N	\N	\N	\N	\N	\N	\N	\N	\N	\N	\N
435	835	2021-06-14 14:51:04+00	2021-06-14 14:51:04+00	2021-06-14 14:51:04+00	2021-06-14 14:51:04+00	2021-06-14 14:51:04+00	2021-06-14 14:51:04+00	2021-06-14 14:51:04+00	2021-06-14 14:51:04+00	2021-06-14 14:51:04+00	2021-06-14 14:51:04+00	2021-06-14 14:51:04+00	2021-06-14 14:51:04+00
64	95	2021-06-06 17:08:19.872793+00	2021-06-06 17:08:19.872793+00	2021-06-06 17:08:19.872793+00	2021-06-06 17:08:19.872793+00	2021-06-06 17:08:19.872793+00	2021-05-22 23:08:47.882044+00	2021-06-06 17:08:19.872793+00	2021-06-06 17:08:19.872793+00	2021-06-06 17:08:19.872793+00	2021-06-06 17:08:19.872793+00	2021-05-22 23:08:47.882044+00	\N
33	182	\N	\N	\N	\N	\N	2021-05-22 23:08:47.882044+00	\N	\N	\N	\N	2021-05-22 23:08:47.882044+00	\N
35	464	\N	\N	\N	\N	\N	2021-05-22 23:08:47.882044+00	\N	\N	\N	\N	2021-05-22 23:08:47.882044+00	\N
294	7	\N	\N	\N	\N	\N	\N	\N	\N	\N	\N	\N	\N
38	311	\N	\N	\N	\N	\N	2021-05-22 23:08:47.882044+00	\N	\N	\N	\N	2021-05-22 23:08:47.882044+00	\N
39	269	\N	\N	\N	\N	\N	2021-05-22 23:08:47.882044+00	\N	\N	\N	\N	2021-05-22 23:08:47.882044+00	\N
42	67	\N	\N	\N	\N	\N	2021-05-22 23:08:47.882044+00	\N	\N	\N	\N	2021-05-22 23:08:47.882044+00	\N
43	270	\N	\N	\N	\N	\N	2021-05-22 23:08:47.882044+00	\N	\N	\N	\N	2021-05-22 23:08:47.882044+00	\N
45	277	\N	\N	\N	\N	\N	2021-05-22 23:08:47.882044+00	\N	\N	\N	\N	2021-05-22 23:08:47.882044+00	\N
47	273	\N	\N	\N	\N	\N	2021-05-22 23:08:47.882044+00	\N	\N	\N	\N	2021-05-22 23:08:47.882044+00	\N
48	90	\N	\N	\N	\N	\N	2021-05-22 23:08:47.882044+00	\N	\N	\N	\N	2021-05-22 23:08:47.882044+00	\N
53	463	\N	\N	\N	\N	\N	2021-05-22 23:08:47.882044+00	\N	\N	\N	\N	2021-05-22 23:08:47.882044+00	\N
54	32	\N	\N	\N	\N	\N	2021-05-22 23:08:47.882044+00	\N	\N	\N	\N	2021-05-22 23:08:47.882044+00	\N
55	81	\N	\N	\N	\N	\N	2021-05-22 23:08:47.882044+00	\N	\N	\N	\N	2021-05-22 23:08:47.882044+00	\N
56	47	\N	\N	\N	\N	\N	2021-05-22 23:08:47.882044+00	\N	\N	\N	\N	2021-05-22 23:08:47.882044+00	\N
58	27	\N	\N	\N	\N	\N	2021-05-22 23:08:47.882044+00	\N	\N	\N	\N	2021-05-22 23:08:47.882044+00	\N
59	5	\N	\N	\N	\N	\N	2021-05-22 23:08:47.882044+00	\N	\N	\N	\N	2021-05-22 23:08:47.882044+00	\N
60	45	\N	\N	\N	\N	\N	2021-05-22 23:08:47.882044+00	\N	\N	\N	\N	2021-05-22 23:08:47.882044+00	\N
61	23	\N	\N	\N	\N	\N	2021-05-22 23:08:47.882044+00	\N	\N	\N	\N	2021-05-22 23:08:47.882044+00	\N
62	14	\N	\N	\N	\N	\N	2021-05-22 23:08:47.882044+00	\N	\N	\N	\N	2021-05-22 23:08:47.882044+00	\N
63	179	\N	\N	\N	\N	\N	2021-05-22 23:08:47.882044+00	\N	\N	\N	\N	2021-05-22 23:08:47.882044+00	\N
66	199	\N	\N	\N	\N	\N	2021-05-22 23:08:47.882044+00	\N	\N	\N	\N	2021-05-22 23:08:47.882044+00	\N
68	272	\N	\N	\N	\N	\N	2021-05-22 23:08:47.882044+00	\N	\N	\N	\N	2021-05-22 23:08:47.882044+00	\N
69	189	\N	\N	\N	\N	\N	2021-05-22 23:08:47.882044+00	\N	\N	\N	\N	2021-05-22 23:08:47.882044+00	\N
70	275	\N	\N	\N	\N	\N	2021-05-22 23:08:47.882044+00	\N	\N	\N	\N	2021-05-22 23:08:47.882044+00	\N
72	266	\N	\N	\N	\N	\N	2021-05-22 23:08:47.882044+00	\N	\N	\N	\N	2021-05-22 23:08:47.882044+00	\N
73	33	\N	\N	\N	\N	\N	2021-05-22 23:08:47.882044+00	\N	\N	\N	\N	2021-05-22 23:08:47.882044+00	\N
74	240	\N	\N	\N	\N	\N	2021-05-22 23:08:47.882044+00	\N	\N	\N	\N	2021-05-22 23:08:47.882044+00	\N
75	107	\N	\N	\N	\N	\N	2021-05-22 23:08:47.882044+00	\N	\N	\N	\N	2021-05-22 23:08:47.882044+00	\N
76	159	\N	\N	\N	\N	\N	2021-05-22 23:08:47.882044+00	\N	\N	\N	\N	2021-05-22 23:08:47.882044+00	\N
77	24	\N	\N	\N	\N	\N	2021-05-22 23:08:47.882044+00	\N	\N	\N	\N	2021-05-22 23:08:47.882044+00	\N
79	29	\N	\N	\N	\N	\N	2021-05-22 23:08:47.882044+00	\N	\N	\N	\N	2021-05-22 23:08:47.882044+00	\N
80	30	\N	\N	\N	\N	\N	2021-05-22 23:08:47.882044+00	\N	\N	\N	\N	2021-05-22 23:08:47.882044+00	\N
81	46	\N	\N	\N	\N	\N	2021-05-22 23:08:47.882044+00	\N	\N	\N	\N	2021-05-22 23:08:47.882044+00	\N
83	208	\N	\N	\N	\N	\N	2021-05-22 23:08:47.882044+00	\N	\N	\N	\N	2021-05-22 23:08:47.882044+00	\N
85	130	\N	\N	\N	\N	\N	2021-05-22 23:08:47.882044+00	\N	\N	\N	\N	2021-05-22 23:08:47.882044+00	\N
86	177	\N	\N	\N	\N	\N	2021-05-22 23:08:47.882044+00	\N	\N	\N	\N	2021-05-22 23:08:47.882044+00	\N
87	271	\N	\N	\N	\N	\N	2021-05-22 23:08:47.882044+00	\N	\N	\N	\N	2021-05-22 23:08:47.882044+00	\N
89	80	\N	\N	\N	\N	\N	2021-05-22 23:08:47.882044+00	\N	\N	\N	\N	2021-05-22 23:08:47.882044+00	\N
228	274	\N	\N	\N	\N	\N	2021-05-22 23:08:47.882044+00	\N	\N	\N	\N	2021-05-22 23:08:47.882044+00	\N
230	202	\N	\N	\N	\N	\N	2021-05-22 23:08:47.882044+00	\N	\N	\N	\N	2021-05-22 23:08:47.882044+00	\N
231	169	\N	\N	\N	\N	\N	2021-05-22 23:08:47.882044+00	\N	\N	\N	\N	2021-05-22 23:08:47.882044+00	\N
297	657	\N	\N	\N	\N	\N	\N	\N	\N	\N	\N	\N	\N
298	658	\N	\N	\N	\N	\N	\N	\N	\N	\N	\N	\N	\N
299	323	\N	\N	\N	\N	\N	\N	\N	\N	\N	\N	\N	\N
314	137	\N	\N	\N	\N	\N	\N	\N	\N	\N	\N	\N	\N
351	714	\N	\N	\N	\N	\N	\N	\N	\N	\N	\N	\N	\N
354	720	\N	\N	\N	\N	\N	\N	\N	\N	\N	\N	\N	\N
355	597	\N	\N	\N	\N	\N	\N	\N	\N	\N	\N	\N	\N
410	793	\N	\N	\N	\N	\N	\N	\N	\N	\N	\N	\N	\N
411	794	\N	\N	\N	\N	\N	\N	\N	\N	\N	\N	\N	\N
412	795	\N	\N	\N	\N	\N	\N	\N	\N	\N	\N	\N	\N
300	662	\N	\N	\N	\N	\N	\N	\N	\N	\N	\N	\N	\N
102	108	2021-06-12 21:09:30.220129+00	2021-06-12 21:09:30.220129+00	2021-06-12 21:09:30.220129+00	2021-06-12 21:09:30.220129+00	2021-06-12 21:09:30.220129+00	2021-05-22 23:08:47.882044+00	2021-06-12 21:09:30.220129+00	2021-06-12 21:09:30.220129+00	2021-06-12 21:09:30.220129+00	2021-06-12 21:09:30.220129+00	2021-05-22 23:08:47.882044+00	\N
315	\N	\N	\N	\N	\N	\N	\N	\N	\N	\N	\N	\N	\N
316	\N	\N	\N	\N	\N	\N	\N	\N	\N	\N	\N	\N	\N
352	715	\N	\N	\N	\N	\N	\N	\N	\N	\N	\N	\N	\N
375	748	\N	\N	\N	\N	\N	\N	\N	\N	\N	\N	\N	\N
377	752	\N	\N	\N	\N	\N	\N	\N	\N	\N	\N	\N	\N
376	749	2021-06-09 10:10:59+00	2021-06-09 10:10:59+00	2021-06-09 10:10:59+00	2021-06-09 10:10:59+00	2021-06-09 10:10:59+00	2021-06-09 10:10:59+00	2021-06-09 10:10:59+00	2021-06-09 10:10:59+00	2021-06-09 10:10:59+00	2021-06-09 10:10:59+00	2021-06-09 10:10:59+00	2021-06-09 10:10:59+00
413	798	\N	\N	\N	\N	\N	\N	\N	\N	\N	\N	\N	\N
91	53	\N	\N	\N	\N	\N	2021-05-22 23:08:47.882044+00	\N	\N	\N	\N	2021-05-22 23:08:47.882044+00	\N
92	78	\N	\N	\N	\N	\N	2021-05-22 23:08:47.882044+00	\N	\N	\N	\N	2021-05-22 23:08:47.882044+00	\N
93	83	\N	\N	\N	\N	\N	2021-05-22 23:08:47.882044+00	\N	\N	\N	\N	2021-05-22 23:08:47.882044+00	\N
94	85	\N	\N	\N	\N	\N	2021-05-22 23:08:47.882044+00	\N	\N	\N	\N	2021-05-22 23:08:47.882044+00	\N
96	93	\N	\N	\N	\N	\N	2021-05-22 23:08:47.882044+00	\N	\N	\N	\N	2021-05-22 23:08:47.882044+00	\N
97	56	\N	\N	\N	\N	\N	2021-05-22 23:08:47.882044+00	\N	\N	\N	\N	2021-05-22 23:08:47.882044+00	\N
101	125	\N	\N	\N	\N	\N	2021-05-22 23:08:47.882044+00	\N	\N	\N	\N	2021-05-22 23:08:47.882044+00	\N
103	110	\N	\N	\N	\N	\N	2021-05-22 23:08:47.882044+00	\N	\N	\N	\N	2021-05-22 23:08:47.882044+00	\N
104	111	\N	\N	\N	\N	\N	2021-05-22 23:08:47.882044+00	\N	\N	\N	\N	2021-05-22 23:08:47.882044+00	\N
106	115	\N	\N	\N	\N	\N	2021-05-22 23:08:47.882044+00	\N	\N	\N	\N	2021-05-22 23:08:47.882044+00	\N
107	117	\N	\N	\N	\N	\N	2021-05-22 23:08:47.882044+00	\N	\N	\N	\N	2021-05-22 23:08:47.882044+00	\N
108	118	\N	\N	\N	\N	\N	2021-05-22 23:08:47.882044+00	\N	\N	\N	\N	2021-05-22 23:08:47.882044+00	\N
21	257	\N	\N	\N	\N	\N	2021-05-22 23:08:47.882044+00	\N	\N	\N	\N	2021-05-22 23:08:47.882044+00	\N
26	\N	\N	\N	\N	\N	\N	2021-05-22 23:08:47.882044+00	\N	\N	\N	\N	2021-05-22 23:08:47.882044+00	\N
301	663	\N	\N	\N	\N	\N	\N	\N	\N	\N	\N	\N	\N
233	358	\N	\N	\N	\N	\N	2021-05-22 23:08:47.882044+00	\N	\N	\N	\N	2021-05-22 23:08:47.882044+00	\N
234	61	\N	\N	\N	\N	\N	2021-05-22 23:08:47.882044+00	\N	\N	\N	\N	2021-05-22 23:08:47.882044+00	\N
235	152	\N	\N	\N	\N	\N	2021-05-22 23:08:47.882044+00	\N	\N	\N	\N	2021-05-22 23:08:47.882044+00	\N
236	227	\N	\N	\N	\N	\N	2021-05-22 23:08:47.882044+00	\N	\N	\N	\N	2021-05-22 23:08:47.882044+00	\N
237	168	\N	\N	\N	\N	\N	2021-05-22 23:08:47.882044+00	\N	\N	\N	\N	2021-05-22 23:08:47.882044+00	\N
241	25	\N	\N	\N	\N	\N	2021-05-22 23:08:47.882044+00	\N	\N	\N	\N	2021-05-22 23:08:47.882044+00	\N
242	122	\N	\N	\N	\N	\N	2021-05-22 23:08:47.882044+00	\N	\N	\N	\N	2021-05-22 23:08:47.882044+00	\N
244	42	\N	\N	\N	\N	\N	2021-05-22 23:08:47.882044+00	\N	\N	\N	\N	2021-05-22 23:08:47.882044+00	\N
245	296	\N	\N	\N	\N	\N	2021-05-22 23:08:47.882044+00	\N	\N	\N	\N	2021-05-22 23:08:47.882044+00	\N
9	11	\N	\N	\N	\N	\N	2021-05-22 23:08:47.882044+00	\N	\N	\N	\N	2021-05-22 23:08:47.882044+00	\N
10	10	\N	\N	\N	\N	\N	2021-05-22 23:08:47.882044+00	\N	\N	\N	\N	2021-05-22 23:08:47.882044+00	\N
11	62	\N	\N	\N	\N	\N	2021-05-22 23:08:47.882044+00	\N	\N	\N	\N	2021-05-22 23:08:47.882044+00	\N
12	57	\N	\N	\N	\N	\N	2021-05-22 23:08:47.882044+00	\N	\N	\N	\N	2021-05-22 23:08:47.882044+00	\N
14	516	\N	\N	\N	\N	\N	2021-05-22 23:08:47.882044+00	\N	\N	\N	\N	2021-05-22 23:08:47.882044+00	\N
17	380	\N	\N	\N	\N	\N	2021-05-22 23:08:47.882044+00	\N	\N	\N	\N	2021-05-22 23:08:47.882044+00	\N
19	505	\N	\N	\N	\N	\N	2021-05-22 23:08:47.882044+00	\N	\N	\N	\N	2021-05-22 23:08:47.882044+00	\N
22	321	\N	\N	\N	\N	\N	2021-05-22 23:08:47.882044+00	\N	\N	\N	\N	2021-05-22 23:08:47.882044+00	\N
25	315	\N	\N	\N	\N	\N	2021-05-22 23:08:47.882044+00	\N	\N	\N	\N	2021-05-22 23:08:47.882044+00	\N
27	456	\N	\N	\N	\N	\N	2021-05-22 23:08:47.882044+00	\N	\N	\N	\N	2021-05-22 23:08:47.882044+00	\N
28	284	\N	\N	\N	\N	\N	2021-05-22 23:08:47.882044+00	\N	\N	\N	\N	2021-05-22 23:08:47.882044+00	\N
109	119	\N	\N	\N	\N	\N	2021-05-22 23:08:47.882044+00	\N	\N	\N	\N	2021-05-22 23:08:47.882044+00	\N
110	121	\N	\N	\N	\N	\N	2021-05-22 23:08:47.882044+00	\N	\N	\N	\N	2021-05-22 23:08:47.882044+00	\N
111	101	\N	\N	\N	\N	\N	2021-05-22 23:08:47.882044+00	\N	\N	\N	\N	2021-05-22 23:08:47.882044+00	\N
112	123	\N	\N	\N	\N	\N	2021-05-22 23:08:47.882044+00	\N	\N	\N	\N	2021-05-22 23:08:47.882044+00	\N
113	124	\N	\N	\N	\N	\N	2021-05-22 23:08:47.882044+00	\N	\N	\N	\N	2021-05-22 23:08:47.882044+00	\N
115	142	\N	\N	\N	\N	\N	2021-05-22 23:08:47.882044+00	\N	\N	\N	\N	2021-05-22 23:08:47.882044+00	\N
116	143	\N	\N	\N	\N	\N	2021-05-22 23:08:47.882044+00	\N	\N	\N	\N	2021-05-22 23:08:47.882044+00	\N
118	146	\N	\N	\N	\N	\N	2021-05-22 23:08:47.882044+00	\N	\N	\N	\N	2021-05-22 23:08:47.882044+00	\N
119	147	\N	\N	\N	\N	\N	2021-05-22 23:08:47.882044+00	\N	\N	\N	\N	2021-05-22 23:08:47.882044+00	\N
120	148	\N	\N	\N	\N	\N	2021-05-22 23:08:47.882044+00	\N	\N	\N	\N	2021-05-22 23:08:47.882044+00	\N
121	149	\N	\N	\N	\N	\N	2021-05-22 23:08:47.882044+00	\N	\N	\N	\N	2021-05-22 23:08:47.882044+00	\N
122	151	\N	\N	\N	\N	\N	2021-05-22 23:08:47.882044+00	\N	\N	\N	\N	2021-05-22 23:08:47.882044+00	\N
29	25	\N	\N	\N	\N	\N	2021-05-22 23:08:47.882044+00	\N	\N	\N	\N	2021-05-22 23:08:47.882044+00	\N
275	625	\N	\N	\N	\N	\N	\N	\N	\N	\N	\N	\N	\N
277	593	\N	\N	\N	\N	\N	\N	\N	\N	\N	\N	\N	\N
278	616	\N	\N	\N	\N	\N	\N	\N	\N	\N	\N	\N	\N
276	640	\N	\N	\N	\N	\N	2021-05-31 09:33:02.588925+00	\N	\N	\N	\N	2021-05-31 09:33:02.588925+00	\N
270	200	\N	\N	\N	\N	\N	2021-05-22 23:08:47.882044+00	\N	\N	\N	\N	2021-05-22 23:08:47.882044+00	\N
82	49	\N	\N	\N	\N	\N	2021-05-22 23:08:47.882044+00	\N	\N	\N	\N	2021-05-22 23:08:47.882044+00	\N
252	250	\N	\N	\N	\N	\N	2021-05-22 23:08:47.882044+00	\N	\N	\N	\N	2021-05-22 23:08:47.882044+00	\N
238	82	\N	\N	\N	\N	\N	2021-05-22 23:08:47.882044+00	\N	\N	\N	\N	2021-05-22 23:08:47.882044+00	\N
261	243	\N	\N	\N	\N	\N	2021-05-22 23:08:47.882044+00	\N	\N	\N	\N	2021-05-22 23:08:47.882044+00	\N
232	242	\N	\N	\N	\N	\N	2021-05-22 23:08:47.882044+00	\N	\N	\N	\N	2021-05-22 23:08:47.882044+00	\N
260	213	\N	\N	\N	\N	\N	2021-05-22 23:08:47.882044+00	\N	\N	\N	\N	2021-05-22 23:08:47.882044+00	\N
100	196	\N	\N	\N	\N	\N	2021-05-22 23:08:47.882044+00	\N	\N	\N	\N	2021-05-22 23:08:47.882044+00	\N
129	103	\N	\N	\N	\N	\N	2021-05-22 23:08:47.882044+00	\N	\N	\N	\N	2021-05-22 23:08:47.882044+00	\N
130	140	\N	\N	\N	\N	\N	2021-05-22 23:08:47.882044+00	\N	\N	\N	\N	2021-05-22 23:08:47.882044+00	\N
131	65	\N	\N	\N	\N	\N	2021-05-22 23:08:47.882044+00	\N	\N	\N	\N	2021-05-22 23:08:47.882044+00	\N
132	139	\N	\N	\N	\N	\N	2021-05-22 23:08:47.882044+00	\N	\N	\N	\N	2021-05-22 23:08:47.882044+00	\N
134	76	\N	\N	\N	\N	\N	2021-05-22 23:08:47.882044+00	\N	\N	\N	\N	2021-05-22 23:08:47.882044+00	\N
135	52	\N	\N	\N	\N	\N	2021-05-22 23:08:47.882044+00	\N	\N	\N	\N	2021-05-22 23:08:47.882044+00	\N
136	106	\N	\N	\N	\N	\N	2021-05-22 23:08:47.882044+00	\N	\N	\N	\N	2021-05-22 23:08:47.882044+00	\N
137	114	\N	\N	\N	\N	\N	2021-05-22 23:08:47.882044+00	\N	\N	\N	\N	2021-05-22 23:08:47.882044+00	\N
138	68	\N	\N	\N	\N	\N	2021-05-22 23:08:47.882044+00	\N	\N	\N	\N	2021-05-22 23:08:47.882044+00	\N
139	58	\N	\N	\N	\N	\N	2021-05-22 23:08:47.882044+00	\N	\N	\N	\N	2021-05-22 23:08:47.882044+00	\N
140	51	\N	\N	\N	\N	\N	2021-05-22 23:08:47.882044+00	\N	\N	\N	\N	2021-05-22 23:08:47.882044+00	\N
141	54	\N	\N	\N	\N	\N	2021-05-22 23:08:47.882044+00	\N	\N	\N	\N	2021-05-22 23:08:47.882044+00	\N
142	69	\N	\N	\N	\N	\N	2021-05-22 23:08:47.882044+00	\N	\N	\N	\N	2021-05-22 23:08:47.882044+00	\N
143	144	\N	\N	\N	\N	\N	2021-05-22 23:08:47.882044+00	\N	\N	\N	\N	2021-05-22 23:08:47.882044+00	\N
144	116	\N	\N	\N	\N	\N	2021-05-22 23:08:47.882044+00	\N	\N	\N	\N	2021-05-22 23:08:47.882044+00	\N
145	86	\N	\N	\N	\N	\N	2021-05-22 23:08:47.882044+00	\N	\N	\N	\N	2021-05-22 23:08:47.882044+00	\N
146	158	\N	\N	\N	\N	\N	2021-05-22 23:08:47.882044+00	\N	\N	\N	\N	2021-05-22 23:08:47.882044+00	\N
147	70	\N	\N	\N	\N	\N	2021-05-22 23:08:47.882044+00	\N	\N	\N	\N	2021-05-22 23:08:47.882044+00	\N
149	173	\N	\N	\N	\N	\N	2021-05-22 23:08:47.882044+00	\N	\N	\N	\N	2021-05-22 23:08:47.882044+00	\N
150	258	\N	\N	\N	\N	\N	2021-05-22 23:08:47.882044+00	\N	\N	\N	\N	2021-05-22 23:08:47.882044+00	\N
151	178	\N	\N	\N	\N	\N	2021-05-22 23:08:47.882044+00	\N	\N	\N	\N	2021-05-22 23:08:47.882044+00	\N
152	188	\N	\N	\N	\N	\N	2021-05-22 23:08:47.882044+00	\N	\N	\N	\N	2021-05-22 23:08:47.882044+00	\N
153	191	\N	\N	\N	\N	\N	2021-05-22 23:08:47.882044+00	\N	\N	\N	\N	2021-05-22 23:08:47.882044+00	\N
155	120	\N	\N	\N	\N	\N	2021-05-22 23:08:47.882044+00	\N	\N	\N	\N	2021-05-22 23:08:47.882044+00	\N
163	210	\N	\N	\N	\N	\N	2021-05-22 23:08:47.882044+00	\N	\N	\N	\N	2021-05-22 23:08:47.882044+00	\N
164	211	\N	\N	\N	\N	\N	2021-05-22 23:08:47.882044+00	\N	\N	\N	\N	2021-05-22 23:08:47.882044+00	\N
166	217	\N	\N	\N	\N	\N	2021-05-22 23:08:47.882044+00	\N	\N	\N	\N	2021-05-22 23:08:47.882044+00	\N
167	218	\N	\N	\N	\N	\N	2021-05-22 23:08:47.882044+00	\N	\N	\N	\N	2021-05-22 23:08:47.882044+00	\N
168	220	\N	\N	\N	\N	\N	2021-05-22 23:08:47.882044+00	\N	\N	\N	\N	2021-05-22 23:08:47.882044+00	\N
169	221	\N	\N	\N	\N	\N	2021-05-22 23:08:47.882044+00	\N	\N	\N	\N	2021-05-22 23:08:47.882044+00	\N
170	222	\N	\N	\N	\N	\N	2021-05-22 23:08:47.882044+00	\N	\N	\N	\N	2021-05-22 23:08:47.882044+00	\N
171	89	\N	\N	\N	\N	\N	2021-05-22 23:08:47.882044+00	\N	\N	\N	\N	2021-05-22 23:08:47.882044+00	\N
172	96	\N	\N	\N	\N	\N	2021-05-22 23:08:47.882044+00	\N	\N	\N	\N	2021-05-22 23:08:47.882044+00	\N
173	63	\N	\N	\N	\N	\N	2021-05-22 23:08:47.882044+00	\N	\N	\N	\N	2021-05-22 23:08:47.882044+00	\N
174	138	\N	\N	\N	\N	\N	2021-05-22 23:08:47.882044+00	\N	\N	\N	\N	2021-05-22 23:08:47.882044+00	\N
176	22	\N	\N	\N	\N	\N	2021-05-22 23:08:47.882044+00	\N	\N	\N	\N	2021-05-22 23:08:47.882044+00	\N
179	94	\N	\N	\N	\N	\N	2021-05-22 23:08:47.882044+00	\N	\N	\N	\N	2021-05-22 23:08:47.882044+00	\N
180	256	\N	\N	\N	\N	\N	2021-05-22 23:08:47.882044+00	\N	\N	\N	\N	2021-05-22 23:08:47.882044+00	\N
181	276	\N	\N	\N	\N	\N	2021-05-22 23:08:47.882044+00	\N	\N	\N	\N	2021-05-22 23:08:47.882044+00	\N
182	205	\N	\N	\N	\N	\N	2021-05-22 23:08:47.882044+00	\N	\N	\N	\N	2021-05-22 23:08:47.882044+00	\N
183	223	\N	\N	\N	\N	\N	2021-05-22 23:08:47.882044+00	\N	\N	\N	\N	2021-05-22 23:08:47.882044+00	\N
184	224	\N	\N	\N	\N	\N	2021-05-22 23:08:47.882044+00	\N	\N	\N	\N	2021-05-22 23:08:47.882044+00	\N
185	230	\N	\N	\N	\N	\N	2021-05-22 23:08:47.882044+00	\N	\N	\N	\N	2021-05-22 23:08:47.882044+00	\N
186	231	\N	\N	\N	\N	\N	2021-05-22 23:08:47.882044+00	\N	\N	\N	\N	2021-05-22 23:08:47.882044+00	\N
188	233	\N	\N	\N	\N	\N	2021-05-22 23:08:47.882044+00	\N	\N	\N	\N	2021-05-22 23:08:47.882044+00	\N
189	237	\N	\N	\N	\N	\N	2021-05-22 23:08:47.882044+00	\N	\N	\N	\N	2021-05-22 23:08:47.882044+00	\N
190	238	\N	\N	\N	\N	\N	2021-05-22 23:08:47.882044+00	\N	\N	\N	\N	2021-05-22 23:08:47.882044+00	\N
191	249	\N	\N	\N	\N	\N	2021-05-22 23:08:47.882044+00	\N	\N	\N	\N	2021-05-22 23:08:47.882044+00	\N
192	255	\N	\N	\N	\N	\N	2021-05-22 23:08:47.882044+00	\N	\N	\N	\N	2021-05-22 23:08:47.882044+00	\N
194	260	\N	\N	\N	\N	\N	2021-05-22 23:08:47.882044+00	\N	\N	\N	\N	2021-05-22 23:08:47.882044+00	\N
195	261	\N	\N	\N	\N	\N	2021-05-22 23:08:47.882044+00	\N	\N	\N	\N	2021-05-22 23:08:47.882044+00	\N
196	262	\N	\N	\N	\N	\N	2021-05-22 23:08:47.882044+00	\N	\N	\N	\N	2021-05-22 23:08:47.882044+00	\N
197	265	\N	\N	\N	\N	\N	2021-05-22 23:08:47.882044+00	\N	\N	\N	\N	2021-05-22 23:08:47.882044+00	\N
198	214	\N	\N	\N	\N	\N	2021-05-22 23:08:47.882044+00	\N	\N	\N	\N	2021-05-22 23:08:47.882044+00	\N
199	167	\N	\N	\N	\N	\N	2021-05-22 23:08:47.882044+00	\N	\N	\N	\N	2021-05-22 23:08:47.882044+00	\N
200	209	\N	\N	\N	\N	\N	2021-05-22 23:08:47.882044+00	\N	\N	\N	\N	2021-05-22 23:08:47.882044+00	\N
201	228	\N	\N	\N	\N	\N	2021-05-22 23:08:47.882044+00	\N	\N	\N	\N	2021-05-22 23:08:47.882044+00	\N
203	235	\N	\N	\N	\N	\N	2021-05-22 23:08:47.882044+00	\N	\N	\N	\N	2021-05-22 23:08:47.882044+00	\N
204	225	\N	\N	\N	\N	\N	2021-05-22 23:08:47.882044+00	\N	\N	\N	\N	2021-05-22 23:08:47.882044+00	\N
205	164	\N	\N	\N	\N	\N	2021-05-22 23:08:47.882044+00	\N	\N	\N	\N	2021-05-22 23:08:47.882044+00	\N
206	292	\N	\N	\N	\N	\N	2021-05-22 23:08:47.882044+00	\N	\N	\N	\N	2021-05-22 23:08:47.882044+00	\N
208	234	\N	\N	\N	\N	\N	2021-05-22 23:08:47.882044+00	\N	\N	\N	\N	2021-05-22 23:08:47.882044+00	\N
209	219	\N	\N	\N	\N	\N	2021-05-22 23:08:47.882044+00	\N	\N	\N	\N	2021-05-22 23:08:47.882044+00	\N
210	183	\N	\N	\N	\N	\N	2021-05-22 23:08:47.882044+00	\N	\N	\N	\N	2021-05-22 23:08:47.882044+00	\N
211	206	\N	\N	\N	\N	\N	2021-05-22 23:08:47.882044+00	\N	\N	\N	\N	2021-05-22 23:08:47.882044+00	\N
212	251	\N	\N	\N	\N	\N	2021-05-22 23:08:47.882044+00	\N	\N	\N	\N	2021-05-22 23:08:47.882044+00	\N
213	194	\N	\N	\N	\N	\N	2021-05-22 23:08:47.882044+00	\N	\N	\N	\N	2021-05-22 23:08:47.882044+00	\N
214	226	\N	\N	\N	\N	\N	2021-05-22 23:08:47.882044+00	\N	\N	\N	\N	2021-05-22 23:08:47.882044+00	\N
216	165	\N	\N	\N	\N	\N	2021-05-22 23:08:47.882044+00	\N	\N	\N	\N	2021-05-22 23:08:47.882044+00	\N
218	170	\N	\N	\N	\N	\N	2021-05-22 23:08:47.882044+00	\N	\N	\N	\N	2021-05-22 23:08:47.882044+00	\N
219	291	\N	\N	\N	\N	\N	2021-05-22 23:08:47.882044+00	\N	\N	\N	\N	2021-05-22 23:08:47.882044+00	\N
220	171	\N	\N	\N	\N	\N	2021-05-22 23:08:47.882044+00	\N	\N	\N	\N	2021-05-22 23:08:47.882044+00	\N
222	97	\N	\N	\N	\N	\N	2021-05-22 23:08:47.882044+00	\N	\N	\N	\N	2021-05-22 23:08:47.882044+00	\N
223	293	\N	\N	\N	\N	\N	2021-05-22 23:08:47.882044+00	\N	\N	\N	\N	2021-05-22 23:08:47.882044+00	\N
224	294	\N	\N	\N	\N	\N	2021-05-22 23:08:47.882044+00	\N	\N	\N	\N	2021-05-22 23:08:47.882044+00	\N
225	176	\N	\N	\N	\N	\N	2021-05-22 23:08:47.882044+00	\N	\N	\N	\N	2021-05-22 23:08:47.882044+00	\N
226	175	\N	\N	\N	\N	\N	2021-05-22 23:08:47.882044+00	\N	\N	\N	\N	2021-05-22 23:08:47.882044+00	\N
202	195	\N	\N	\N	\N	\N	2021-05-22 23:08:47.882044+00	\N	\N	\N	\N	2021-05-22 23:08:47.882044+00	\N
67	460	\N	\N	\N	\N	\N	2021-05-22 23:08:47.882044+00	\N	\N	\N	\N	2021-05-22 23:08:47.882044+00	\N
84	50	\N	\N	\N	\N	\N	2021-05-22 23:08:47.882044+00	\N	\N	\N	\N	2021-05-22 23:08:47.882044+00	\N
290	635	\N	\N	\N	\N	\N	\N	\N	\N	\N	\N	\N	\N
6	207	\N	\N	\N	\N	\N	2021-05-22 23:08:47.882044+00	\N	\N	\N	\N	2021-05-22 23:08:47.882044+00	\N
187	232	\N	\N	\N	\N	\N	2021-05-22 23:08:47.882044+00	\N	\N	\N	\N	2021-05-22 23:08:47.882044+00	\N
31	245	\N	\N	\N	\N	\N	2021-05-22 23:08:47.882044+00	\N	\N	\N	\N	2021-05-22 23:08:47.882044+00	\N
8	4	\N	\N	\N	\N	\N	2021-05-22 23:08:47.882044+00	\N	\N	\N	\N	2021-05-22 23:08:47.882044+00	\N
317	680	\N	\N	\N	\N	\N	\N	\N	\N	\N	\N	\N	\N
318	681	\N	\N	\N	\N	\N	\N	\N	\N	\N	\N	\N	\N
319	683	\N	\N	\N	\N	\N	\N	\N	\N	\N	\N	\N	\N
320	682	\N	\N	\N	\N	\N	\N	\N	\N	\N	\N	\N	\N
321	666	\N	\N	\N	\N	\N	\N	\N	\N	\N	\N	\N	\N
322	687	\N	\N	\N	\N	\N	\N	\N	\N	\N	\N	\N	\N
323	\N	\N	\N	\N	\N	\N	\N	\N	\N	\N	\N	\N	\N
279	617	\N	\N	\N	\N	\N	\N	\N	\N	\N	\N	\N	\N
280	646	\N	\N	\N	\N	\N	\N	\N	\N	\N	\N	\N	\N
281	647	\N	\N	\N	\N	\N	\N	\N	\N	\N	\N	\N	\N
282	648	\N	\N	\N	\N	\N	\N	\N	\N	\N	\N	\N	\N
283	649	\N	\N	\N	\N	\N	\N	\N	\N	\N	\N	\N	\N
16	91	\N	\N	\N	\N	\N	2021-05-22 23:08:47.882044+00	\N	\N	\N	\N	2021-05-22 23:08:47.882044+00	\N
178	109	\N	\N	\N	\N	\N	2021-05-22 23:08:47.882044+00	\N	\N	\N	\N	2021-05-22 23:08:47.882044+00	\N
114	59	\N	\N	\N	\N	\N	2021-05-22 23:08:47.882044+00	\N	\N	\N	\N	2021-05-22 23:08:47.882044+00	\N
23	507	\N	\N	\N	\N	\N	2021-05-22 23:08:47.882044+00	\N	\N	\N	\N	2021-05-22 23:08:47.882044+00	\N
34	100	\N	\N	\N	\N	\N	2021-05-22 23:08:47.882044+00	\N	\N	\N	\N	2021-05-22 23:08:47.882044+00	\N
133	150	\N	\N	\N	\N	\N	2021-05-22 23:08:47.882044+00	\N	\N	\N	\N	2021-05-22 23:08:47.882044+00	\N
52	519	\N	\N	\N	\N	\N	2021-05-22 23:08:47.882044+00	\N	\N	\N	\N	2021-05-22 23:08:47.882044+00	\N
98	466	\N	\N	\N	\N	\N	2021-05-22 23:08:47.882044+00	\N	\N	\N	\N	2021-05-22 23:08:47.882044+00	\N
32	254	\N	\N	\N	\N	\N	2021-05-22 23:08:47.882044+00	\N	\N	\N	\N	2021-05-22 23:08:47.882044+00	\N
154	102	\N	\N	\N	\N	\N	2021-05-22 23:08:47.882044+00	\N	\N	\N	\N	2021-05-22 23:08:47.882044+00	\N
50	521	\N	\N	\N	\N	\N	2021-05-22 23:08:47.882044+00	\N	\N	\N	\N	2021-05-22 23:08:47.882044+00	\N
90	522	\N	\N	\N	\N	\N	2021-05-22 23:08:47.882044+00	\N	\N	\N	\N	2021-05-22 23:08:47.882044+00	\N
217	264	\N	\N	\N	\N	\N	2021-05-22 23:08:47.882044+00	\N	\N	\N	\N	2021-05-22 23:08:47.882044+00	\N
95	88	\N	\N	\N	\N	\N	2021-05-22 23:08:47.882044+00	\N	\N	\N	\N	2021-05-22 23:08:47.882044+00	\N
36	548	\N	\N	\N	\N	\N	2021-05-22 23:08:47.882044+00	\N	\N	\N	\N	2021-05-22 23:08:47.882044+00	\N
13	129	\N	\N	\N	\N	\N	2021-05-22 23:08:47.882044+00	\N	\N	\N	\N	2021-05-22 23:08:47.882044+00	\N
71	215	\N	\N	\N	\N	\N	2021-05-22 23:08:47.882044+00	\N	\N	\N	\N	2021-05-22 23:08:47.882044+00	\N
41	13	\N	\N	\N	\N	\N	2021-05-22 23:08:47.882044+00	\N	\N	\N	\N	2021-05-22 23:08:47.882044+00	\N
117	145	\N	\N	\N	\N	\N	2021-05-22 23:08:47.882044+00	\N	\N	\N	\N	2021-05-22 23:08:47.882044+00	\N
175	77	\N	\N	\N	\N	\N	2021-05-22 23:08:47.882044+00	\N	\N	\N	\N	2021-05-22 23:08:47.882044+00	\N
78	55	\N	\N	\N	\N	\N	2021-05-22 23:08:47.882044+00	\N	\N	\N	\N	2021-05-22 23:08:47.882044+00	\N
105	141	\N	\N	\N	\N	\N	2021-05-22 23:08:47.882044+00	\N	\N	\N	\N	2021-05-22 23:08:47.882044+00	\N
7	161	\N	\N	\N	\N	\N	2021-05-22 23:08:47.882044+00	\N	\N	\N	\N	2021-05-22 23:08:47.882044+00	\N
20	92	\N	\N	\N	\N	\N	2021-05-22 23:08:47.882044+00	\N	\N	\N	\N	2021-05-22 23:08:47.882044+00	\N
177	60	\N	\N	\N	\N	\N	2021-05-22 23:08:47.882044+00	\N	\N	\N	\N	2021-05-22 23:08:47.882044+00	\N
44	204	\N	\N	\N	\N	\N	2021-05-22 23:08:47.882044+00	\N	\N	\N	\N	2021-05-22 23:08:47.882044+00	\N
215	229	\N	\N	\N	\N	\N	2021-05-22 23:08:47.882044+00	\N	\N	\N	\N	2021-05-22 23:08:47.882044+00	\N
99	239	\N	\N	\N	\N	\N	2021-05-22 23:08:47.882044+00	\N	\N	\N	\N	2021-05-22 23:08:47.882044+00	\N
30	73	\N	\N	\N	\N	\N	2021-05-22 23:08:47.882044+00	\N	\N	\N	\N	2021-05-22 23:08:47.882044+00	\N
88	75	\N	\N	\N	\N	\N	2021-05-22 23:08:47.882044+00	\N	\N	\N	\N	2021-05-22 23:08:47.882044+00	\N
227	193	\N	\N	\N	\N	\N	2021-05-22 23:08:47.882044+00	\N	\N	\N	\N	2021-05-22 23:08:47.882044+00	\N
243	348	\N	\N	\N	\N	\N	2021-05-22 23:08:47.882044+00	\N	\N	\N	\N	2021-05-22 23:08:47.882044+00	\N
221	263	\N	\N	\N	\N	\N	2021-05-22 23:08:47.882044+00	\N	\N	\N	\N	2021-05-22 23:08:47.882044+00	\N
266	38	\N	\N	\N	\N	\N	2021-05-22 23:08:47.882044+00	\N	\N	\N	\N	2021-05-22 23:08:47.882044+00	\N
37	131	\N	\N	\N	\N	\N	2021-05-22 23:08:47.882044+00	\N	\N	\N	\N	2021-05-22 23:08:47.882044+00	\N
46	31	\N	\N	\N	\N	\N	2021-05-22 23:08:47.882044+00	\N	\N	\N	\N	2021-05-22 23:08:47.882044+00	\N
15	429	\N	\N	\N	\N	\N	2021-05-22 23:08:47.882044+00	\N	\N	\N	\N	2021-05-22 23:08:47.882044+00	\N
160	99	\N	\N	\N	\N	\N	2021-05-22 23:08:47.882044+00	\N	\N	\N	\N	2021-05-22 23:08:47.882044+00	\N
265	278	\N	\N	\N	\N	\N	2021-05-22 23:08:47.882044+00	\N	\N	\N	\N	2021-05-22 23:08:47.882044+00	\N
148	112	\N	\N	\N	\N	\N	2021-05-22 23:08:47.882044+00	\N	\N	\N	\N	2021-05-22 23:08:47.882044+00	\N
240	20	\N	\N	\N	\N	\N	2021-05-22 23:08:47.882044+00	\N	\N	\N	\N	2021-05-22 23:08:47.882044+00	\N
239	12	\N	\N	\N	\N	\N	2021-05-22 23:08:47.882044+00	\N	\N	\N	\N	2021-05-22 23:08:47.882044+00	\N
258	248	\N	\N	\N	\N	\N	2021-05-22 23:08:47.882044+00	\N	\N	\N	\N	2021-05-22 23:08:47.882044+00	\N
254	244	\N	\N	\N	\N	\N	2021-05-22 23:08:47.882044+00	\N	\N	\N	\N	2021-05-22 23:08:47.882044+00	\N
159	104	\N	\N	\N	\N	\N	2021-05-22 23:08:47.882044+00	\N	\N	\N	\N	2021-05-22 23:08:47.882044+00	\N
267	498	\N	\N	\N	\N	\N	2021-05-22 23:08:47.882044+00	\N	\N	\N	\N	2021-05-22 23:08:47.882044+00	\N
257	501	\N	\N	\N	\N	\N	2021-05-22 23:08:47.882044+00	\N	\N	\N	\N	2021-05-22 23:08:47.882044+00	\N
65	509	\N	\N	\N	\N	\N	2021-05-22 23:08:47.882044+00	\N	\N	\N	\N	2021-05-22 23:08:47.882044+00	\N
268	197	\N	\N	\N	\N	\N	2021-05-22 23:08:47.882044+00	\N	\N	\N	\N	2021-05-22 23:08:47.882044+00	\N
49	520	\N	\N	\N	\N	\N	2021-05-22 23:08:47.882044+00	\N	\N	\N	\N	2021-05-22 23:08:47.882044+00	\N
24	508	\N	\N	\N	\N	\N	2021-05-22 23:08:47.882044+00	\N	\N	\N	\N	2021-05-22 23:08:47.882044+00	\N
5	510	\N	\N	\N	\N	\N	2021-05-22 23:08:47.882044+00	\N	\N	\N	\N	2021-05-22 23:08:47.882044+00	\N
51	523	\N	\N	\N	\N	\N	2021-05-22 23:08:47.882044+00	\N	\N	\N	\N	2021-05-22 23:08:47.882044+00	\N
229	252	\N	\N	\N	\N	\N	2021-05-22 23:08:47.882044+00	\N	\N	\N	\N	2021-05-22 23:08:47.882044+00	\N
4	302	\N	\N	\N	\N	\N	2021-05-22 23:08:47.882044+00	\N	\N	\N	\N	2021-05-22 23:08:47.882044+00	\N
291	603	\N	\N	\N	\N	\N	\N	\N	\N	\N	\N	\N	\N
57	8	2021-06-12 21:21:06.478051+00	2021-06-12 21:21:06.478051+00	2021-06-12 21:21:06.478051+00	2021-06-12 21:21:06.478051+00	2021-06-12 21:21:06.478051+00	2021-05-22 23:08:47.882044+00	2021-06-12 21:21:06.478051+00	2021-06-12 21:21:06.478051+00	2021-06-12 21:21:06.478051+00	2021-06-12 21:21:06.478051+00	2021-05-22 23:08:47.882044+00	\N
302	599	\N	\N	\N	\N	\N	\N	\N	\N	\N	\N	\N	\N
324	669	\N	\N	\N	\N	\N	\N	\N	\N	\N	\N	\N	\N
325	432	\N	\N	\N	\N	\N	\N	\N	\N	\N	\N	\N	\N
326	9	\N	\N	\N	\N	\N	\N	\N	\N	\N	\N	\N	\N
378	753	\N	\N	\N	\N	\N	\N	\N	\N	\N	\N	\N	\N
379	754	\N	\N	\N	\N	\N	\N	\N	\N	\N	\N	\N	\N
381	756	\N	\N	\N	\N	\N	\N	\N	\N	\N	\N	\N	\N
382	757	\N	\N	\N	\N	\N	\N	\N	\N	\N	\N	\N	\N
383	758	\N	\N	\N	\N	\N	\N	\N	\N	\N	\N	\N	\N
384	759	\N	\N	\N	\N	\N	\N	\N	\N	\N	\N	\N	\N
385	760	\N	\N	\N	\N	\N	\N	\N	\N	\N	\N	\N	\N
386	762	\N	\N	\N	\N	\N	\N	\N	\N	\N	\N	\N	\N
387	765	\N	\N	\N	\N	\N	\N	\N	\N	\N	\N	\N	\N
388	766	\N	\N	\N	\N	\N	\N	\N	\N	\N	\N	\N	\N
380	755	2021-06-09 10:37:34+00	2021-06-09 10:37:34+00	2021-06-09 10:37:34+00	2021-06-09 10:37:34+00	2021-06-09 10:37:34+00	2021-06-09 10:37:34+00	2021-06-09 10:37:34+00	2021-06-09 10:37:34+00	2021-06-09 10:37:34+00	2021-06-09 10:37:34+00	2021-06-09 10:37:34+00	2021-06-09 10:37:34+00
284	594	2021-06-10 16:54:16+00	2021-06-10 16:54:16+00	2021-06-10 16:54:16+00	2021-06-10 16:54:16+00	2021-06-10 16:54:16+00	2021-06-10 16:54:16+00	2021-06-10 16:54:16+00	2021-06-10 16:54:16+00	2021-06-10 16:54:16+00	2021-06-10 16:54:16+00	2021-06-10 16:54:16+00	2021-06-10 16:54:16+00
414	806	\N	\N	\N	\N	\N	\N	\N	\N	\N	\N	\N	\N
415	800	\N	\N	\N	\N	\N	\N	\N	\N	\N	\N	\N	\N
285	611	\N	\N	\N	\N	\N	\N	\N	\N	\N	\N	\N	\N
286	3	\N	\N	\N	\N	\N	\N	\N	\N	\N	\N	\N	\N
287	\N	\N	\N	\N	\N	\N	\N	\N	\N	\N	\N	\N	\N
288	650	\N	\N	\N	\N	\N	\N	\N	\N	\N	\N	\N	\N
303	664	\N	\N	\N	\N	\N	\N	\N	\N	\N	\N	\N	\N
327	690	\N	\N	\N	\N	\N	\N	\N	\N	\N	\N	\N	\N
328	691	\N	\N	\N	\N	\N	\N	\N	\N	\N	\N	\N	\N
329	692	\N	\N	\N	\N	\N	\N	\N	\N	\N	\N	\N	\N
330	693	\N	\N	\N	\N	\N	\N	\N	\N	\N	\N	\N	\N
361	729	\N	\N	\N	\N	\N	\N	\N	\N	\N	\N	\N	\N
389	767	\N	\N	\N	\N	\N	\N	\N	\N	\N	\N	\N	\N
358	726	2021-06-24 20:56:30.820413+00	2021-06-23 22:46:09.879566+00	2021-06-23 22:46:09.879566+00	2021-06-23 22:46:09.879566+00	2021-06-24 20:56:30.820413+00	2021-06-23 22:46:09.879566+00	2021-06-23 22:46:09.879566+00	2021-06-23 22:46:09.879566+00	2021-06-23 22:46:09.879566+00	2021-06-23 22:46:09.879566+00	2021-06-23 22:46:09.879566+00	2021-06-09 09:08:38+00
416	808	\N	\N	\N	\N	\N	\N	\N	\N	\N	\N	\N	\N
417	799	\N	\N	\N	\N	\N	\N	\N	\N	\N	\N	\N	\N
419	810	\N	\N	\N	\N	\N	\N	\N	\N	\N	\N	\N	\N
418	809	2021-06-11 18:13:43+00	2021-06-11 18:13:43+00	2021-06-11 18:13:43+00	2021-06-11 18:13:43+00	2021-06-11 18:13:43+00	2021-06-11 18:13:43+00	2021-06-11 18:13:43+00	2021-06-11 18:13:43+00	2021-06-11 18:13:43+00	2021-06-11 18:13:43+00	2021-06-11 18:13:43+00	2021-06-11 18:13:43+00
420	812	2021-06-11 19:56:23+00	2021-06-11 19:56:23+00	2021-06-11 19:56:23+00	2021-06-11 19:56:23+00	2021-06-11 19:56:23+00	2021-06-11 19:56:23+00	2021-06-11 19:56:23+00	2021-06-11 19:56:23+00	2021-06-11 19:56:23+00	2021-06-11 19:56:23+00	2021-06-11 19:56:23+00	2021-06-11 19:56:23+00
421	797	\N	\N	\N	\N	\N	\N	\N	\N	\N	\N	\N	\N
423	814	\N	\N	\N	\N	\N	\N	\N	\N	\N	\N	\N	\N
424	815	\N	\N	\N	\N	\N	\N	\N	\N	\N	\N	\N	\N
425	818	2021-06-12 09:06:17+00	2021-06-12 09:06:17+00	2021-06-12 09:06:17+00	2021-06-12 09:06:17+00	2021-06-12 09:06:17+00	2021-06-12 09:06:17+00	2021-06-12 09:06:17+00	2021-06-12 09:06:17+00	2021-06-12 09:06:17+00	2021-06-12 09:06:17+00	2021-06-12 09:06:17+00	2021-06-12 09:06:17+00
426	819	\N	\N	\N	\N	\N	\N	\N	\N	\N	\N	\N	\N
422	813	2021-06-13 09:37:42+00	2021-06-13 09:37:42+00	2021-06-13 09:37:42+00	2021-06-13 09:37:42+00	2021-06-13 09:37:42+00	2021-06-13 09:37:42+00	2021-06-13 09:37:42+00	2021-06-13 09:37:42+00	2021-06-13 09:37:42+00	2021-06-13 09:37:42+00	2021-06-13 09:37:42+00	2021-06-13 09:37:42+00
289	651	\N	\N	\N	\N	\N	\N	\N	\N	\N	\N	\N	\N
123	154	\N	\N	\N	\N	\N	2021-05-22 23:08:47.882044+00	\N	\N	\N	\N	2021-05-22 23:08:47.882044+00	\N
124	156	\N	\N	\N	\N	\N	2021-05-22 23:08:47.882044+00	\N	\N	\N	\N	2021-05-22 23:08:47.882044+00	\N
125	157	\N	\N	\N	\N	\N	2021-05-22 23:08:47.882044+00	\N	\N	\N	\N	2021-05-22 23:08:47.882044+00	\N
126	87	\N	\N	\N	\N	\N	2021-05-22 23:08:47.882044+00	\N	\N	\N	\N	2021-05-22 23:08:47.882044+00	\N
127	113	\N	\N	\N	\N	\N	2021-05-22 23:08:47.882044+00	\N	\N	\N	\N	2021-05-22 23:08:47.882044+00	\N
128	155	\N	\N	\N	\N	\N	2021-05-22 23:08:47.882044+00	\N	\N	\N	\N	2021-05-22 23:08:47.882044+00	\N
246	465	\N	\N	\N	\N	\N	2021-05-22 23:08:47.882044+00	\N	\N	\N	\N	2021-05-22 23:08:47.882044+00	\N
262	192	2021-06-12 21:10:34.427185+00	2021-06-12 21:10:34.427185+00	2021-06-12 21:10:34.427185+00	2021-06-12 21:10:34.427185+00	2021-06-12 21:10:34.427185+00	2021-05-22 23:08:47.882044+00	2021-06-12 21:10:34.427185+00	2021-06-12 21:10:34.427185+00	2021-06-12 21:10:34.427185+00	2021-06-12 21:10:34.427185+00	2021-05-22 23:08:47.882044+00	\N
304	667	\N	\N	\N	\N	\N	\N	\N	\N	\N	\N	\N	\N
331	694	\N	\N	\N	\N	\N	\N	\N	\N	\N	\N	\N	\N
333	697	\N	\N	\N	\N	\N	\N	\N	\N	\N	\N	\N	\N
334	44	\N	\N	\N	\N	\N	\N	\N	\N	\N	\N	\N	\N
335	698	\N	\N	\N	\N	\N	\N	\N	\N	\N	\N	\N	\N
359	727	\N	\N	\N	\N	\N	\N	\N	\N	\N	\N	\N	\N
360	728	\N	\N	\N	\N	\N	\N	\N	\N	\N	\N	\N	\N
362	730	\N	\N	\N	\N	\N	\N	\N	\N	\N	\N	\N	\N
363	733	\N	\N	\N	\N	\N	\N	\N	\N	\N	\N	\N	\N
364	732	\N	\N	\N	\N	\N	\N	\N	\N	\N	\N	\N	\N
365	735	\N	\N	\N	\N	\N	\N	\N	\N	\N	\N	\N	\N
366	736	\N	\N	\N	\N	\N	\N	\N	\N	\N	\N	\N	\N
367	737	\N	\N	\N	\N	\N	\N	\N	\N	\N	\N	\N	\N
368	738	\N	\N	\N	\N	\N	\N	\N	\N	\N	\N	\N	\N
251	71	\N	\N	\N	\N	\N	2021-05-22 23:08:47.882044+00	\N	\N	2021-06-21 22:25:06.113237+00	\N	2021-05-22 23:08:47.882044+00	\N
390	763	2021-06-11 09:56:20+00	2021-06-11 09:56:20+00	2021-06-11 09:56:20+00	2021-06-11 09:56:20+00	2021-06-11 09:56:20+00	2021-06-11 09:56:20+00	2021-06-11 09:56:20+00	2021-06-11 09:56:20+00	2021-06-11 09:56:20+00	2021-06-11 09:56:20+00	2021-06-11 09:56:20+00	2021-06-11 09:56:20+00
427	796	\N	\N	\N	\N	\N	\N	\N	\N	\N	\N	\N	\N
332	695	2021-06-14 10:54:27+00	2021-06-14 10:54:27+00	2021-06-14 10:54:27+00	2021-06-14 10:54:27+00	2021-06-14 10:54:27+00	2021-06-14 10:54:27+00	2021-06-14 10:54:27+00	2021-06-14 10:54:27+00	2021-06-14 10:54:27+00	2021-06-14 10:54:27+00	2021-06-14 10:54:27+00	2021-06-14 10:54:27+00
247	428	\N	\N	\N	\N	\N	2021-05-22 23:08:47.882044+00	\N	\N	\N	\N	2021-05-22 23:08:47.882044+00	\N
248	28	\N	\N	\N	\N	\N	2021-05-22 23:08:47.882044+00	\N	\N	\N	\N	2021-05-22 23:08:47.882044+00	\N
249	253	\N	\N	\N	\N	\N	2021-05-22 23:08:47.882044+00	\N	\N	\N	\N	2021-05-22 23:08:47.882044+00	\N
250	267	\N	\N	\N	\N	\N	2021-05-22 23:08:47.882044+00	\N	\N	\N	\N	2021-05-22 23:08:47.882044+00	\N
253	72	\N	\N	\N	\N	\N	2021-05-22 23:08:47.882044+00	\N	\N	\N	\N	2021-05-22 23:08:47.882044+00	\N
255	166	\N	\N	\N	\N	\N	2021-05-22 23:08:47.882044+00	\N	\N	\N	\N	2021-05-22 23:08:47.882044+00	\N
256	216	\N	\N	\N	\N	\N	2021-05-22 23:08:47.882044+00	\N	\N	\N	\N	2021-05-22 23:08:47.882044+00	\N
259	499	\N	\N	\N	\N	\N	2021-05-22 23:08:47.882044+00	\N	\N	\N	\N	2021-05-22 23:08:47.882044+00	\N
263	26	\N	\N	\N	\N	\N	2021-05-22 23:08:47.882044+00	\N	\N	\N	\N	2021-05-22 23:08:47.882044+00	\N
264	268	\N	\N	\N	\N	\N	2021-05-22 23:08:47.882044+00	\N	\N	\N	\N	2021-05-22 23:08:47.882044+00	\N
269	198	\N	\N	\N	\N	\N	2021-05-22 23:08:47.882044+00	\N	\N	\N	\N	2021-05-22 23:08:47.882044+00	\N
305	598	\N	\N	\N	\N	\N	\N	\N	\N	\N	\N	\N	\N
306	596	\N	\N	\N	\N	\N	\N	\N	\N	\N	\N	\N	\N
336	700	\N	\N	\N	\N	\N	\N	\N	\N	\N	\N	\N	\N
337	701	\N	\N	\N	\N	\N	\N	\N	\N	\N	\N	\N	\N
338	702	\N	\N	\N	\N	\N	\N	\N	\N	\N	\N	\N	\N
339	703	\N	\N	\N	\N	\N	\N	\N	\N	\N	\N	\N	\N
340	704	\N	\N	\N	\N	\N	\N	\N	\N	\N	\N	\N	\N
341	705	\N	\N	\N	\N	\N	\N	\N	\N	\N	\N	\N	\N
342	706	\N	\N	\N	\N	\N	\N	\N	\N	\N	\N	\N	\N
343	707	\N	\N	\N	\N	\N	\N	\N	\N	\N	\N	\N	\N
344	708	\N	\N	\N	\N	\N	\N	\N	\N	\N	\N	\N	\N
369	741	\N	\N	\N	\N	\N	\N	\N	\N	\N	\N	\N	\N
391	769	\N	\N	\N	\N	\N	\N	\N	\N	\N	\N	\N	\N
392	774	\N	\N	\N	\N	\N	\N	\N	\N	\N	\N	\N	\N
393	775	\N	\N	\N	\N	\N	\N	\N	\N	\N	\N	\N	\N
394	776	\N	\N	\N	\N	\N	\N	\N	\N	\N	\N	\N	\N
395	777	\N	\N	\N	\N	\N	\N	\N	\N	\N	\N	\N	\N
396	778	\N	\N	\N	\N	\N	\N	\N	\N	\N	\N	\N	\N
397	779	\N	\N	\N	\N	\N	\N	\N	\N	\N	\N	\N	\N
398	604	\N	\N	\N	\N	\N	\N	\N	\N	\N	\N	\N	\N
399	750	\N	\N	\N	\N	\N	\N	\N	\N	\N	\N	\N	\N
400	784	\N	\N	\N	\N	\N	\N	\N	\N	\N	\N	\N	\N
401	781	\N	\N	\N	\N	\N	\N	\N	\N	\N	\N	\N	\N
402	785	\N	\N	\N	\N	\N	\N	\N	\N	\N	\N	\N	\N
403	786	2021-06-11 10:44:42+00	2021-06-11 10:44:42+00	2021-06-11 10:44:42+00	2021-06-11 10:44:42+00	2021-06-11 10:44:42+00	2021-06-11 10:44:42+00	2021-06-11 10:44:42+00	2021-06-11 10:44:42+00	2021-06-11 10:44:42+00	2021-06-11 10:44:42+00	2021-06-11 10:44:42+00	2021-06-11 10:44:42+00
428	820	\N	\N	\N	\N	\N	\N	\N	\N	\N	\N	\N	\N
156	163	\N	\N	\N	\N	\N	2021-05-22 23:08:47.882044+00	\N	\N	\N	\N	2021-05-22 23:08:47.882044+00	\N
161	201	\N	\N	\N	\N	\N	2021-05-22 23:08:47.882044+00	\N	\N	\N	\N	2021-05-22 23:08:47.882044+00	\N
162	203	\N	\N	\N	\N	\N	2021-05-22 23:08:47.882044+00	\N	\N	\N	\N	2021-05-22 23:08:47.882044+00	\N
307	74	\N	\N	\N	\N	\N	\N	\N	\N	\N	\N	\N	\N
345	709	\N	\N	\N	\N	\N	\N	\N	\N	\N	\N	\N	\N
370	742	2021-06-09 19:09:06+00	2021-06-09 19:09:06+00	2021-06-09 19:09:06+00	2021-06-09 19:09:06+00	2021-06-09 19:09:06+00	2021-06-09 19:09:06+00	2021-06-09 19:09:06+00	2021-06-09 19:09:06+00	2021-06-09 19:09:06+00	2021-06-09 19:09:06+00	2021-06-09 19:09:06+00	2021-06-09 19:09:06+00
404	688	\N	\N	\N	\N	\N	\N	\N	\N	\N	\N	\N	\N
429	823	\N	\N	\N	\N	\N	\N	\N	\N	\N	\N	\N	\N
430	824	\N	\N	\N	\N	\N	\N	\N	\N	\N	\N	\N	\N
431	414	\N	\N	\N	\N	\N	\N	\N	\N	\N	\N	\N	\N
432	826	\N	\N	\N	\N	\N	\N	\N	\N	\N	\N	\N	\N
433	832	\N	\N	\N	\N	\N	\N	\N	\N	\N	\N	\N	\N
157	162	\N	\N	\N	\N	\N	2021-05-22 23:08:47.882044+00	\N	\N	\N	\N	2021-05-22 23:08:47.882044+00	\N
308	670	\N	\N	\N	\N	\N	\N	\N	\N	\N	\N	\N	\N
309	671	\N	\N	\N	\N	\N	\N	\N	\N	\N	\N	\N	\N
310	673	\N	\N	\N	\N	\N	\N	\N	\N	\N	\N	\N	\N
311	674	\N	\N	\N	\N	\N	\N	\N	\N	\N	\N	\N	\N
312	675	\N	\N	\N	\N	\N	\N	\N	\N	\N	\N	\N	\N
346	710	\N	\N	\N	\N	\N	\N	\N	\N	\N	\N	\N	\N
347	711	\N	\N	\N	\N	\N	\N	\N	\N	\N	\N	\N	\N
348	712	\N	\N	\N	\N	\N	\N	\N	\N	\N	\N	\N	\N
349	19	\N	\N	\N	\N	\N	\N	\N	\N	\N	\N	\N	\N
274	639	2021-06-09 10:45:46+00	2021-06-09 10:45:46+00	2021-06-09 10:45:46+00	2021-06-09 10:45:46+00	2021-06-09 10:45:46+00	2021-06-09 10:45:46+00	2021-06-09 10:45:46+00	2021-06-09 10:45:46+00	2021-06-09 10:45:46+00	2021-06-09 10:45:46+00	2021-06-09 10:45:46+00	2021-06-09 10:45:46+00
406	788	\N	\N	\N	\N	\N	\N	\N	\N	\N	\N	\N	\N
407	320	\N	\N	\N	\N	\N	\N	\N	\N	\N	\N	\N	\N
405	787	2021-06-10 07:06:56+00	2021-06-10 07:06:56+00	2021-06-10 07:06:56+00	2021-06-10 07:06:56+00	2021-06-10 07:06:56+00	2021-06-10 07:06:56+00	2021-06-10 07:06:56+00	2021-06-10 07:06:56+00	2021-06-10 07:06:56+00	2021-06-10 07:06:56+00	2021-06-10 07:06:56+00	2021-06-10 07:06:56+00
2	558	\N	\N	\N	\N	\N	2021-05-22 23:08:47.882044+00	\N	\N	\N	\N	2021-05-22 23:08:47.882044+00	\N
1	511	\N	\N	\N	\N	\N	2021-05-22 23:08:47.882044+00	\N	\N	\N	\N	2021-05-22 23:08:47.882044+00	\N
165	11	\N	\N	\N	\N	\N	2021-05-22 23:08:47.882044+00	\N	\N	\N	\N	2021-05-22 23:08:47.882044+00	\N
40	39	\N	\N	\N	\N	\N	2021-05-22 23:08:47.882044+00	\N	\N	\N	\N	2021-05-22 23:08:47.882044+00	\N
207	174	\N	\N	\N	\N	\N	2021-05-22 23:08:47.882044+00	\N	\N	\N	\N	2021-05-22 23:08:47.882044+00	\N
442	842	2021-06-15 08:32:06+00	2021-06-15 08:32:06+00	2021-06-15 08:32:06+00	2021-06-15 08:32:06+00	2021-06-15 08:32:06+00	2021-06-15 08:32:06+00	2021-06-15 08:32:06+00	2021-06-15 08:32:06+00	2021-06-15 08:32:06+00	2021-06-15 08:32:06+00	2021-06-15 08:32:06+00	\N
445	846	\N	\N	\N	\N	\N	\N	\N	\N	\N	\N	\N	\N
446	845	\N	\N	\N	\N	\N	\N	\N	\N	\N	\N	\N	\N
447	642	\N	\N	\N	\N	\N	\N	\N	\N	\N	\N	\N	\N
374	661	2021-06-24 20:56:23.690024+00	2021-06-24 20:56:23.690024+00	2021-06-24 20:56:23.690024+00	2021-06-24 20:56:23.690024+00	2021-06-24 20:56:23.690024+00	2021-06-24 20:56:23.690024+00	2021-06-24 20:56:23.690024+00	2021-06-24 20:56:23.690024+00	2021-06-24 20:56:23.690024+00	2021-06-24 20:56:23.690024+00	2021-06-24 20:56:23.690024+00	2021-06-16 08:58:19+00
448	848	\N	\N	\N	\N	\N	\N	\N	\N	\N	\N	\N	\N
449	850	\N	\N	\N	\N	\N	\N	\N	\N	\N	\N	\N	\N
450	851	\N	\N	\N	\N	\N	\N	\N	\N	\N	\N	\N	\N
451	847	2021-06-17 06:24:35+00	2021-06-17 06:24:35+00	2021-06-17 06:24:35+00	2021-06-17 06:24:35+00	2021-06-17 06:24:35+00	2021-06-17 06:24:35+00	2021-06-17 06:24:35+00	2021-06-17 06:24:35+00	2021-06-17 06:24:35+00	2021-06-17 06:24:35+00	2021-06-17 06:24:35+00	2021-06-17 06:24:35+00
452	852	\N	\N	\N	\N	\N	\N	\N	\N	\N	\N	\N	\N
453	853	\N	\N	\N	\N	\N	\N	\N	\N	\N	\N	\N	\N
454	855	2021-06-17 15:59:33+00	2021-06-17 15:59:33+00	2021-06-17 15:59:33+00	2021-06-17 15:59:33+00	2021-06-17 15:59:33+00	2021-06-17 15:59:33+00	2021-06-17 15:59:33+00	2021-06-17 15:59:33+00	2021-06-17 15:59:33+00	2021-06-17 15:59:33+00	2021-06-17 15:59:33+00	2021-06-17 15:59:33+00
455	856	2021-06-17 19:41:06+00	2021-06-17 19:41:06+00	2021-06-17 19:41:06+00	2021-06-17 19:41:06+00	2021-06-17 19:41:06+00	2021-06-17 19:41:06+00	2021-06-17 19:41:06+00	2021-06-17 19:41:06+00	2021-06-17 19:41:06+00	2021-06-17 19:41:06+00	2021-06-17 19:41:06+00	2021-06-17 19:41:06+00
\.


--
-- Data for Name: newsletters; Type: TABLE DATA; Schema: public; Owner: apps
--

COPY public.newsletters (id, chat_ids, msg_text, img, send_time) FROM stdin;
\.


--
-- Data for Name: payments_history; Type: TABLE DATA; Schema: public; Owner: apps
--

COPY public.payments_history (id, user_id, marketing, amount, datetime, currency) FROM stdin;
1585	180	connect	0.88	2021-06-27 12:37:42.186773	USD
1586	661	connect	0.88	2021-06-27 12:37:42.194867	USD
1587	595	connect	0.88	2021-06-27 12:37:42.205047	USD
4	55	connect	0.88	2021-06-26 21:41:15.113889	USD
5	213	connect	0.88	2021-06-26 21:41:15.12387	USD
6	248	connect	0.88	2021-06-26 21:41:15.13388	USD
1588	596	connect	0.88	2021-06-27 12:37:42.215118	USD
1589	598	connect	0.88	2021-06-27 12:37:42.225185	USD
1590	788	connect	0.88	2021-06-27 12:37:42.235236	USD
10	596	connect	0.88	2021-06-26 21:41:15.173999	USD
11	598	connect	0.88	2021-06-26 21:41:15.534615	USD
12	67	connect	0.88	2021-06-26 21:41:15.732649	USD
13	266	connect	0.88	2021-06-26 21:41:15.953551	USD
14	209	connect	0.88	2021-06-26 21:41:16.186067	USD
1591	742	connect	0.88	2021-06-27 12:37:42.245336	USD
1592	180	connect	0.88	2021-06-28 01:28:20.467309	USD
1593	661	connect	0.88	2021-06-28 01:28:20.478262	USD
18	596	connect	0.88	2021-06-26 21:41:17.137655	USD
19	598	connect	0.88	2021-06-26 21:41:17.418314	USD
20	67	connect	0.88	2021-06-26 21:41:17.664667	USD
21	266	connect	0.88	2021-06-26 21:41:17.960192	USD
22	209	connect	0.88	2021-06-26 21:41:18.030445	USD
23	719	connect	0.88	2021-06-26 21:41:18.075867	USD
1594	583	connect	0.88	2021-06-28 01:28:20.488146	USD
1595	95	connect	0.88	2021-06-28 01:28:20.49817	USD
1596	72	connect	0.88	2021-06-28 01:28:20.508212	USD
27	596	connect	0.88	2021-06-26 21:41:18.114027	USD
28	598	connect	0.88	2021-06-26 21:41:18.124073	USD
29	67	connect	0.88	2021-06-26 21:41:18.13404	USD
30	266	connect	0.88	2021-06-26 21:41:18.144122	USD
31	92	connect	0.88	2021-06-26 21:41:18.154148	USD
32	664	connect	0.88	2021-06-26 21:41:18.16424	USD
1597	263	connect	0.88	2021-06-28 01:28:20.518241	USD
1598	122	connect	0.88	2021-06-28 01:28:20.528263	USD
1599	180	connect	0.88	2021-06-28 01:28:20.538302	USD
36	596	connect	0.88	2021-06-26 21:41:18.204329	USD
37	598	connect	0.88	2021-06-26 21:41:18.214433	USD
38	67	connect	0.88	2021-06-26 21:41:18.224402	USD
39	266	connect	0.88	2021-06-26 21:41:18.234471	USD
40	201	connect	0.88	2021-06-26 21:41:18.244478	USD
1600	661	connect	0.88	2021-06-28 01:28:20.548346	USD
1601	595	connect	0.88	2021-06-28 01:28:20.558391	USD
1602	596	connect	0.88	2021-06-28 01:28:20.568402	USD
44	596	connect	0.88	2021-06-26 21:41:18.28461	USD
45	598	connect	0.88	2021-06-26 21:41:18.294666	USD
46	793	connect	0.88	2021-06-26 21:41:18.30466	USD
47	712	connect	0.88	2021-06-26 21:41:18.314697	USD
1603	598	connect	0.88	2021-06-28 01:28:20.578438	USD
1604	67	connect	0.88	2021-06-28 01:28:20.588477	USD
1605	180	connect	0.88	2021-06-28 01:28:20.626684	USD
51	596	connect	0.88	2021-06-26 21:41:18.642611	USD
52	598	connect	0.88	2021-06-26 21:41:18.665945	USD
53	788	connect	0.88	2021-06-26 21:41:18.67595	USD
54	742	connect	0.88	2021-06-26 21:41:18.685957	USD
1606	661	connect	0.88	2021-06-28 01:28:20.638696	USD
1607	595	connect	0.88	2021-06-28 01:28:20.648694	USD
57	583	connect	0.88	2021-06-26 21:41:18.716062	USD
58	95	connect	0.88	2021-06-26 21:41:18.726093	USD
59	243	connect	0.88	2021-06-26 21:41:18.736133	USD
1608	596	connect	0.88	2021-06-28 01:28:20.658778	USD
1609	598	connect	0.88	2021-06-28 01:28:20.668793	USD
1610	67	connect	0.88	2021-06-28 01:28:20.678834	USD
63	596	connect	0.88	2021-06-26 21:41:18.77627	USD
64	598	connect	0.88	2021-06-26 21:41:18.786295	USD
65	67	connect	0.88	2021-06-26 21:41:18.79635	USD
66	266	connect	0.88	2021-06-26 21:41:18.806438	USD
67	61	connect	0.88	2021-06-26 21:41:18.816476	USD
1611	169	connect	0.88	2021-06-28 01:28:20.68887	USD
1612	266	connect	0.88	2021-06-28 01:28:20.698898	USD
1613	63	connect	0.88	2021-06-28 01:28:20.708904	USD
71	192	connect	0.88	2021-06-26 21:41:18.85655	USD
1614	180	connect	0.88	2021-06-28 01:28:20.718957	USD
1615	661	connect	0.88	2021-06-28 01:28:20.728974	USD
1616	595	connect	0.88	2021-06-28 01:28:20.739035	USD
75	55	connect	0.88	2021-06-26 21:41:18.89672	USD
1617	596	connect	0.88	2021-06-28 01:28:20.749048	USD
1618	598	connect	0.88	2021-06-28 01:28:20.75908	USD
1619	67	connect	0.88	2021-06-28 01:28:20.769065	USD
79	596	connect	0.88	2021-06-26 21:41:18.936821	USD
80	598	connect	0.88	2021-06-26 21:41:18.946913	USD
81	67	connect	0.88	2021-06-26 21:41:18.95694	USD
82	266	connect	0.88	2021-06-26 21:41:18.966925	USD
1620	169	connect	0.88	2021-06-28 01:28:20.779121	USD
1621	266	connect	0.88	2021-06-28 01:28:20.789171	USD
1622	180	connect	0.88	2021-06-28 01:28:20.811961	USD
86	596	connect	0.88	2021-06-26 21:41:19.007122	USD
87	598	connect	0.88	2021-06-26 21:41:19.027257	USD
88	67	connect	0.88	2021-06-26 21:41:19.037224	USD
89	71	connect	0.88	2021-06-26 21:41:19.047278	USD
1623	661	connect	0.88	2021-06-28 01:28:20.819306	USD
1624	595	connect	0.88	2021-06-28 01:28:20.829325	USD
92	583	connect	0.88	2021-06-26 21:41:19.07736	USD
93	95	connect	0.88	2021-06-26 21:41:19.087385	USD
94	72	connect	0.88	2021-06-26 21:41:19.097416	USD
1625	596	connect	0.88	2021-06-28 01:28:20.839352	USD
1626	598	connect	0.88	2021-06-28 01:28:20.84941	USD
1627	67	connect	0.88	2021-06-28 01:28:20.85942	USD
1628	169	connect	0.88	2021-06-28 01:28:20.869478	USD
99	55	connect	0.88	2021-06-26 21:41:19.147572	USD
1629	266	connect	0.88	2021-06-28 01:28:20.879514	USD
1630	270	connect	0.88	2021-06-28 01:28:20.889598	USD
102	583	connect	0.88	2021-06-26 21:41:19.177687	USD
103	95	connect	0.88	2021-06-26 21:41:19.187743	USD
104	243	connect	0.88	2021-06-26 21:41:19.19777	USD
105	23	connect	0.88	2021-06-26 21:41:19.207807	USD
1631	180	connect	0.88	2021-06-28 01:28:20.899601	USD
1632	661	connect	0.88	2021-06-28 01:28:20.909583	USD
108	583	connect	0.88	2021-06-26 21:41:19.237883	USD
109	95	connect	0.88	2021-06-26 21:41:19.247963	USD
110	72	connect	0.88	2021-06-26 21:41:19.257957	USD
111	263	connect	0.88	2021-06-26 21:41:19.268018	USD
112	11	connect	0.88	2021-06-26 21:41:19.278022	USD
113	10	connect	0.88	2021-06-26 21:41:19.288059	USD
1633	595	connect	0.88	2021-06-28 01:28:20.919658	USD
1634	596	connect	0.88	2021-06-28 01:28:20.92968	USD
1635	598	connect	0.88	2021-06-28 01:28:20.939729	USD
117	55	connect	0.88	2021-06-26 21:41:19.328256	USD
1636	67	connect	0.88	2021-06-28 01:28:20.949761	USD
1637	169	connect	0.88	2021-06-28 01:28:20.959796	USD
120	583	connect	0.88	2021-06-26 21:41:19.358371	USD
121	95	connect	0.88	2021-06-26 21:41:19.36838	USD
122	243	connect	0.88	2021-06-26 21:41:19.378493	USD
123	23	connect	0.88	2021-06-26 21:41:19.388444	USD
1638	266	connect	0.88	2021-06-28 01:28:20.969845	USD
1639	180	connect	0.88	2021-06-28 01:28:20.979854	USD
1640	661	connect	0.88	2021-06-28 01:28:20.989964	USD
127	596	connect	0.88	2021-06-26 21:41:19.428629	USD
128	598	connect	0.88	2021-06-26 21:41:19.709646	USD
129	792	connect	0.88	2021-06-26 21:41:19.820032	USD
130	707	connect	0.88	2021-06-26 21:41:19.829964	USD
1641	595	connect	0.88	2021-06-28 01:28:20.999964	USD
1642	596	connect	0.88	2021-06-28 01:28:21.010008	USD
1643	598	connect	0.88	2021-06-28 01:28:21.02006	USD
134	161	connect	0.88	2021-06-26 21:41:19.876835	USD
135	81	connect	0.88	2021-06-26 21:41:19.886863	USD
1644	67	connect	0.88	2021-06-28 01:28:21.030064	USD
1645	169	connect	0.88	2021-06-28 01:28:21.040146	USD
1646	180	connect	0.88	2021-06-28 01:28:21.05557	USD
139	596	connect	0.88	2021-06-26 21:41:19.93036	USD
140	598	connect	0.88	2021-06-26 21:41:19.940376	USD
141	67	connect	0.88	2021-06-26 21:41:19.950385	USD
142	266	connect	0.88	2021-06-26 21:41:19.96042	USD
1647	661	connect	0.88	2021-06-28 01:28:21.060123	USD
1648	595	connect	0.88	2021-06-28 01:28:21.070208	USD
145	583	connect	0.88	2021-06-26 21:41:19.990599	USD
146	95	connect	0.88	2021-06-26 21:41:20.000601	USD
147	72	connect	0.88	2021-06-26 21:41:20.010647	USD
148	220	connect	0.88	2021-06-26 21:41:20.020659	USD
149	275	connect	0.88	2021-06-26 21:41:20.030713	USD
1649	596	connect	0.88	2021-06-28 01:28:21.080238	USD
1650	598	connect	0.88	2021-06-28 01:28:21.090262	USD
1651	67	connect	0.88	2021-06-28 01:28:21.100303	USD
153	596	connect	0.88	2021-06-26 21:41:20.070883	USD
154	598	connect	0.88	2021-06-26 21:41:20.080884	USD
155	67	connect	0.88	2021-06-26 21:41:20.090958	USD
156	266	connect	0.88	2021-06-26 21:41:20.100963	USD
157	92	connect	0.88	2021-06-26 21:41:20.111018	USD
158	664	connect	0.88	2021-06-26 21:41:20.121027	USD
1652	169	connect	0.88	2021-06-28 01:28:21.110297	USD
1653	180	connect	0.88	2021-06-28 01:28:21.125744	USD
161	583	connect	0.88	2021-06-26 21:41:20.301668	USD
162	95	connect	0.88	2021-06-26 21:41:20.311713	USD
163	72	connect	0.88	2021-06-26 21:41:20.321715	USD
164	263	connect	0.88	2021-06-26 21:41:20.331765	USD
1654	661	connect	0.88	2021-06-28 01:28:21.130322	USD
1655	595	connect	0.88	2021-06-28 01:28:21.140438	USD
1656	596	connect	0.88	2021-06-28 01:28:21.150536	USD
168	192	connect	0.88	2021-06-26 21:41:20.371841	USD
169	196	connect	0.88	2021-06-26 21:41:20.381939	USD
170	226	connect	0.88	2021-06-26 21:41:20.391933	USD
1657	598	connect	0.88	2021-06-28 01:28:21.160516	USD
1658	67	connect	0.88	2021-06-28 01:28:21.170574	USD
1659	169	connect	0.88	2021-06-28 01:28:21.180615	USD
174	596	connect	0.88	2021-06-26 21:41:20.432104	USD
175	598	connect	0.88	2021-06-26 21:41:20.442191	USD
1660	180	connect	0.88	2021-06-28 01:28:21.195364	USD
1661	661	connect	0.88	2021-06-28 01:28:21.200585	USD
1662	595	connect	0.88	2021-06-28 01:28:21.210714	USD
179	596	connect	0.88	2021-06-26 21:41:20.482233	USD
180	598	connect	0.88	2021-06-26 21:41:20.49232	USD
1663	596	connect	0.88	2021-06-28 01:28:21.220708	USD
1664	598	connect	0.88	2021-06-28 01:28:21.230766	USD
1665	67	connect	0.88	2021-06-28 01:28:21.240785	USD
184	596	connect	0.88	2021-06-26 21:41:20.53248	USD
185	598	connect	0.88	2021-06-26 21:41:20.542495	USD
186	788	connect	0.88	2021-06-26 21:41:20.552522	USD
187	742	connect	0.88	2021-06-26 21:41:20.562586	USD
188	599	connect	0.88	2021-06-26 21:41:20.572608	USD
189	620	connect	0.88	2021-06-26 21:41:20.582683	USD
1666	169	connect	0.88	2021-06-28 01:28:21.250841	USD
1667	180	connect	0.88	2021-06-28 01:28:21.270147	USD
192	583	connect	0.88	2021-06-26 21:41:20.612674	USD
193	95	connect	0.88	2021-06-26 21:41:20.622751	USD
194	204	connect	0.88	2021-06-26 21:41:20.632793	USD
195	86	connect	0.88	2021-06-26 21:41:20.642809	USD
1668	661	connect	0.88	2021-06-28 01:28:21.291192	USD
1669	595	connect	0.88	2021-06-28 01:28:21.339795	USD
198	583	connect	0.88	2021-06-26 21:41:20.672923	USD
199	95	connect	0.88	2021-06-26 21:41:20.683031	USD
200	243	connect	0.88	2021-06-26 21:41:20.693004	USD
201	145	connect	0.88	2021-06-26 21:41:20.703013	USD
1670	596	connect	0.88	2021-06-28 01:28:21.351173	USD
1671	598	connect	0.88	2021-06-28 01:28:21.361206	USD
1672	67	connect	0.88	2021-06-28 01:28:21.371324	USD
205	55	connect	0.88	2021-06-26 21:41:20.743175	USD
206	274	connect	0.88	2021-06-26 21:41:20.753214	USD
1673	169	connect	0.88	2021-06-28 01:28:21.381319	USD
1674	250	connect	0.88	2021-06-28 01:28:21.39138	USD
209	583	connect	0.88	2021-06-26 21:41:20.783237	USD
210	95	connect	0.88	2021-06-26 21:41:20.793286	USD
211	72	connect	0.88	2021-06-26 21:41:20.803419	USD
212	263	connect	0.88	2021-06-26 21:41:20.813386	USD
213	183	connect	0.88	2021-06-26 21:41:20.823422	USD
214	203	connect	0.88	2021-06-26 21:41:20.833492	USD
1675	180	connect	0.88	2021-06-28 01:28:21.405627	USD
1676	661	connect	0.88	2021-06-28 01:28:21.411354	USD
217	583	connect	0.88	2021-06-26 21:41:20.863549	USD
218	95	connect	0.88	2021-06-26 21:41:20.873597	USD
219	243	connect	0.88	2021-06-26 21:41:20.88361	USD
1677	595	connect	0.88	2021-06-28 01:28:21.421476	USD
1678	596	connect	0.88	2021-06-28 01:28:21.431487	USD
222	583	connect	0.88	2021-06-26 21:41:20.913759	USD
223	95	connect	0.88	2021-06-26 21:41:20.923792	USD
224	243	connect	0.88	2021-06-26 21:41:20.933809	USD
225	23	connect	0.88	2021-06-26 21:41:20.943944	USD
1679	598	connect	0.88	2021-06-28 01:28:21.441545	USD
1680	67	connect	0.88	2021-06-28 01:28:21.451574	USD
1681	169	connect	0.88	2021-06-28 01:28:21.461588	USD
229	55	connect	0.88	2021-06-26 21:41:20.983942	USD
230	274	connect	0.88	2021-06-26 21:41:20.994079	USD
1682	250	connect	0.88	2021-06-28 01:28:21.471609	USD
1683	180	connect	0.88	2021-06-28 01:28:21.488752	USD
233	583	connect	0.88	2021-06-26 21:41:21.024134	USD
234	95	connect	0.88	2021-06-26 21:41:21.034201	USD
235	72	connect	0.88	2021-06-26 21:41:21.044153	USD
236	38	connect	0.88	2021-06-26 21:41:21.054254	USD
1684	661	connect	0.88	2021-06-28 01:28:21.500365	USD
1685	595	connect	0.88	2021-06-28 01:28:21.511794	USD
239	583	connect	0.88	2021-06-26 21:41:21.084357	USD
240	95	connect	0.88	2021-06-26 21:41:21.094363	USD
1686	596	connect	0.88	2021-06-28 01:28:21.521793	USD
1687	598	connect	0.88	2021-06-28 01:28:21.531884	USD
243	583	connect	0.88	2021-06-26 21:41:21.124556	USD
244	95	connect	0.88	2021-06-26 21:41:21.134585	USD
245	72	connect	0.88	2021-06-26 21:41:21.144608	USD
246	38	connect	0.88	2021-06-26 21:41:21.154615	USD
1688	67	connect	0.88	2021-06-28 01:28:21.541932	USD
1689	169	connect	0.88	2021-06-28 01:28:21.551935	USD
249	583	connect	0.88	2021-06-26 21:41:21.184745	USD
250	95	connect	0.88	2021-06-26 21:41:21.19479	USD
251	243	connect	0.88	2021-06-26 21:41:21.204807	USD
252	23	connect	0.88	2021-06-26 21:41:21.214842	USD
253	163	connect	0.88	2021-06-26 21:41:21.224896	USD
1690	78	connect	0.88	2021-06-28 01:28:21.561966	USD
1691	180	connect	0.88	2021-06-28 01:28:21.574474	USD
1692	661	connect	0.88	2021-06-28 01:28:21.582044	USD
257	55	connect	0.88	2021-06-26 21:41:21.265064	USD
258	213	connect	0.88	2021-06-26 21:41:21.275207	USD
259	131	connect	0.88	2021-06-26 21:41:21.285131	USD
260	207	connect	0.88	2021-06-26 21:41:21.295147	USD
1693	595	connect	0.88	2021-06-28 01:28:21.5921	USD
1694	596	connect	0.88	2021-06-28 01:28:21.602085	USD
263	583	connect	0.88	2021-06-26 21:41:21.325285	USD
264	95	connect	0.88	2021-06-26 21:41:21.335302	USD
265	204	connect	0.88	2021-06-26 21:41:21.345352	USD
266	86	connect	0.88	2021-06-26 21:41:21.355366	USD
1695	598	connect	0.88	2021-06-28 01:28:21.612119	USD
1696	67	connect	0.88	2021-06-28 01:28:21.622157	USD
1697	169	connect	0.88	2021-06-28 01:28:21.632191	USD
270	55	connect	0.88	2021-06-26 21:41:21.395491	USD
271	65	connect	0.88	2021-06-26 21:41:21.405527	USD
272	276	connect	0.88	2021-06-26 21:41:21.415579	USD
1698	78	connect	0.88	2021-06-28 01:28:21.642249	USD
1699	180	connect	0.88	2021-06-28 01:28:21.654266	USD
1700	661	connect	0.88	2021-06-28 01:28:21.662334	USD
276	55	connect	0.88	2021-06-26 21:41:21.455734	USD
277	213	connect	0.88	2021-06-26 21:41:21.465786	USD
278	131	connect	0.88	2021-06-26 21:41:21.47585	USD
1701	595	connect	0.88	2021-06-28 01:28:21.69457	USD
1702	596	connect	0.88	2021-06-28 01:28:21.751427	USD
1703	598	connect	0.88	2021-06-28 01:28:21.762665	USD
282	55	connect	0.88	2021-06-26 21:41:21.515935	USD
283	65	connect	0.88	2021-06-26 21:41:21.526029	USD
1704	67	connect	0.88	2021-06-28 01:28:21.772635	USD
1705	169	connect	0.88	2021-06-28 01:28:21.782754	USD
1706	78	connect	0.88	2021-06-28 01:28:21.792788	USD
287	55	connect	0.88	2021-06-26 21:41:21.566141	USD
288	274	connect	0.88	2021-06-26 21:41:21.576171	USD
1707	180	connect	0.88	2021-06-28 01:28:21.805655	USD
1708	661	connect	0.88	2021-06-28 01:28:21.812814	USD
1709	595	connect	0.88	2021-06-28 01:28:21.822866	USD
1710	596	connect	0.88	2021-06-28 01:28:21.832896	USD
1711	598	connect	0.88	2021-06-28 01:28:21.842927	USD
294	55	connect	0.88	2021-06-26 21:41:21.636294	USD
295	274	connect	0.88	2021-06-26 21:41:21.646329	USD
1712	67	connect	0.88	2021-06-28 01:28:21.852998	USD
1713	169	connect	0.88	2021-06-28 01:28:21.862989	USD
1714	78	connect	0.88	2021-06-28 01:28:21.873052	USD
299	596	connect	0.88	2021-06-26 21:41:21.686529	USD
300	598	connect	0.88	2021-06-26 21:41:21.696538	USD
301	67	connect	0.88	2021-06-26 21:41:21.706642	USD
302	71	connect	0.88	2021-06-26 21:41:21.716615	USD
303	166	connect	0.88	2021-06-26 21:41:21.726675	USD
1715	42	connect	0.88	2021-06-28 01:28:21.883087	USD
1716	180	connect	0.88	2021-06-28 01:28:21.895328	USD
1717	661	connect	0.88	2021-06-28 01:28:21.90317	USD
307	596	connect	0.88	2021-06-26 21:41:21.923244	USD
308	598	connect	0.88	2021-06-26 21:41:21.947475	USD
309	67	connect	0.88	2021-06-26 21:41:21.957478	USD
310	71	connect	0.88	2021-06-26 21:41:21.967509	USD
311	166	connect	0.88	2021-06-26 21:41:21.977564	USD
1718	595	connect	0.88	2021-06-28 01:28:21.913233	USD
1719	596	connect	0.88	2021-06-28 01:28:21.923239	USD
314	583	connect	0.88	2021-06-26 21:41:22.007669	USD
315	95	connect	0.88	2021-06-26 21:41:22.017713	USD
316	72	connect	0.88	2021-06-26 21:41:22.027728	USD
317	611	connect	0.88	2021-06-26 21:41:22.037758	USD
1720	598	connect	0.88	2021-06-28 01:28:21.933255	USD
1721	67	connect	0.88	2021-06-28 01:28:21.94335	USD
1722	169	connect	0.88	2021-06-28 01:28:21.953339	USD
321	55	connect	0.88	2021-06-26 21:41:22.077892	USD
1723	78	connect	0.88	2021-06-28 01:28:21.963417	USD
1724	42	connect	0.88	2021-06-28 01:28:21.973377	USD
324	583	connect	0.88	2021-06-26 21:41:22.107999	USD
325	95	connect	0.88	2021-06-26 21:41:22.118008	USD
326	72	connect	0.88	2021-06-26 21:41:22.128059	USD
327	611	connect	0.88	2021-06-26 21:41:22.138083	USD
330	583	connect	0.88	2021-06-26 21:41:22.168194	USD
331	95	connect	0.88	2021-06-26 21:41:22.178238	USD
332	72	connect	0.88	2021-06-26 21:41:22.188237	USD
333	263	connect	0.88	2021-06-26 21:41:22.19828	USD
336	583	connect	0.88	2021-06-26 21:41:22.228352	USD
337	95	connect	0.88	2021-06-26 21:41:22.238425	USD
338	204	connect	0.88	2021-06-26 21:41:22.248503	USD
342	174	connect	0.88	2021-06-26 21:41:22.288634	USD
345	583	connect	0.88	2021-06-26 21:41:22.318749	USD
346	95	connect	0.88	2021-06-26 21:41:22.328764	USD
347	72	connect	0.88	2021-06-26 21:41:22.338827	USD
348	611	connect	0.88	2021-06-26 21:41:22.348826	USD
352	55	connect	0.88	2021-06-26 21:41:22.388985	USD
353	213	connect	0.88	2021-06-26 21:41:22.399006	USD
354	131	connect	0.88	2021-06-26 21:41:22.409047	USD
357	583	connect	0.88	2021-06-26 21:41:22.439159	USD
358	95	connect	0.88	2021-06-26 21:41:22.449241	USD
359	243	connect	0.88	2021-06-26 21:41:22.459146	USD
1725	180	connect	0.88	2021-06-28 13:54:27.623677	USD
362	583	connect	0.88	2021-06-26 21:41:22.489321	USD
1726	661	connect	0.88	2021-06-28 13:54:27.728297	USD
1727	588	connect	0.88	2021-06-28 13:54:27.755962	USD
1728	174	connect	0.88	2021-06-28 13:54:27.76605	USD
366	596	connect	0.88	2021-06-26 21:41:22.52945	USD
367	598	connect	0.88	2021-06-26 21:41:22.539445	USD
368	67	connect	0.88	2021-06-26 21:41:22.549489	USD
369	71	connect	0.88	2021-06-26 21:41:22.559603	USD
372	583	connect	0.88	2021-06-26 21:41:22.589711	USD
373	95	connect	0.88	2021-06-26 21:41:22.599708	USD
374	72	connect	0.88	2021-06-26 21:41:22.609736	USD
375	263	connect	0.88	2021-06-26 21:41:22.619817	USD
379	596	connect	0.88	2021-06-26 21:41:22.65992	USD
380	598	connect	0.88	2021-06-26 21:41:22.669946	USD
381	67	connect	0.88	2021-06-26 21:41:22.680026	USD
382	89	connect	0.88	2021-06-26 21:41:22.690058	USD
386	596	connect	0.88	2021-06-26 21:41:23.057982	USD
390	596	connect	0.88	2021-06-26 21:41:23.643325	USD
391	598	connect	0.88	2021-06-26 21:41:23.65333	USD
392	67	connect	0.88	2021-06-26 21:41:23.663375	USD
395	583	connect	0.88	2021-06-26 21:41:23.693445	USD
396	95	connect	0.88	2021-06-26 21:41:23.703495	USD
397	243	connect	0.88	2021-06-26 21:41:23.71354	USD
398	176	connect	0.88	2021-06-26 21:41:23.72361	USD
407	583	connect	0.88	2021-06-26 21:41:23.813889	USD
408	95	connect	0.88	2021-06-26 21:41:23.823911	USD
409	72	connect	0.88	2021-06-26 21:41:23.833941	USD
410	263	connect	0.88	2021-06-26 21:41:23.843959	USD
411	183	connect	0.88	2021-06-26 21:41:23.854013	USD
414	583	connect	0.88	2021-06-26 21:41:23.884176	USD
415	95	connect	0.88	2021-06-26 21:41:23.894175	USD
416	243	connect	0.88	2021-06-26 21:41:23.90421	USD
417	121	connect	0.88	2021-06-26 21:41:23.914188	USD
420	583	connect	0.88	2021-06-26 21:41:23.944337	USD
421	95	connect	0.88	2021-06-26 21:41:23.954363	USD
425	596	connect	0.88	2021-06-26 21:41:23.994479	USD
429	596	connect	0.88	2021-06-26 21:41:24.034686	USD
430	598	connect	0.88	2021-06-26 21:41:24.044712	USD
431	793	connect	0.88	2021-06-26 21:41:24.054726	USD
432	712	connect	0.88	2021-06-26 21:41:24.064755	USD
436	55	connect	0.88	2021-06-26 21:41:24.104889	USD
437	65	connect	0.88	2021-06-26 21:41:24.114943	USD
441	596	connect	0.88	2021-06-26 21:41:24.155082	USD
442	598	connect	0.88	2021-06-26 21:41:24.165214	USD
443	67	connect	0.88	2021-06-26 21:41:24.175161	USD
444	71	connect	0.88	2021-06-26 21:41:24.185193	USD
445	242	connect	0.88	2021-06-26 21:41:24.195242	USD
449	161	connect	0.88	2021-06-26 21:41:24.235329	USD
450	81	connect	0.88	2021-06-26 21:41:24.245303	USD
454	161	connect	0.88	2021-06-26 21:41:24.285544	USD
455	70	connect	0.88	2021-06-26 21:41:24.295573	USD
459	55	connect	0.88	2021-06-26 21:41:24.335684	USD
460	213	connect	0.88	2021-06-26 21:41:24.345762	USD
461	91	connect	0.88	2021-06-26 21:41:24.355791	USD
465	55	connect	0.88	2021-06-26 21:41:24.395925	USD
466	213	connect	0.88	2021-06-26 21:41:24.405955	USD
467	131	connect	0.88	2021-06-26 21:41:24.415958	USD
468	4	connect	0.88	2021-06-26 21:41:24.426016	USD
474	55	connect	0.88	2021-06-26 21:41:24.486244	USD
475	213	connect	0.88	2021-06-26 21:41:24.496271	USD
476	131	connect	0.88	2021-06-26 21:41:24.506286	USD
477	4	connect	0.88	2021-06-26 21:41:24.516332	USD
478	278	connect	0.88	2021-06-26 21:41:24.526326	USD
1729	180	connect	0.88	2021-06-28 17:51:05.049551	USD
1730	661	connect	0.88	2021-06-28 17:51:05.057236	USD
1731	595	connect	0.88	2021-06-28 17:51:05.067258	USD
484	55	connect	0.88	2021-06-26 21:41:24.586568	USD
485	213	connect	0.88	2021-06-26 21:41:24.596624	USD
486	131	connect	0.88	2021-06-26 21:41:24.606669	USD
487	207	connect	0.88	2021-06-26 21:41:24.6167	USD
1732	596	connect	0.88	2021-06-28 17:51:05.077358	USD
1733	598	connect	0.88	2021-06-28 17:51:05.087539	USD
1734	792	connect	0.88	2021-06-28 17:51:05.09747	USD
491	596	connect	0.88	2021-06-26 21:41:24.656827	USD
492	598	connect	0.88	2021-06-26 21:41:24.666968	USD
493	706	connect	0.88	2021-06-26 21:41:24.676966	USD
497	596	connect	0.88	2021-06-26 21:41:24.743873	USD
498	598	connect	0.88	2021-06-26 21:41:24.753898	USD
499	788	connect	0.88	2021-06-26 21:41:24.763946	USD
500	742	connect	0.88	2021-06-26 21:41:24.773946	USD
503	583	connect	0.88	2021-06-26 21:41:24.807411	USD
504	215	connect	0.88	2021-06-26 21:41:24.817467	USD
507	583	connect	0.88	2021-06-26 21:41:24.847542	USD
508	95	connect	0.88	2021-06-26 21:41:24.857544	USD
509	243	connect	0.88	2021-06-26 21:41:24.867585	USD
510	23	connect	0.88	2021-06-26 21:41:24.877666	USD
511	163	connect	0.88	2021-06-26 21:41:24.887645	USD
514	583	connect	0.88	2021-06-26 21:41:24.917765	USD
515	95	connect	0.88	2021-06-26 21:41:24.927809	USD
516	72	connect	0.88	2021-06-26 21:41:24.937866	USD
517	611	connect	0.88	2021-06-26 21:41:24.947864	USD
520	583	connect	0.88	2021-06-26 21:41:24.978019	USD
521	95	connect	0.88	2021-06-26 21:41:25.10514	USD
522	72	connect	0.88	2021-06-26 21:41:25.148575	USD
523	611	connect	0.88	2021-06-26 21:41:25.158636	USD
524	499	connect	0.88	2021-06-26 21:41:25.168635	USD
527	583	connect	0.88	2021-06-26 21:41:25.198789	USD
528	95	connect	0.88	2021-06-26 21:41:25.208787	USD
529	204	connect	0.88	2021-06-26 21:41:25.218844	USD
530	86	connect	0.88	2021-06-26 21:41:25.228884	USD
534	55	connect	0.88	2021-06-26 21:41:25.269003	USD
535	65	connect	0.88	2021-06-26 21:41:25.279073	USD
536	464	connect	0.88	2021-06-26 21:41:25.289033	USD
540	55	connect	0.88	2021-06-26 21:41:25.329175	USD
541	65	connect	0.88	2021-06-26 21:41:25.339268	USD
545	55	connect	0.88	2021-06-26 21:41:25.379402	USD
546	83	connect	0.88	2021-06-26 21:41:25.389447	USD
547	218	connect	0.88	2021-06-26 21:41:25.399461	USD
551	55	connect	0.88	2021-06-26 21:41:25.439597	USD
552	76	connect	0.88	2021-06-26 21:41:25.44961	USD
556	55	connect	0.88	2021-06-26 21:41:25.489767	USD
557	76	connect	0.88	2021-06-26 21:41:25.49983	USD
558	27	connect	0.88	2021-06-26 21:41:25.509855	USD
559	261	connect	0.88	2021-06-26 21:41:25.51986	USD
560	216	connect	0.88	2021-06-26 21:41:25.529898	USD
564	55	connect	0.88	2021-06-26 21:41:25.570047	USD
565	274	connect	0.88	2021-06-26 21:41:25.580124	USD
568	583	connect	0.88	2021-06-26 21:41:25.610236	USD
569	215	connect	0.88	2021-06-26 21:41:25.620264	USD
575	55	connect	0.88	2021-06-26 21:41:25.680486	USD
576	83	connect	0.88	2021-06-26 21:41:25.690491	USD
577	218	connect	0.88	2021-06-26 21:41:25.700526	USD
578	292	connect	0.88	2021-06-26 21:41:25.710573	USD
579	293	connect	0.88	2021-06-26 21:41:25.720598	USD
582	583	connect	0.88	2021-06-26 21:41:25.750704	USD
583	95	connect	0.88	2021-06-26 21:41:25.760727	USD
584	72	connect	0.88	2021-06-26 21:41:25.770759	USD
585	38	connect	0.88	2021-06-26 21:41:25.780813	USD
589	596	connect	0.88	2021-06-26 21:41:25.820973	USD
590	598	connect	0.88	2021-06-26 21:41:25.831025	USD
597	596	connect	0.88	2021-06-26 21:41:26.212301	USD
598	598	connect	0.88	2021-06-26 21:41:26.222359	USD
599	67	connect	0.88	2021-06-26 21:41:26.232377	USD
603	596	connect	0.88	2021-06-26 21:41:26.272521	USD
604	598	connect	0.88	2021-06-26 21:41:26.282591	USD
605	793	connect	0.88	2021-06-26 21:41:26.292608	USD
606	712	connect	0.88	2021-06-26 21:41:26.30266	USD
609	583	connect	0.88	2021-06-26 21:41:26.332772	USD
610	95	connect	0.88	2021-06-26 21:41:26.342751	USD
611	72	connect	0.88	2021-06-26 21:41:26.352815	USD
612	611	connect	0.88	2021-06-26 21:41:26.362849	USD
613	499	connect	0.88	2021-06-26 21:41:26.372847	USD
617	596	connect	0.88	2021-06-26 21:41:26.413029	USD
618	598	connect	0.88	2021-06-26 21:41:26.423146	USD
619	67	connect	0.88	2021-06-26 21:41:26.433146	USD
620	71	connect	0.88	2021-06-26 21:41:26.443259	USD
623	583	connect	0.88	2021-06-26 21:41:26.473265	USD
624	95	connect	0.88	2021-06-26 21:41:26.48331	USD
625	72	connect	0.88	2021-06-26 21:41:26.49333	USD
626	263	connect	0.88	2021-06-26 21:41:26.503362	USD
627	183	connect	0.88	2021-06-26 21:41:26.513449	USD
628	150	connect	0.88	2021-06-26 21:41:26.52344	USD
632	55	connect	0.88	2021-06-26 21:41:26.563591	USD
633	213	connect	0.88	2021-06-26 21:41:26.573577	USD
634	131	connect	0.88	2021-06-26 21:41:26.58365	USD
635	50	connect	0.88	2021-06-26 21:41:26.593622	USD
638	583	connect	0.88	2021-06-26 21:41:26.76429	USD
639	95	connect	0.88	2021-06-26 21:41:26.774332	USD
640	243	connect	0.88	2021-06-26 21:41:26.784354	USD
641	145	connect	0.88	2021-06-26 21:41:26.794373	USD
645	596	connect	0.88	2021-06-26 21:41:26.834505	USD
646	760	connect	0.88	2021-06-26 21:41:26.844503	USD
650	55	connect	0.88	2021-06-26 21:41:26.961702	USD
651	76	connect	0.88	2021-06-26 21:41:26.971635	USD
652	27	connect	0.88	2021-06-26 21:41:26.981674	USD
653	261	connect	0.88	2021-06-26 21:41:26.991714	USD
654	216	connect	0.88	2021-06-26 21:41:27.001756	USD
658	596	connect	0.88	2021-06-26 21:41:27.041889	USD
659	598	connect	0.88	2021-06-26 21:41:27.051912	USD
660	793	connect	0.88	2021-06-26 21:41:27.06198	USD
661	712	connect	0.88	2021-06-26 21:41:27.071989	USD
665	596	connect	0.88	2021-06-26 21:41:27.115427	USD
666	760	connect	0.88	2021-06-26 21:41:27.125491	USD
667	814	connect	0.88	2021-06-26 21:41:27.13553	USD
670	583	connect	0.88	2021-06-26 21:41:27.165702	USD
671	95	connect	0.88	2021-06-26 21:41:27.175709	USD
672	204	connect	0.88	2021-06-26 21:41:27.185681	USD
673	197	connect	0.88	2021-06-26 21:41:27.195714	USD
674	252	connect	0.88	2021-06-26 21:41:27.205763	USD
678	55	connect	0.88	2021-06-26 21:41:27.245917	USD
679	65	connect	0.88	2021-06-26 21:41:27.25595	USD
683	596	connect	0.88	2021-06-26 21:41:27.296131	USD
684	598	connect	0.88	2021-06-26 21:41:27.306152	USD
685	67	connect	0.88	2021-06-26 21:41:27.31614	USD
686	266	connect	0.88	2021-06-26 21:41:27.326232	USD
687	61	connect	0.88	2021-06-26 21:41:27.336269	USD
691	55	connect	0.88	2021-06-26 21:41:27.376407	USD
695	55	connect	0.88	2021-06-26 21:41:27.416539	USD
696	274	connect	0.88	2021-06-26 21:41:27.426612	USD
697	277	connect	0.88	2021-06-26 21:41:27.436579	USD
701	596	connect	0.88	2021-06-26 21:41:27.476738	USD
702	598	connect	0.88	2021-06-26 21:41:27.486771	USD
703	67	connect	0.88	2021-06-26 21:41:27.496814	USD
704	266	connect	0.88	2021-06-26 21:41:27.506832	USD
705	63	connect	0.88	2021-06-26 21:41:27.516858	USD
712	55	connect	0.88	2021-06-26 21:41:27.58714	USD
713	213	connect	0.88	2021-06-26 21:41:27.597183	USD
714	131	connect	0.88	2021-06-26 21:41:27.607176	USD
715	207	connect	0.88	2021-06-26 21:41:27.617208	USD
718	583	connect	0.88	2021-06-26 21:41:27.647286	USD
719	215	connect	0.88	2021-06-26 21:41:27.657345	USD
720	94	connect	0.88	2021-06-26 21:41:27.667397	USD
724	55	connect	0.88	2021-06-26 21:41:27.7176	USD
725	213	connect	0.88	2021-06-26 21:41:27.72765	USD
726	131	connect	0.88	2021-06-26 21:41:27.737657	USD
727	4	connect	0.88	2021-06-26 21:41:27.747694	USD
728	278	connect	0.88	2021-06-26 21:41:27.757718	USD
732	161	connect	0.88	2021-06-26 21:41:27.797826	USD
733	70	connect	0.88	2021-06-26 21:41:27.807883	USD
734	217	connect	0.88	2021-06-26 21:41:27.817908	USD
738	161	connect	0.88	2021-06-26 21:41:27.858005	USD
739	70	connect	0.88	2021-06-26 21:41:27.868088	USD
740	217	connect	0.88	2021-06-26 21:41:27.8781	USD
743	583	connect	0.88	2021-06-26 21:41:27.90818	USD
744	215	connect	0.88	2021-06-26 21:41:27.918303	USD
745	168	connect	0.88	2021-06-26 21:41:27.928343	USD
749	161	connect	0.88	2021-06-26 21:41:27.968435	USD
750	81	connect	0.88	2021-06-26 21:41:27.97853	USD
754	596	connect	0.88	2021-06-26 21:41:28.018654	USD
755	598	connect	0.88	2021-06-26 21:41:28.028665	USD
756	788	connect	0.88	2021-06-26 21:41:28.038689	USD
759	583	connect	0.88	2021-06-26 21:41:28.068813	USD
760	95	connect	0.88	2021-06-26 21:41:28.078855	USD
761	204	connect	0.88	2021-06-26 21:41:28.0889	USD
764	583	connect	0.88	2021-06-26 21:41:28.119033	USD
765	95	connect	0.88	2021-06-26 21:41:28.129109	USD
766	204	connect	0.88	2021-06-26 21:41:28.1391	USD
773	596	connect	0.88	2021-06-26 21:41:28.326372	USD
774	598	connect	0.88	2021-06-26 21:41:28.349876	USD
775	67	connect	0.88	2021-06-26 21:41:28.359905	USD
776	71	connect	0.88	2021-06-26 21:41:28.369952	USD
777	166	connect	0.88	2021-06-26 21:41:28.379984	USD
781	161	connect	0.88	2021-06-26 21:41:28.420093	USD
785	596	connect	0.88	2021-06-26 21:41:28.460235	USD
786	598	connect	0.88	2021-06-26 21:41:28.470254	USD
787	67	connect	0.88	2021-06-26 21:41:28.480297	USD
788	266	connect	0.88	2021-06-26 21:41:28.490316	USD
792	192	connect	0.88	2021-06-26 21:41:28.530487	USD
793	196	connect	0.88	2021-06-26 21:41:28.540499	USD
796	583	connect	0.88	2021-06-26 21:41:28.570643	USD
797	95	connect	0.88	2021-06-26 21:41:28.580658	USD
798	72	connect	0.88	2021-06-26 21:41:28.590713	USD
802	192	connect	0.88	2021-06-26 21:41:28.630788	USD
803	196	connect	0.88	2021-06-26 21:41:28.640807	USD
804	225	connect	0.88	2021-06-26 21:41:28.650906	USD
808	55	connect	0.88	2021-06-26 21:41:28.691081	USD
809	76	connect	0.88	2021-06-26 21:41:28.701096	USD
810	27	connect	0.88	2021-06-26 21:41:28.711126	USD
813	583	connect	0.88	2021-06-26 21:41:28.791575	USD
814	215	connect	0.88	2021-06-26 21:41:28.910958	USD
818	55	connect	0.88	2021-06-26 21:41:29.550576	USD
819	213	connect	0.88	2021-06-26 21:41:29.560572	USD
820	131	connect	0.88	2021-06-26 21:41:29.570586	USD
821	4	connect	0.88	2021-06-26 21:41:29.580618	USD
822	165	connect	0.88	2021-06-26 21:41:29.590662	USD
826	596	connect	0.88	2021-06-26 21:41:29.63082	USD
827	598	connect	0.88	2021-06-26 21:41:29.640828	USD
828	792	connect	0.88	2021-06-26 21:41:29.650877	USD
829	707	connect	0.88	2021-06-26 21:41:29.660895	USD
832	583	connect	0.88	2021-06-26 21:41:29.690979	USD
833	215	connect	0.88	2021-06-26 21:41:29.701033	USD
834	94	connect	0.88	2021-06-26 21:41:29.711045	USD
838	596	connect	0.88	2021-06-26 21:41:29.751269	USD
842	192	connect	0.88	2021-06-26 21:41:29.794781	USD
843	196	connect	0.88	2021-06-26 21:41:29.804811	USD
847	192	connect	0.88	2021-06-26 21:41:29.845026	USD
848	196	connect	0.88	2021-06-26 21:41:29.854959	USD
849	225	connect	0.88	2021-06-26 21:41:29.86505	USD
852	583	connect	0.88	2021-06-26 21:41:29.89518	USD
853	95	connect	0.88	2021-06-26 21:41:29.905204	USD
854	243	connect	0.88	2021-06-26 21:41:29.915246	USD
855	23	connect	0.88	2021-06-26 21:41:29.925262	USD
859	192	connect	0.88	2021-06-26 21:41:30.125968	USD
863	596	connect	0.88	2021-06-26 21:41:30.16607	USD
864	598	connect	0.88	2021-06-26 21:41:30.176102	USD
865	67	connect	0.88	2021-06-26 21:41:30.186144	USD
866	266	connect	0.88	2021-06-26 21:41:30.196202	USD
870	596	connect	0.88	2021-06-26 21:41:30.236369	USD
871	598	connect	0.88	2021-06-26 21:41:30.246431	USD
872	788	connect	0.88	2021-06-26 21:41:30.256545	USD
875	583	connect	0.88	2021-06-26 21:41:30.286569	USD
876	95	connect	0.88	2021-06-26 21:41:30.296576	USD
877	72	connect	0.88	2021-06-26 21:41:30.306584	USD
878	220	connect	0.88	2021-06-26 21:41:30.31663	USD
881	583	connect	0.88	2021-06-26 21:41:30.346762	USD
882	95	connect	0.88	2021-06-26 21:41:30.356766	USD
883	243	connect	0.88	2021-06-26 21:41:30.366777	USD
884	121	connect	0.88	2021-06-26 21:41:30.376919	USD
887	583	connect	0.88	2021-06-26 21:41:30.40696	USD
888	95	connect	0.88	2021-06-26 21:41:30.416986	USD
889	72	connect	0.88	2021-06-26 21:41:30.427029	USD
890	263	connect	0.88	2021-06-26 21:41:30.437092	USD
893	583	connect	0.88	2021-06-26 21:41:30.467157	USD
894	95	connect	0.88	2021-06-26 21:41:30.477236	USD
895	72	connect	0.88	2021-06-26 21:41:30.487232	USD
896	263	connect	0.88	2021-06-26 21:41:30.497253	USD
897	122	connect	0.88	2021-06-26 21:41:30.507304	USD
900	583	connect	0.88	2021-06-26 21:41:30.537463	USD
901	95	connect	0.88	2021-06-26 21:41:30.547476	USD
902	204	connect	0.88	2021-06-26 21:41:30.55751	USD
903	249	connect	0.88	2021-06-26 21:41:30.567536	USD
907	596	connect	0.88	2021-06-26 21:41:30.607686	USD
908	598	connect	0.88	2021-06-26 21:41:30.617729	USD
909	67	connect	0.88	2021-06-26 21:41:30.627838	USD
910	266	connect	0.88	2021-06-26 21:41:30.637789	USD
913	583	connect	0.88	2021-06-26 21:41:30.667854	USD
914	95	connect	0.88	2021-06-26 21:41:30.677933	USD
915	72	connect	0.88	2021-06-26 21:41:30.687942	USD
916	263	connect	0.88	2021-06-26 21:41:30.697973	USD
917	183	connect	0.88	2021-06-26 21:41:30.707971	USD
921	55	connect	0.88	2021-06-26 21:41:30.748156	USD
922	213	connect	0.88	2021-06-26 21:41:30.758161	USD
923	91	connect	0.88	2021-06-26 21:41:31.049205	USD
924	13	connect	0.88	2021-06-26 21:41:31.065884	USD
928	55	connect	0.88	2021-06-26 21:41:31.106004	USD
929	213	connect	0.88	2021-06-26 21:41:31.115993	USD
930	91	connect	0.88	2021-06-26 21:41:31.126125	USD
934	55	connect	0.88	2021-06-26 21:41:31.169586	USD
935	213	connect	0.88	2021-06-26 21:41:31.179622	USD
936	131	connect	0.88	2021-06-26 21:41:31.189677	USD
937	50	connect	0.88	2021-06-26 21:41:31.199692	USD
941	596	connect	0.88	2021-06-26 21:41:31.239831	USD
942	598	connect	0.88	2021-06-26 21:41:31.24983	USD
943	67	connect	0.88	2021-06-26 21:41:31.259877	USD
947	55	connect	0.88	2021-06-26 21:41:31.300013	USD
948	83	connect	0.88	2021-06-26 21:41:31.310079	USD
952	55	connect	0.88	2021-06-26 21:41:31.350192	USD
953	213	connect	0.88	2021-06-26 21:41:31.360234	USD
954	131	connect	0.88	2021-06-26 21:41:31.370244	USD
958	596	connect	0.88	2021-06-26 21:41:31.410411	USD
962	55	connect	0.88	2021-06-26 21:41:31.450603	USD
963	213	connect	0.88	2021-06-26 21:41:31.460621	USD
964	131	connect	0.88	2021-06-26 21:41:31.470644	USD
965	207	connect	0.88	2021-06-26 21:41:31.480665	USD
966	73	connect	0.88	2021-06-26 21:41:31.490716	USD
969	583	connect	0.88	2021-06-26 21:41:31.52082	USD
972	583	connect	0.88	2021-06-26 21:41:31.550913	USD
973	95	connect	0.88	2021-06-26 21:41:31.560946	USD
974	204	connect	0.88	2021-06-26 21:41:31.57096	USD
978	55	connect	0.88	2021-06-26 21:41:31.61111	USD
979	213	connect	0.88	2021-06-26 21:41:31.621131	USD
980	131	connect	0.88	2021-06-26 21:41:31.63119	USD
981	4	connect	0.88	2021-06-26 21:41:31.641848	USD
982	278	connect	0.88	2021-06-26 21:41:31.651289	USD
988	583	connect	0.88	2021-06-26 21:41:31.718151	USD
989	95	connect	0.88	2021-06-26 21:41:31.728182	USD
990	243	connect	0.88	2021-06-26 21:41:31.738226	USD
991	176	connect	0.88	2021-06-26 21:41:31.748251	USD
995	596	connect	0.88	2021-06-26 21:41:31.791806	USD
996	598	connect	0.88	2021-06-26 21:41:31.801856	USD
997	67	connect	0.88	2021-06-26 21:41:31.928873	USD
998	71	connect	0.88	2021-06-26 21:41:32.004447	USD
999	166	connect	0.88	2021-06-26 21:41:32.029283	USD
1003	55	connect	0.88	2021-06-26 21:41:32.069358	USD
1004	213	connect	0.88	2021-06-26 21:41:32.07944	USD
1005	131	connect	0.88	2021-06-26 21:41:32.089423	USD
1006	4	connect	0.88	2021-06-26 21:41:32.099458	USD
1009	583	connect	0.88	2021-06-26 21:41:32.132942	USD
1010	95	connect	0.88	2021-06-26 21:41:32.142954	USD
1011	243	connect	0.88	2021-06-26 21:41:32.153012	USD
1012	121	connect	0.88	2021-06-26 21:41:32.163064	USD
1016	596	connect	0.88	2021-06-26 21:41:32.203184	USD
1017	598	connect	0.88	2021-06-26 21:41:32.213223	USD
1018	67	connect	0.88	2021-06-26 21:41:32.223285	USD
1019	266	connect	0.88	2021-06-26 21:41:32.233291	USD
1020	92	connect	0.88	2021-06-26 21:41:32.243358	USD
1024	55	connect	0.88	2021-06-26 21:41:32.283594	USD
1025	213	connect	0.88	2021-06-26 21:41:32.29364	USD
1026	91	connect	0.88	2021-06-26 21:41:32.303703	USD
1030	602	connect	0.88	2021-06-26 21:41:32.343773	USD
1034	596	connect	0.88	2021-06-26 21:41:32.383818	USD
1035	598	connect	0.88	2021-06-26 21:41:32.393896	USD
1036	67	connect	0.88	2021-06-26 21:41:32.403901	USD
1037	266	connect	0.88	2021-06-26 21:41:32.413935	USD
1038	92	connect	0.88	2021-06-26 21:41:32.424015	USD
1042	596	connect	0.88	2021-06-26 21:41:32.464125	USD
1043	598	connect	0.88	2021-06-26 21:41:32.474201	USD
1044	792	connect	0.88	2021-06-26 21:41:32.484166	USD
1045	707	connect	0.88	2021-06-26 21:41:32.494213	USD
1048	583	connect	0.88	2021-06-26 21:41:32.524345	USD
1049	95	connect	0.88	2021-06-26 21:41:32.534335	USD
1050	243	connect	0.88	2021-06-26 21:41:32.544404	USD
1051	176	connect	0.88	2021-06-26 21:41:32.554467	USD
1055	55	connect	0.88	2021-06-26 21:41:32.594595	USD
1056	213	connect	0.88	2021-06-26 21:41:32.604684	USD
1064	583	connect	0.88	2021-06-26 21:41:32.815354	USD
1065	95	connect	0.88	2021-06-26 21:41:32.825372	USD
1066	72	connect	0.88	2021-06-26 21:41:32.835407	USD
1067	611	connect	0.88	2021-06-26 21:41:32.845429	USD
1071	596	connect	0.88	2021-06-26 21:41:32.885526	USD
1072	598	connect	0.88	2021-06-26 21:41:32.895593	USD
1073	67	connect	0.88	2021-06-26 21:41:32.905637	USD
1074	266	connect	0.88	2021-06-26 21:41:32.915695	USD
1075	92	connect	0.88	2021-06-26 21:41:32.925695	USD
1076	664	connect	0.88	2021-06-26 21:41:32.935779	USD
1080	596	connect	0.88	2021-06-26 21:41:32.975885	USD
1081	598	connect	0.88	2021-06-26 21:41:32.985926	USD
1082	67	connect	0.88	2021-06-26 21:41:32.995986	USD
1083	71	connect	0.88	2021-06-26 21:41:33.005959	USD
1084	219	connect	0.88	2021-06-26 21:41:33.016037	USD
1088	55	connect	0.88	2021-06-26 21:41:33.056198	USD
1089	76	connect	0.88	2021-06-26 21:41:33.066242	USD
1090	27	connect	0.88	2021-06-26 21:41:33.076241	USD
1091	261	connect	0.88	2021-06-26 21:41:33.086326	USD
1095	192	connect	0.88	2021-06-26 21:41:33.133097	USD
1096	56	connect	0.88	2021-06-26 21:41:33.143083	USD
1100	55	connect	0.88	2021-06-26 21:41:33.183314	USD
1101	213	connect	0.88	2021-06-26 21:41:33.193297	USD
1105	192	connect	0.88	2021-06-26 21:41:33.233416	USD
1108	583	connect	0.88	2021-06-26 21:41:33.263515	USD
1109	95	connect	0.88	2021-06-26 21:41:33.273551	USD
1110	72	connect	0.88	2021-06-26 21:41:33.283597	USD
1111	263	connect	0.88	2021-06-26 21:41:33.293654	USD
1112	183	connect	0.88	2021-06-26 21:41:33.303654	USD
1113	150	connect	0.88	2021-06-26 21:41:33.313696	USD
1114	152	connect	0.88	2021-06-26 21:41:33.323728	USD
1118	596	connect	0.88	2021-06-26 21:41:33.36386	USD
1119	598	connect	0.88	2021-06-26 21:41:33.373901	USD
1120	67	connect	0.88	2021-06-26 21:41:33.383978	USD
1121	266	connect	0.88	2021-06-26 21:41:33.394019	USD
1125	596	connect	0.88	2021-06-26 21:41:33.437562	USD
1126	598	connect	0.88	2021-06-26 21:41:33.447616	USD
1127	792	connect	0.88	2021-06-26 21:41:33.457665	USD
1131	596	connect	0.88	2021-06-26 21:41:33.497799	USD
1132	598	connect	0.88	2021-06-26 21:41:33.507834	USD
1135	583	connect	0.88	2021-06-26 21:41:33.654963	USD
1136	95	connect	0.88	2021-06-26 21:41:33.678486	USD
1137	243	connect	0.88	2021-06-26 21:41:33.688402	USD
1141	596	connect	0.88	2021-06-26 21:41:33.728625	USD
1142	598	connect	0.88	2021-06-26 21:41:33.738649	USD
1143	67	connect	0.88	2021-06-26 21:41:33.748624	USD
1144	71	connect	0.88	2021-06-26 21:41:33.758689	USD
1145	242	connect	0.88	2021-06-26 21:41:33.768688	USD
1146	154	connect	0.88	2021-06-26 21:41:33.77876	USD
1149	583	connect	0.88	2021-06-26 21:41:33.808906	USD
1150	95	connect	0.88	2021-06-26 21:41:33.818924	USD
1151	243	connect	0.88	2021-06-26 21:41:33.82897	USD
1152	23	connect	0.88	2021-06-26 21:41:33.839013	USD
1153	163	connect	0.88	2021-06-26 21:41:33.849012	USD
1156	583	connect	0.88	2021-06-26 21:41:33.879113	USD
1157	95	connect	0.88	2021-06-26 21:41:33.889174	USD
1158	243	connect	0.88	2021-06-26 21:41:33.899223	USD
1159	23	connect	0.88	2021-06-26 21:41:33.90924	USD
1166	55	connect	0.88	2021-06-26 21:41:33.979429	USD
1167	76	connect	0.88	2021-06-26 21:41:33.989465	USD
1168	27	connect	0.88	2021-06-26 21:41:33.999506	USD
1169	315	connect	0.88	2021-06-26 21:41:34.009518	USD
1172	583	connect	0.88	2021-06-26 21:41:34.180195	USD
1173	95	connect	0.88	2021-06-26 21:41:34.247121	USD
1174	72	connect	0.88	2021-06-26 21:41:34.257078	USD
1175	611	connect	0.88	2021-06-26 21:41:34.267071	USD
1176	499	connect	0.88	2021-06-26 21:41:34.277105	USD
1180	596	connect	0.88	2021-06-26 21:41:34.320633	USD
1181	598	connect	0.88	2021-06-26 21:41:34.330694	USD
1182	67	connect	0.88	2021-06-26 21:41:34.340726	USD
1183	266	connect	0.88	2021-06-26 21:41:34.35076	USD
1184	92	connect	0.88	2021-06-26 21:41:34.360776	USD
1185	664	connect	0.88	2021-06-26 21:41:34.370863	USD
1189	596	connect	0.88	2021-06-26 21:41:34.571533	USD
1190	598	connect	0.88	2021-06-26 21:41:34.581537	USD
1191	788	connect	0.88	2021-06-26 21:41:34.591617	USD
1192	742	connect	0.88	2021-06-26 21:41:34.601607	USD
1193	599	connect	0.88	2021-06-26 21:41:34.611581	USD
1197	596	connect	0.88	2021-06-26 21:41:34.808932	USD
1198	598	connect	0.88	2021-06-26 21:41:34.818919	USD
1199	706	connect	0.88	2021-06-26 21:41:34.829	USD
1203	161	connect	0.88	2021-06-26 21:41:34.872565	USD
1206	583	connect	0.88	2021-06-26 21:41:34.902664	USD
1207	95	connect	0.88	2021-06-26 21:41:34.912735	USD
1208	72	connect	0.88	2021-06-26 21:41:34.922731	USD
1209	611	connect	0.88	2021-06-26 21:41:34.932751	USD
1210	499	connect	0.88	2021-06-26 21:41:34.94282	USD
1213	583	connect	0.88	2021-06-26 21:41:34.972961	USD
1214	95	connect	0.88	2021-06-26 21:41:34.982932	USD
1217	583	connect	0.88	2021-06-26 21:41:35.013391	USD
1218	95	connect	0.88	2021-06-26 21:41:35.023115	USD
1219	72	connect	0.88	2021-06-26 21:41:35.033139	USD
1220	611	connect	0.88	2021-06-26 21:41:35.043162	USD
1221	499	connect	0.88	2021-06-26 21:41:35.053155	USD
1225	192	connect	0.88	2021-06-26 21:41:35.093338	USD
1226	56	connect	0.88	2021-06-26 21:41:35.10329	USD
1229	583	connect	0.88	2021-06-26 21:41:35.133396	USD
1230	95	connect	0.88	2021-06-26 21:41:35.143449	USD
1231	243	connect	0.88	2021-06-26 21:41:35.153527	USD
1232	145	connect	0.88	2021-06-26 21:41:35.163569	USD
1239	596	connect	0.88	2021-06-26 21:41:35.233863	USD
1240	598	connect	0.88	2021-06-26 21:41:35.243894	USD
1241	67	connect	0.88	2021-06-26 21:41:35.253876	USD
1242	89	connect	0.88	2021-06-26 21:41:35.380944	USD
1246	161	connect	0.88	2021-06-26 21:41:35.434559	USD
1250	596	connect	0.88	2021-06-26 21:41:35.474646	USD
1251	598	connect	0.88	2021-06-26 21:41:35.48467	USD
1252	67	connect	0.88	2021-06-26 21:41:35.49473	USD
1253	71	connect	0.88	2021-06-26 21:41:35.504777	USD
1254	219	connect	0.88	2021-06-26 21:41:35.514761	USD
1258	55	connect	0.88	2021-06-26 21:41:35.554913	USD
1259	65	connect	0.88	2021-06-26 21:41:35.564954	USD
1262	583	connect	0.88	2021-06-26 21:41:35.595049	USD
1263	726	connect	0.88	2021-06-26 21:41:35.605149	USD
1266	583	connect	0.88	2021-06-26 21:41:35.635221	USD
1267	95	connect	0.88	2021-06-26 21:41:35.645254	USD
1268	72	connect	0.88	2021-06-26 21:41:35.655307	USD
1269	263	connect	0.88	2021-06-26 21:41:35.665325	USD
1270	183	connect	0.88	2021-06-26 21:41:35.675364	USD
1271	150	connect	0.88	2021-06-26 21:41:35.685425	USD
1275	55	connect	0.88	2021-06-26 21:41:35.725528	USD
1276	213	connect	0.88	2021-06-26 21:41:35.735567	USD
1277	248	connect	0.88	2021-06-26 21:41:35.745593	USD
1281	55	connect	0.88	2021-06-26 21:41:35.785746	USD
1282	76	connect	0.88	2021-06-26 21:41:35.79575	USD
1283	27	connect	0.88	2021-06-26 21:41:35.805745	USD
1284	261	connect	0.88	2021-06-26 21:41:35.815835	USD
1285	216	connect	0.88	2021-06-26 21:41:35.825857	USD
1286	97	connect	0.88	2021-06-26 21:41:35.835912	USD
1290	192	connect	0.88	2021-06-26 21:41:35.876072	USD
1291	196	connect	0.88	2021-06-26 21:41:35.886083	USD
1292	49	connect	0.88	2021-06-26 21:41:35.896141	USD
1295	583	connect	0.88	2021-06-26 21:41:35.926273	USD
1299	192	connect	0.88	2021-06-26 21:41:35.966443	USD
1300	196	connect	0.88	2021-06-26 21:41:35.976465	USD
1301	49	connect	0.88	2021-06-26 21:41:35.986518	USD
1305	596	connect	0.88	2021-06-26 21:41:36.026626	USD
1306	598	connect	0.88	2021-06-26 21:41:36.036636	USD
1307	67	connect	0.88	2021-06-26 21:41:36.04666	USD
1308	78	connect	0.88	2021-06-26 21:41:36.056696	USD
1312	55	connect	0.88	2021-06-26 21:41:36.096829	USD
1313	213	connect	0.88	2021-06-26 21:41:36.106895	USD
1314	131	connect	0.88	2021-06-26 21:41:36.116899	USD
1318	596	connect	0.88	2021-06-26 21:41:36.287497	USD
1319	598	connect	0.88	2021-06-26 21:41:36.297503	USD
1320	793	connect	0.88	2021-06-26 21:41:36.307525	USD
1323	583	connect	0.88	2021-06-26 21:41:36.337655	USD
1324	95	connect	0.88	2021-06-26 21:41:36.3477	USD
1325	72	connect	0.88	2021-06-26 21:41:36.357682	USD
1328	583	connect	0.88	2021-06-26 21:41:36.387908	USD
1329	95	connect	0.88	2021-06-26 21:41:36.397878	USD
1330	204	connect	0.88	2021-06-26 21:41:36.407933	USD
1334	161	connect	0.88	2021-06-26 21:41:36.448077	USD
1338	596	connect	0.88	2021-06-26 21:41:36.488197	USD
1339	598	connect	0.88	2021-06-26 21:41:36.498287	USD
1340	67	connect	0.88	2021-06-26 21:41:36.508251	USD
1341	71	connect	0.88	2021-06-26 21:41:36.518294	USD
1342	166	connect	0.88	2021-06-26 21:41:36.528324	USD
1346	596	connect	0.88	2021-06-26 21:41:36.568496	USD
1347	598	connect	0.88	2021-06-26 21:41:36.578545	USD
1348	67	connect	0.88	2021-06-26 21:41:36.588584	USD
1349	89	connect	0.88	2021-06-26 21:41:36.598617	USD
1352	583	connect	0.88	2021-06-26 21:41:36.635495	USD
1353	95	connect	0.88	2021-06-26 21:41:36.645314	USD
1354	243	connect	0.88	2021-06-26 21:41:36.655361	USD
1355	121	connect	0.88	2021-06-26 21:41:36.665371	USD
1356	188	connect	0.88	2021-06-26 21:41:36.675417	USD
1360	192	connect	0.88	2021-06-26 21:41:36.715582	USD
1361	196	connect	0.88	2021-06-26 21:41:36.725599	USD
1362	12	connect	0.88	2021-06-26 21:41:36.735666	USD
1365	583	connect	0.88	2021-06-26 21:41:36.765785	USD
1366	95	connect	0.88	2021-06-26 21:41:36.775786	USD
1367	72	connect	0.88	2021-06-26 21:41:36.786233	USD
1368	38	connect	0.88	2021-06-26 21:41:36.795877	USD
1372	55	connect	0.88	2021-06-26 21:41:36.839399	USD
1373	213	connect	0.88	2021-06-26 21:41:36.849468	USD
1376	583	connect	0.88	2021-06-26 21:41:36.879578	USD
1377	95	connect	0.88	2021-06-26 21:41:36.889599	USD
1378	72	connect	0.88	2021-06-26 21:41:36.899613	USD
1379	263	connect	0.88	2021-06-26 21:41:36.909705	USD
1380	11	connect	0.88	2021-06-26 21:41:36.919701	USD
1381	10	connect	0.88	2021-06-26 21:41:36.952053	USD
1385	192	connect	0.88	2021-06-26 21:41:37.277524	USD
1386	196	connect	0.88	2021-06-26 21:41:37.287559	USD
1387	225	connect	0.88	2021-06-26 21:41:37.297677	USD
1388	291	connect	0.88	2021-06-26 21:41:37.307603	USD
1392	55	connect	0.88	2021-06-26 21:41:37.347766	USD
1393	76	connect	0.88	2021-06-26 21:41:37.357857	USD
1397	109	connect	0.88	2021-06-26 21:41:37.401455	USD
1404	596	connect	0.88	2021-06-26 21:41:37.471675	USD
1405	598	connect	0.88	2021-06-26 21:41:37.481721	USD
1406	67	connect	0.88	2021-06-26 21:41:37.491781	USD
1407	71	connect	0.88	2021-06-26 21:41:37.501805	USD
1410	583	connect	0.88	2021-06-26 21:41:37.531922	USD
1411	95	connect	0.88	2021-06-26 21:41:37.541913	USD
1412	72	connect	0.88	2021-06-26 21:41:37.551936	USD
1416	161	connect	0.88	2021-06-26 21:41:37.592095	USD
1417	70	connect	0.88	2021-06-26 21:41:37.602127	USD
1423	583	connect	0.88	2021-06-26 21:41:37.662347	USD
1424	726	connect	0.88	2021-06-26 21:41:37.672363	USD
1428	55	connect	0.88	2021-06-26 21:41:37.712525	USD
1429	76	connect	0.88	2021-06-26 21:41:37.722608	USD
1430	27	connect	0.88	2021-06-26 21:41:37.732619	USD
1431	261	connect	0.88	2021-06-26 21:41:37.742631	USD
1432	216	connect	0.88	2021-06-26 21:41:37.752668	USD
1435	583	connect	0.88	2021-06-26 21:41:37.782776	USD
1439	55	connect	0.88	2021-06-26 21:41:37.822975	USD
1440	213	connect	0.88	2021-06-26 21:41:37.83295	USD
1441	91	connect	0.88	2021-06-26 21:41:37.842946	USD
1445	55	connect	0.88	2021-06-26 21:41:38.043623	USD
1446	76	connect	0.88	2021-06-26 21:41:38.053654	USD
1447	27	connect	0.88	2021-06-26 21:41:38.063706	USD
1451	596	connect	0.88	2021-06-26 21:41:38.103857	USD
1452	598	connect	0.88	2021-06-26 21:41:38.11394	USD
1453	67	connect	0.88	2021-06-26 21:41:38.123972	USD
1454	71	connect	0.88	2021-06-26 21:41:38.133964	USD
1457	583	connect	0.88	2021-06-26 21:41:38.164107	USD
1458	95	connect	0.88	2021-06-26 21:41:38.174141	USD
1459	72	connect	0.88	2021-06-26 21:41:38.184178	USD
1460	263	connect	0.88	2021-06-26 21:41:38.194214	USD
1463	583	connect	0.88	2021-06-26 21:41:38.224273	USD
1464	95	connect	0.88	2021-06-26 21:41:38.234336	USD
1465	72	connect	0.88	2021-06-26 21:41:38.24441	USD
1466	263	connect	0.88	2021-06-26 21:41:38.254448	USD
1467	11	connect	0.88	2021-06-26 21:41:38.264453	USD
1470	583	connect	0.88	2021-06-26 21:41:38.294617	USD
1471	95	connect	0.88	2021-06-26 21:41:38.304584	USD
1472	204	connect	0.88	2021-06-26 21:41:38.314622	USD
1473	197	connect	0.88	2021-06-26 21:41:38.324629	USD
1477	192	connect	0.88	2021-06-26 21:41:38.364768	USD
1478	196	connect	0.88	2021-06-26 21:41:38.37478	USD
1482	161	connect	0.88	2021-06-26 21:41:38.415001	USD
1486	192	connect	0.88	2021-06-26 21:41:38.45514	USD
1487	196	connect	0.88	2021-06-26 21:41:38.465177	USD
1488	225	connect	0.88	2021-06-26 21:41:38.475209	USD
1492	55	connect	0.88	2021-06-26 21:41:38.515456	USD
1493	213	connect	0.88	2021-06-26 21:41:38.525356	USD
1494	131	connect	0.88	2021-06-26 21:41:38.53537	USD
1495	4	connect	0.88	2021-06-26 21:41:38.545405	USD
1499	55	connect	0.88	2021-06-26 21:41:38.585533	USD
1500	213	connect	0.88	2021-06-26 21:41:38.595595	USD
1501	131	connect	0.88	2021-06-26 21:41:38.605617	USD
1508	55	connect	0.88	2021-06-26 21:41:38.67589	USD
1509	83	connect	0.88	2021-06-26 21:41:38.685875	USD
1510	218	connect	0.88	2021-06-26 21:41:38.69594	USD
1511	292	connect	0.88	2021-06-26 21:41:38.705937	USD
1515	55	connect	0.88	2021-06-26 21:41:38.876631	USD
1516	83	connect	0.88	2021-06-26 21:41:38.886679	USD
1517	218	connect	0.88	2021-06-26 21:41:38.89671	USD
1520	583	connect	0.88	2021-06-26 21:41:38.926818	USD
1521	95	connect	0.88	2021-06-26 21:41:38.93681	USD
1522	204	connect	0.88	2021-06-26 21:41:38.946868	USD
1523	86	connect	0.88	2021-06-26 21:41:38.956922	USD
1526	583	connect	0.88	2021-06-26 21:41:38.986986	USD
1527	95	connect	0.88	2021-06-26 21:41:38.997132	USD
1528	72	connect	0.88	2021-06-26 21:41:39.007071	USD
1535	596	connect	0.88	2021-06-26 21:41:39.077341	USD
1536	598	connect	0.88	2021-06-26 21:41:39.087369	USD
1537	793	connect	0.88	2021-06-26 21:41:39.097378	USD
1541	596	connect	0.88	2021-06-26 21:41:39.137528	USD
1542	598	connect	0.88	2021-06-26 21:41:39.147528	USD
1546	596	connect	0.88	2021-06-26 21:41:39.187755	USD
1549	583	connect	0.88	2021-06-26 21:41:39.217833	USD
1550	215	connect	0.88	2021-06-26 21:41:39.227849	USD
1554	596	connect	0.88	2021-06-26 21:41:39.267979	USD
1555	598	connect	0.88	2021-06-26 21:41:39.278028	USD
1556	67	connect	0.88	2021-06-26 21:41:39.288037	USD
1560	602	connect	0.88	2021-06-26 21:41:39.328209	USD
1564	192	connect	0.88	2021-06-26 21:41:39.368344	USD
1565	196	connect	0.88	2021-06-26 21:41:39.378422	USD
1569	602	connect	0.88	2021-06-26 21:41:39.418477	USD
1572	583	connect	0.88	2021-06-26 21:41:39.448572	USD
1573	95	connect	0.88	2021-06-26 21:41:39.458606	USD
1574	243	connect	0.88	2021-06-26 21:41:39.468727	USD
1577	583	connect	0.88	2021-06-26 21:41:39.498804	USD
1578	215	connect	0.88	2021-06-26 21:41:39.508853	USD
1582	596	connect	0.88	2021-06-26 21:41:39.549015	USD
1583	598	connect	0.88	2021-06-26 21:41:39.559	USD
1584	67	connect	0.88	2021-06-26 21:41:39.569034	USD
1795	180	connect	0.88	2021-06-29 23:01:01.416196	USD
1796	661	connect	0.88	2021-06-29 23:01:01.433527	USD
1797	583	connect	0.88	2021-06-29 23:01:01.450157	USD
1798	180	connect	0.88	2021-06-30 08:56:29.360933	USD
1799	180	connect	0.88	2021-06-30 08:58:19.077214	USD
1800	180	connect	0.88	2021-07-01 06:24:35.603513	USD
1801	661	connect	0.88	2021-07-01 06:24:35.622067	USD
1802	595	connect	0.88	2021-07-01 06:24:35.640038	USD
1803	596	connect	0.88	2021-07-01 06:24:35.658204	USD
1804	598	connect	0.88	2021-07-01 06:24:35.676705	USD
1805	788	connect	0.88	2021-07-01 06:24:35.695061	USD
1806	742	connect	0.88	2021-07-01 06:24:35.714132	USD
1807	180	connect	0.88	2021-07-01 15:59:35.850323	USD
1808	661	connect	0.88	2021-07-01 15:59:35.869668	USD
1809	595	connect	0.88	2021-07-01 15:59:35.887808	USD
1810	596	connect	0.88	2021-07-01 15:59:35.905652	USD
1811	598	connect	0.88	2021-07-01 15:59:35.92401	USD
1812	792	connect	0.88	2021-07-01 15:59:35.942261	USD
1813	180	connect	0.88	2021-07-01 19:33:50.047231	USD
1814	661	connect	0.88	2021-07-01 19:33:50.068464	USD
1815	583	connect	0.88	2021-07-01 19:33:50.086669	USD
1816	180	connect	0.88	2021-07-01 19:35:16.384794	USD
1817	661	connect	0.88	2021-07-01 19:35:16.403174	USD
1818	583	connect	0.88	2021-07-01 19:35:16.421887	USD
1819	180	connect	0.88	2021-07-01 19:36:25.501937	USD
1820	661	connect	0.88	2021-07-01 19:36:25.52068	USD
1821	583	connect	0.88	2021-07-01 19:36:25.538805	USD
1822	180	connect	0.88	2021-07-01 19:41:08.575973	USD
1823	180	connect	0.88	2021-07-01 19:43:21.472987	USD
1824	661	connect	0.88	2021-07-01 19:43:21.493329	USD
1825	583	connect	0.88	2021-07-01 19:43:21.518476	USD
1826	180	connect	0.88	2021-07-01 19:44:07.499478	USD
1827	661	connect	0.88	2021-07-01 19:44:07.521702	USD
1828	583	connect	0.88	2021-07-01 19:44:07.539857	USD
\.


--
-- Data for Name: quasar_telegrambot_news; Type: TABLE DATA; Schema: public; Owner: apps
--

COPY public.quasar_telegrambot_news (id, text, img_id) FROM stdin;
11	Год назад команда из 12 человек, соучередила сетевую компанию EasyStars. Продуктами компании были программы для организации трафика из соц сетей и подкрепили их универсальным маркетингом. За это год, нам удалось многого добиться! \n\nПроизведён ребрендинг и капитализация компании, выпущены свои токены (topcoin & lidcoin), внедрен доп. маркетинг, разработаны 4 революционных сервиса и более 12 программных продуктов! \n\nИ теперь Quasar Tehnology, это разработчик высокотехнологичных продуктов в it сфере \n\nРеволюционные  решения программных инженеров\nQuasar Tehnology, вывели продукты компании на лидирующие позиции мирового рынка. И сделали компанию лучшей в вопросах автоматизации и оптимизации любых бизнес процессов.\n\nФундаментальные принципы социальной инженерии, заложенные в основу продуктов компании, сделали их доступными, эффективными и простыми в использовании. Освободили пользователя от  финансовых трат на дополнительные сервисы и расходные материалы. Для многих компания стала второй семьей!  \n\nКоллеги, пройден длинный и интересный путь, но все только начинается! Сейчас мы  официально выходим на арену международного рынка. Данное событие знаменательно не только для администрации компании, но и для нескольких тысяч партнеров из 45 стран мира! \n\nВ честь этого мы объявляем SALE MARAFON и тем кто не успел упаковаться инструментами для обеспечения личного успеха, даём возможность сделать это. Друзья, настало время показать планете чего мы стоим!!! \n\nС уважением, президент компании Quasar Tehnology, Макс Беличенко	\N
12	Time to step..  Ровно год, как мы на шаг опережаем время!	AgACAgIAAxkBAAItGGBnMl92BGwHp5FnD8SmzLz5xhVVAAJIszEbUXs5S_8BDhWJMfyIM22Soi4AAwEAAwIAA20AAzyqAAIeBA
13	Весь мир называет это фантастикой, но не мы!!! \n\nВстречайте жемчужину программной коллекции Quasar Tehnology\n\nРеволюционный сервис управления всеми гаджетами и личными данными \n\nВ основе сервиса лежат технологии без серверной обработки данных и защиты с помощью криптошифрования! \n\nЦена: без акции 1380₽. Цена по акции 700₽\n\nАкция действует до 08.04.2021\n\nДля приобретения, пишите в ЛС @chalovavika с комментарием «Q Cloud +»	AgACAgIAAxkBAAItJmBnM9z8LyonL2-vbEvLw3wV0xX2AAKYsTEbfc04S_9EJbUp09YuDRzKly4AAwEAAwIAA20AAzeOBwABHgQ
\.


--
-- Data for Name: quasar_telegrambot_posts; Type: TABLE DATA; Schema: public; Owner: apps
--

COPY public.quasar_telegrambot_posts (text, base64_image, created_datetime, post_datetime, id) FROM stdin;
\.


--
-- Data for Name: quasar_telegrambot_posts_dev; Type: TABLE DATA; Schema: public; Owner: apps
--

COPY public.quasar_telegrambot_posts_dev (text, base64_image, created_datetime, post_datetime, id) FROM stdin;
\.


--
-- Data for Name: quasar_telegrambot_users_new; Type: TABLE DATA; Schema: public; Owner: apps
--

COPY public.quasar_telegrambot_users_new (username, is_admin, chat_id, datetime, id, ref_id, last_pay, sign, checked, gift_recived, code) FROM stdin;
nadejdaste	\N	274549568	2021-06-25 11:31:49.652262+00	806	\N	\N	\N	t	t	\N
dor_do11	\N	1023590157	2021-06-22 05:17:33.529704+00	744	\N	\N	\N	t	f	\N
Svet_Lana5500	\N	943283826	2021-06-20 18:20:39.215974+00	731	\N	\N	\N	\N	f	\N
MILAML	\N	1117917695	2021-06-20 18:04:28.422815+00	730	\N	\N	\N	t	t	\N
MargisZ	\N	1023629250	2021-06-20 18:41:36.713938+00	733	\N	\N	\N	t	t	\N
valj54	\N	699175101	2021-06-27 03:49:07.211889+00	821	\N	\N	\N	\N	f	\N
svetbusova	\N	261250761	2021-06-27 04:32:17.251038+00	822	\N	\N	\N	\N	f	\N
Aleksander_mlmx	\N	403624433	2021-06-20 18:38:12.482214+00	732	\N	\N	\N	t	t	\N
filipenko_l	\N	418498428	2021-06-20 20:16:54.194481+00	734	\N	\N	\N	\N	f	\N
partnertana	\N	1045923829	2021-06-26 18:36:45.401857+00	820	\N	\N	\N	t	t	\N
Darinka010813	\N	622323260	2021-06-22 05:23:41.050245+00	745	\N	\N	105323DD0F770C1584AE3D5F71E53499E58F3E35DBBF9A72EC938E6DFD950093	t	f	\N
a82_r	\N	524139353	2021-06-20 20:41:57.7006+00	735	\N	\N	\N	t	t	\N
alexkoh2021	\N	1274357950	2021-06-23 12:29:24.788757+00	769	\N	\N	\N	t	t	\N
ze_nata	\N	904721262	2021-06-23 13:43:19.913823+00	770	\N	\N	\N	\N	f	\N
botduit	\N	752242694	2021-06-23 14:27:10.776152+00	771	\N	\N	\N	\N	f	\N
Kozlov_Vanya	\N	355608791	2021-06-23 14:33:42.559032+00	772	\N	\N	\N	\N	f	\N
ValentinaFiljanova	\N	749358861	2021-06-23 14:54:38.886688+00	773	\N	\N	\N	\N	f	\N
AidaRybina	f	349257794	2021-03-21 09:27:14+00	120	209	2021-06-26 21:41:14.982546+00	\N	t	f	\N
elenazakordonec	\N	354262250	2021-06-23 15:01:31.068162+00	774	\N	\N	\N	t	f	\N
gvchernyshova	f	963124803	2021-03-21 09:27:14+00	125	209	2021-06-26 21:41:14.982546+00	\N	t	f	\N
Lidinik	f	398670183	2021-03-22 11:35:53+00	88	248	2021-06-26 21:41:14.982546+00	\N	t	f	\N
dmitrievasm	\N	570641342	2021-06-12 22:40:12.527048+00	667	664	2021-06-26 21:41:14.982546+00	\N	t	f	\N
marinaelesina2020	f	1084044888	2021-03-21 09:27:36+00	140	201	2021-06-26 21:41:14.982546+00	\N	t	f	\N
ElenaUdalih	f	331465221	2021-03-21 09:25:32+00	155	61	2021-06-26 21:41:14.982546+00	\N	t	f	\N
KriptoBossMS	\N	1236276838	2021-06-23 15:13:09.398165+00	775	\N	\N	68F5C9387752D21A0DDF4C5620ECA7EDEE43DD3A3BDAEBE83873F78A45CFCD27	t	t	\N
cegelskii	\N	190700160	2021-06-23 15:24:42.89916+00	776	\N	\N	\N	t	f	\N
Denis_kopkin	\N	1117087732	2021-06-22 07:22:18.242161+00	746	712	2021-06-26 21:41:14.982546+00	\N	t	f	\N
yancyk5	\N	792898780	2021-06-23 20:48:09.916107+00	787	742	2021-06-26 21:41:14.982546+00	\N	t	f	\N
Yana051	\N	886244203	2021-06-27 05:13:50.509876+00	823	\N	\N	\N	t	t	\N
artokbtc	\N	265830735	2021-06-23 15:34:10.306728+00	777	\N	\N	D53EA6A26E3521026ADF4C77A747F1E8E99644514534938BE6962542ABED0DFB	t	f	\N
Tatyanacom	\N	371492445	2021-06-24 05:33:03.522051+00	789	\N	\N	\N	\N	f	\N
Naylya79	\N	450632521	2021-06-24 06:15:18.42221+00	790	\N	\N	\N	\N	f	\N
ekumena	\N	770340255	2021-06-27 07:05:05.456804+00	824	\N	\N	\N	t	t	\N
tanyaves	\N	975216226	2021-06-27 11:36:15.115168+00	825	\N	\N	\N	\N	f	\N
reklaman_rf	\N	1100925225	2021-06-28 14:17:01.160158+00	833	\N	\N	\N	\N	f	\N
G777Astana	\N	467765496	2021-06-28 14:37:02.141175+00	834	\N	\N	\N	t	t	\N
Lidodel	\N	1325170389	\N	654	\N	\N	\N	\N	f	\N
zontova	f	809860215	2021-03-21 10:14:46+00	210	263	\N	\N	t	f	\N
alex_beriya	\N	1692217789	2021-06-27 16:15:51.441273+00	827	\N	\N	\N	\N	f	\N
Nataha65	f	1103913818	2021-03-21 10:18:01+00	24	38	2021-06-26 21:41:14.982546+00	\N	t	f	\N
Hew_Hefner	\N	819686669	2021-06-27 18:26:03.505175+00	828	\N	\N	\N	\N	f	\N
AndreyMikhtyan	f	1053088313	2021-03-21 10:37:43+00	22	274	2021-06-26 21:41:14.982546+00	790D5C79A7E1D0651A6B5B39E86607E3ABEF52DFA01535CD40F5F3B9E73F96C3	t	f	\N
bizsmart1	\N	466174446	2021-06-22 11:14:23.31396+00	747	\N	\N	\N	\N	f	\N
bogsergey	\N	455190502	2021-06-23 16:33:30.049201+00	781	42	2021-06-28 01:28:20.374866+00	\N	t	f	\N
E22l01ena66	\N	366490747	2021-06-25 12:39:46.419631+00	807	\N	\N	\N	\N	f	\N
kubasovalena	\N	1074371263	2021-06-04 00:00:00+00	444	\N	2021-06-26 21:41:14.982546+00	\N	t	f	\N
Lollipopholla	\N	1155196144	2021-06-21 03:55:28.94413+00	736	\N	\N	\N	t	t	\N
Uspeshnaya8888	f	737997614	2021-03-21 09:55:45+00	145	243	2021-06-26 21:41:14.982546+00	89B90A0B04F87F95DE83A88958ED9BE426D677C4E40B129AC4EF6ACD6E14971D	t	f	\N
vlgyvl	\N	1374404046	2021-06-23 18:05:22.639156+00	784	\N	\N	48C35C2B282D8235F7BFB467D966D39C782759C7D701634313897ECE2DFF4A6B	t	t	\N
alekskipr	\N	326698840	2021-06-23 15:51:23.126802+00	778	\N	\N	\N	t	t	\N
Svetlana_Kushmar	\N	715322660	2021-06-24 07:31:27.252783+00	791	719	2021-06-26 21:41:14.982546+00	\N	t	t	\N
makshanceva_irina	f	294358184	2021-03-21 09:25:06+00	61	270	2021-06-26 21:41:14.982546+00	B37403134532FC9DB8FF11C55605E6613A54BE477744FB98306F50E0F0CFC7D5	t	f	\N
natalya7345	\N	687925093	2021-06-21 07:33:55.349631+00	738	\N	\N	\N	t	t	\N
eryzhova	\N	379957828	2021-06-21 08:43:24.063025+00	739	\N	\N	\N	\N	f	\N
Viktoria_2019bers	f	504612931	2021-03-21 09:14:50+00	56	192	2021-06-26 21:41:14.982546+00	\N	t	f	\N
Lyuba52NT	f	1115018271	2021-03-21 10:44:24+00	271	71	2021-06-26 21:41:14.982546+00	\N	t	f	\N
Tat0707	\N	1895088091	2021-06-23 16:23:31.591119+00	780	\N	\N	\N	\N	f	\N
dubok58	\N	1113213818	2021-06-15 16:59:10.180566+00	687	664	2021-06-26 21:41:14.982546+00	\N	t	f	\N
MARIHA64	f	328096927	2021-03-21 09:24:21+00	92	266	2021-06-26 21:41:14.982546+00	\N	t	f	\N
ZlKlot	f	129499639	2021-03-25 15:11:53+00	143	81	2021-06-26 21:41:14.982546+00	\N	t	f	\N
Evgesha20111984	f	\N	2021-03-21 10:15:00+00	149	210	2021-06-26 21:41:14.982546+00	\N	t	f	\N
UlyLevkovich	f	1369811837	2021-03-21 10:55:40+00	177	226	2021-06-26 21:41:14.982546+00	\N	t	f	\N
vadila100	\N	292477109	2021-06-23 19:07:09.907987+00	786	620	2021-06-26 21:41:14.982546+00	\N	t	t	\N
tat809	\N	941685188	2021-06-23 16:20:03.516367+00	779	\N	\N	619E1BF519BA477B70E324672EB97E088138C2EE3A22391E08212764C86ED8AE	t	t	\N
tomusik55	\N	1051474515	2021-06-23 16:47:46.980149+00	782	\N	\N	\N	\N	f	\N
Svetlana_Andr	\N	510190096	2021-06-23 16:48:43.57565+00	783	\N	\N	\N	\N	f	\N
Freidako	\N	828956887	2021-06-23 20:54:09.027797+00	788	598	2021-06-26 21:41:14.982546+00	DDCB3D4895BB8F7BB9D76FC5B14F107668401408EC2E580425A55C3C6586ACAF	t	t	\N
Dubrochka	\N	953659513	2021-06-24 10:49:00.598976+00	793	598	2021-06-26 21:41:14.982546+00	\N	t	f	\N
Nadezhda_bs	f	961835558	2021-03-21 10:14:13+00	118	25	2021-06-26 21:41:14.982546+00	\N	t	f	\N
ElenaAfanasieva18	f	817161773	2021-03-21 10:16:20+00	240	203	2021-06-26 21:41:14.982546+00	\N	t	f	\N
KshM88	f	1107013420	2021-03-21 10:02:53+00	110	145	2021-06-26 21:41:14.982546+00	\N	t	f	\N
Alesyav28	f	1246660361	2021-03-21 09:55:45+00	121	243	2021-06-26 21:41:14.982546+00	\N	t	f	\N
yulyakirkach	f	\N	2021-03-21 10:01:05+00	147	23	2021-06-26 21:41:14.982546+00	\N	t	f	\N
Z2121	f	678950075	2021-03-21 16:52:42+00	130	274	2021-06-26 21:41:14.982546+00	\N	t	f	\N
dementeva_lubov	f	726274779	2021-03-21 09:17:36+00	204	95	2021-06-26 21:41:14.982546+00	\N	t	f	\N
angeli_ss	f	1066051823	2021-03-28 17:37:23+00	29	163	2021-06-26 21:41:14.982546+00	\N	t	f	\N
evana3009	f	1417648637	2021-03-28 17:39:16+00	244	207	2021-06-26 21:41:14.982546+00	\N	t	f	\N
AlexandrZhaaa	\N	1559150564	2021-06-04 00:00:00+00	284	86	2021-06-26 21:41:14.982546+00	\N	t	f	\N
paklinovalex	\N	715717648	2021-06-28 07:58:25.946785+00	832	\N	\N	\N	t	t	\N
Iyliaa_khoma	\N	1064939314	2021-06-04 00:00:00+00	321	276	2021-06-26 21:41:14.982546+00	\N	t	f	\N
luna140785	f	1679283594	2021-03-21 18:58:02+00	50	131	2021-06-26 21:41:14.982546+00	\N	t	f	\N
Fonzago	f	\N	2021-03-22 11:35:53+00	142	65	2021-06-26 21:41:14.982546+00	\N	t	f	\N
donat774	\N	1780902748	2021-06-24 11:40:52.446073+00	794	\N	\N	AAEE38C4B8EB33B4D31968A59E36558946C7D8E34492F99B61103416E033EEAE	t	t	\N
estamp7	f	243867291	2021-03-21 10:20:55+00	239	275	2021-06-26 21:41:14.982546+00	\N	t	f	\N
SergeiSapphire777	f	670232726	2021-03-21 11:37:24+00	117	38	2021-06-26 21:41:14.982546+00	\N	t	f	\N
EvgenAltay	f	899065924	2021-03-21 10:37:43+00	101	274	2021-06-26 21:41:14.982546+00	\N	t	f	\N
Andrei7887	f	1521085851	2021-03-21 10:35:16+00	58	166	2021-06-26 21:41:14.982546+00	\N	t	f	\N
igorklim8385	f	990062153	2021-03-21 10:35:04+00	52	166	2021-06-26 21:41:14.982546+00	\N	t	f	\N
irinatarasenko138	f	1049826639	2021-03-21 10:37:43+00	277	274	2021-06-26 21:41:14.982546+00	\N	t	f	\N
tonia_mytriuk	\N	1386637662	2021-06-14 15:30:56.059069+00	671	611	2021-06-26 21:41:14.982546+00	\N	t	t	\N
top444444	\N	\N	2021-06-04 00:00:00+00	588	661	2021-06-26 21:41:14.982546+00	\N	\N	f	\N
bolotovac	f	802794716	2021-03-31 16:23:14+00	273	611	2021-06-26 21:41:14.982546+00	\N	t	f	\N
a_nativ8	f	680454407	2021-03-30 08:54:24+00	221	239	\N	\N	t	f	\N
vsemdobra8	f	302546709	2021-03-21 09:19:02+00	76	55	2021-06-26 21:41:14.982546+00	\N	t	f	\N
marinaturbina	f	1165337460	2021-04-03 07:24:20+00	11	263	2021-06-26 21:41:14.982546+00	\N	t	f	\N
ledygaga888	\N	111495345	2021-06-28 03:51:40.186216+00	829	\N	\N	\N	\N	f	\N
marisha77785	\N	220568611	2021-06-28 04:43:57.660322+00	830	\N	\N	\N	\N	f	\N
telebisiness	\N	1718745285	2021-06-28 06:01:54.973378+00	831	\N	\N	\N	\N	f	\N
TarasBond	\N	371546534	2021-06-25 13:47:05.626607+00	808	\N	\N	\N	t	t	\N
Pavlova2021	\N	1817944918	2021-06-26 08:02:16.966554+00	815	\N	\N	\N	t	t	\N
siver_sveta	\N	445948523	2021-06-26 08:14:26.152187+00	817	\N	\N	\N	\N	f	\N
verber21	\N	358896978	2021-06-26 09:56:01.75665+00	819	\N	\N	\N	t	f	\N
NataStars18	\N	1581281018	2021-06-04 00:00:00+00	611	72	2021-06-26 21:41:14.982546+00	\N	t	f	\N
Victoria44444	\N	358684146	2021-06-24 20:31:24.918623+00	800	\N	\N	\N	t	t	\N
mmrr201	\N	319354496	2021-06-22 13:53:16.698777+00	748	\N	\N	\N	t	t	\N
Natalika5	\N	313159620	2021-06-22 15:13:14.948282+00	750	\N	\N	\N	t	f	\N
AllaDobrinina	\N	1350657028	2021-06-24 19:06:15.684635+00	796	\N	\N	\N	t	t	\N
andrysuda	\N	725257698	2021-06-21 09:46:59.9047+00	740	\N	\N	\N	\N	f	\N
krismarin50	\N	903932275	2021-06-25 17:14:30.571662+00	809	\N	2021-06-26 21:41:14.982546+00	\N	t	t	\N
Tanya1295	\N	1128125358	2021-06-23 18:55:16.923628+00	785	\N	\N	\N	t	t	\N
zotova_1960	\N	997658941	2021-06-24 19:18:58.503631+00	798	\N	\N	\N	t	t	\N
verakr8	f	1299270005	2021-03-21 09:19:02+00	65	55	2021-06-26 21:41:14.982546+00	B62703DF2D77AFBAB8F7CD3D002188D024CC3136CA8B9A8604C3C359A7B620F0	t	f	\N
Olgaolxa2016	\N	\N	2021-06-04 00:00:00+00	463	10	2021-06-26 21:41:14.982546+00	\N	\N	f	\N
hurshida_lr	f	\N	2021-03-21 10:01:05+00	148	23	2021-06-26 21:41:14.982546+00	\N	t	f	\N
NataliaLeukhina	f	760245216	2021-03-21 09:19:02+00	213	55	2021-06-26 21:41:14.982546+00	\N	t	f	\N
Moroz5484	f	961178180	2021-03-21 09:19:02+00	274	55	2021-06-26 21:41:14.982546+00	\N	t	f	\N
marinabelosto	f	707221275	2021-03-21 10:01:05+00	146	23	2021-06-26 21:41:14.982546+00	E57ABAB739F2FCC3A78874C8D93AA9F4C1D1577193FCFAF54435D4250698CD6D	t	f	\N
AR_261056	\N	304918078	2021-06-22 14:15:40.174403+00	749	707	2021-06-26 21:41:14.982546+00	\N	t	t	\N
Irina_Levashova2020	\N	390638890	2021-06-25 17:45:40.537915+00	810	\N	\N	\N	t	t	\N
investorik	\N	1275785654	2021-06-24 19:14:24.802796+00	797	\N	\N	\N	t	t	\N
Someb0d	f	1338318376	2021-03-21 09:28:17+00	138	56	\N	\N	t	f	\N
Oksana_Mayorova7605	f	1255143681	2021-04-02 20:39:42+00	3	\N	\N	\N	t	f	\N
nikolay_a_p	f	247792555	2021-03-29 21:25:06+00	74	\N	\N	\N	t	f	\N
irinvas	f	\N	2021-03-21 09:19:58+00	224	726	\N	\N	t	f	\N
lari8sa	\N	915040193	2021-06-22 15:49:00.831333+00	751	\N	\N	\N	\N	f	\N
Elena_Zakirova2021	\N	984916877	2021-06-25 19:19:57.22576+00	811	\N	\N	\N	\N	f	\N
tata7109	\N	847706485	2021-06-22 17:01:07.304859+00	752	\N	\N	\N	t	t	\N
Ledibiz	f	339717418	2021-03-21 09:22:20+00	256	169	2021-06-28 01:28:20.374866+00	\N	t	f	\N
Ruslanty678	\N	1640547319	2021-06-24 21:06:22.099403+00	801	\N	\N	\N	\N	f	\N
Irina_Saranenko	f	\N	2021-03-21 09:21:41+00	199	250	2021-06-28 01:28:20.374866+00	\N	t	f	\N
ROMEO1312	\N	961053847	2021-06-21 10:32:02.028123+00	741	\N	\N	\N	t	t	\N
Crypto4Manager	\N	975295718	2021-06-25 02:51:50.517951+00	802	\N	\N	\N	\N	f	\N
MaayanIN	\N	1283142346	2021-06-25 06:10:38.488228+00	803	\N	\N	\N	\N	f	\N
okna174	\N	371465896	2021-06-25 07:12:43.801714+00	804	\N	\N	\N	\N	f	\N
fortuna9	f	751892350	2021-03-21 10:05:24+00	214	204	2021-06-26 21:41:14.982546+00	\N	t	f	\N
NatalyaNebesnaya	\N	914666694	2021-06-25 07:40:16.009783+00	805	\N	\N	\N	\N	f	\N
Isay1206	f	940656251	2021-03-31 20:29:42+00	114	611	2021-06-26 21:41:14.982546+00	\N	t	f	\N
Yarilo888	f	700654925	2021-03-28 17:35:23+00	237	38	\N	\N	t	f	\N
Lesa2811	f	1500049980	2021-04-02 14:47:41+00	134	\N	\N	\N	f	f	\N
Viktor1234	f	932749315	2021-04-02 14:50:01+00	135	\N	\N	\N	t	f	\N
natasmolyak	f	\N	2021-03-21 11:05:27+00	156	174	2021-06-26 21:41:14.982546+00	\N	t	f	\N
Ola_lime	f	869560048	2021-03-21 09:17:36+00	179	95	\N	\N	t	f	\N
Rolina5555	f	1730542829	2021-03-21 18:58:02+00	4	131	2021-06-26 21:41:14.982546+00	\N	t	f	\N
zuker40	f	375998842	2021-03-23 20:55:25+00	30	109	\N	\N	t	f	\N
NelyaZatih	\N	1115355978	2021-06-04 00:00:00+00	477	\N	\N	\N	t	f	\N
NatachaKvazar	\N	402321595	2021-06-04 00:00:00+00	409	\N	\N	\N	\N	f	\N
valentinabepic	\N	527274105	2021-06-04 00:00:00+00	624	\N	\N	\N	t	f	\N
alla585	\N	786329220	2021-06-04 00:00:00+00	410	\N	\N	\N	\N	f	\N
Aleksandr0361	\N	1664417949	2021-06-04 00:00:00+00	417	\N	\N	\N	\N	f	\N
nadjadanilova	\N	635049537	2021-06-04 00:00:00+00	416	\N	\N	\N	t	f	\N
BtcPoolEth	\N	725765166	2021-06-04 00:00:00+00	527	\N	\N	\N	t	f	\N
Sweta_skobeleva15	\N	1861413020	\N	655	\N	\N	\N	\N	f	\N
nataly_2021p	\N	1685811511	\N	656	\N	\N	\N	t	f	\N
Farida2606	\N	1303937618	2021-06-04 00:00:00+00	466	207	\N	\N	t	f	\N
oks682	f	\N	2021-03-28 17:37:33+00	32	163	2021-06-26 21:41:14.982546+00	\N	f	f	\N
elvane64	\N	755620885	2021-06-16 15:21:17.571587+00	694	\N	\N	\N	t	t	\N
Kutnik	\N	1650037746	2021-06-17 08:16:00.358344+00	708	712	2021-06-26 21:41:14.982546+00	\N	t	t	\N
oksanakor	f	604079719	2021-03-21 10:44:24+00	166	71	2021-06-26 21:41:14.982546+00	\N	t	f	\N
Rimmashash	\N	843511124	2021-06-20 15:15:30.122821+00	729	\N	\N	\N	t	t	\N
raisa0813	\N	541871282	2021-06-22 18:25:39.088781+00	753	\N	\N	\N	t	f	\N
Elisaveta_Kotova	\N	295779992	2021-06-04 00:00:00+00	438	\N	\N	\N	t	f	\N
IRINA_DEMINA5	f	\N	2021-03-21 09:24:21+00	272	266	2021-06-28 01:28:20.374866+00	\N	t	f	\N
Alex_VGbiz	f	1034425765	2021-03-21 09:28:17+00	141	56	\N	\N	t	f	\N
Edik3003	\N	1166692564	2021-06-17 20:41:10.083525+00	713	712	2021-06-26 21:41:14.982546+00	\N	t	t	\N
LanaPav2020	f	908149002	2021-03-21 11:05:11+00	174	588	2021-06-26 21:41:14.982546+00	F43848F5EE3CB0D532C907A329CF31A61CEEFCBDE9D83C209F67251DFE336B49	t	f	\N
Svetlana_Skobeleva5	f	1025285320	2021-03-21 09:22:20+00	266	169	2021-06-26 21:41:14.982546+00	\N	t	f	\N
borisowa_verba	\N	834455784	2021-06-22 18:35:22.727977+00	754	\N	\N	\N	t	t	\N
Natalia_Nikltina	\N	963640628	2021-06-24 19:45:13.494792+00	799	\N	\N	\N	t	t	\N
lyudmilka66	f	886201505	2021-04-02 14:44:36+00	133	\N	\N	\N	t	f	\N
Quasar_Company	t	1182356366	2021-06-10 09:24:08.546592+00	661	180	2021-06-30 08:58:18+00	\N	t	f	\N
farizok1906	f	1231401392	2021-03-21 09:23:37+00	191	78	2021-06-28 01:28:20.374866+00	\N	t	f	\N
Viktor19711	\N	445930263	2021-06-04 00:00:00+00	626	\N	\N	\N	t	f	\N
Studioavmix	\N	920690241	2021-06-26 08:03:42.871326+00	816	\N	\N	\N	\N	f	\N
katrin_65	f	1295485279	2021-03-21 09:55:45+00	60	243	2021-06-26 21:41:14.982546+00	\N	t	f	875509
tatianatamash	\N	676670043	2021-06-04 00:00:00+00	432	\N	2021-06-26 21:41:14.982546+00	\N	t	f	\N
abdum777	f	743610959	2021-03-21 10:15:30+00	150	183	2021-06-26 21:41:14.982546+00	\N	t	f	\N
Malvina1904	f	692987864	2021-03-21 10:03:46+00	124	121	2021-06-26 21:41:14.982546+00	\N	t	f	\N
Anna_m579	\N	302302378	2021-06-22 19:48:26.782733+00	757	\N	\N	\N	t	f	\N
Milauspeh	f	781616125	2021-03-21 10:35:26+00	154	242	2021-06-26 21:41:14.982546+00	\N	t	f	\N
alishkaboom	\N	484188678	2021-06-22 20:13:11.420914+00	758	\N	\N	\N	t	f	\N
perfectvolf	\N	459163126	2021-06-21 06:49:12.56591+00	737	596	2021-06-26 21:41:14.982546+00	B97F2E6086142A2184D2D68B93DE2DE61CA192DA48A679D8A32237F45004D0A5	t	t	\N
igor_missing	f	1198380401	2021-03-21 12:54:27+00	7	65	2021-06-26 21:41:14.982546+00	F6CA99AD81DCFBCA158177A52044B9C13962C093A9AE2A4CA159FF28FCB7F0B6	t	f	\N
Vakhnovsky	f	33916631	2021-03-28 18:34:45+00	222	81	2021-06-26 21:41:14.982546+00	\N	t	f	\N
murano54	f	397026233	2021-03-21 10:56:33+00	217	70	2021-06-26 21:41:14.982546+00	\N	t	f	\N
Vlad123_68	f	553001866	2021-03-21 10:35:56+00	90	91	2021-06-26 21:41:14.982546+00	\N	t	f	\N
erzhan175	\N	886685003	2021-06-04 00:00:00+00	548	150	2021-06-26 21:41:14.982546+00	\N	t	f	\N
nikitinevgeny	\N	790603550	2021-06-21 20:51:40.438511+00	743	\N	\N	\N	\N	f	\N
shat1101	f	899107450	2021-03-18 10:41:34+00	68	192	2021-06-26 21:41:14.982546+00	\N	t	f	\N
SvetlanaTsay	f	125609171	2021-03-21 10:20:55+00	275	220	2021-06-26 21:41:14.982546+00	\N	t	f	\N
AsyaUna	f	788318147	2021-03-21 10:03:46+00	188	121	2021-06-26 21:41:14.982546+00	\N	t	f	\N
BurchenkoLudmila	f	1664079939	2021-03-28 17:36:43+00	230	210	2021-06-26 21:41:14.982546+00	\N	f	f	\N
elesof29	f	1203861284	2021-03-21 09:26:12+00	63	266	2021-06-26 21:41:14.982546+00	\N	t	f	\N
inna0312	\N	1521474125	2021-06-23 03:58:58.900962+00	763	788	2021-06-26 21:41:14.982546+00	\N	t	t	\N
PensionerViktor	\N	680835218	2021-06-17 05:34:01.025758+00	702	712	2021-06-26 21:41:14.982546+00	\N	t	t	\N
Morgun08	\N	1394579101	2021-06-22 21:24:28.160751+00	759	\N	\N	\N	t	f	\N
Hoimaster	\N	641615302	2021-06-18 12:22:42.917876+00	715	\N	\N	\N	t	t	\N
norma_pro_biz	\N	273540325	2021-06-22 22:44:47.281481+00	761	\N	\N	\N	\N	f	\N
PNata74	f	\N	2021-03-21 10:05:51+00	211	249	2021-06-26 21:41:14.982546+00	\N	t	f	\N
korolewamlm	\N	980018856	2021-06-23 06:39:48.163677+00	764	\N	\N	\N	\N	f	\N
Tatyana306	f	996768822	2021-03-28 17:39:07+00	20	4	2021-06-26 21:41:14.982546+00	\N	t	f	\N
nataliT888	\N	977815467	2021-06-23 07:15:30.51807+00	765	\N	\N	\N	t	t	\N
merikek	f	1087094603	2021-03-28 17:38:10+00	45	278	2021-06-26 21:41:14.982546+00	\N	t	f	\N
Elena0607	\N	780911079	2021-06-23 08:30:18.893382+00	766	\N	\N	\N	t	t	\N
lisekat	f	1089394282	2021-03-31 16:15:32+00	235	207	2021-06-26 21:41:14.982546+00	\N	t	f	\N
avtomlm	\N	338224141	2021-06-17 16:23:01.00169+00	710	706	2021-06-26 21:41:14.982546+00	FBF5ED2EF34415ACFFD182C1090AB09B9464DCB26D44E1F9AF9B55EEAEC9C481	t	t	\N
asia0001	\N	\N	2021-06-04 00:00:00+00	595	661	2021-06-26 21:41:14.982546+00	\N	\N	f	\N
bvornik444	\N	\N	2021-06-04 00:00:00+00	589	661	2021-06-26 21:41:14.982546+00	\N	\N	f	\N
PjSmirnoff	f	541886333	2021-03-21 11:04:39+00	106	215	2021-06-26 21:41:14.982546+00	\N	t	f	\N
lana2688	\N	1332295561	2021-06-14 16:12:48.227243+00	672	611	2021-06-26 21:41:14.982546+00	\N	\N	f	\N
dmitriyfedorov1	\N	807699337	2021-06-14 20:04:06.812134+00	673	499	2021-06-26 21:41:14.982546+00	99C1DB3DB429521EB0A82146FA51F8048D2507F7566DC15937BE127AA7AF6039	t	f	\N
irinaleong	f	\N	2021-03-21 10:14:13+00	182	25	2021-06-26 21:41:14.982546+00	\N	t	f	\N
Zoreslava43	\N	\N	2021-06-04 00:00:00+00	465	464	2021-06-26 21:41:14.982546+00	\N	\N	f	\N
natalina0708	f	1241174423	2021-04-02 10:15:59+00	97	216	2021-06-26 21:41:14.982546+00	\N	t	f	\N
Oxa1975	\N	\N	2021-06-04 00:00:00+00	292	218	2021-06-26 21:41:14.982546+00	\N	\N	f	\N
mojvybor	f	272826201	2021-03-21 10:37:04+00	27	76	2021-06-26 21:41:14.982546+00	\N	t	f	\N
djdem_kz	\N	\N	2021-06-04 00:00:00+00	380	293	2021-06-26 21:41:14.982546+00	\N	\N	f	\N
NataKyst	f	471787581	2021-03-21 10:37:43+00	14	274	2021-06-26 21:41:14.982546+00	\N	t	f	\N
elenafomina57	f	1072922284	2021-03-21 10:18:01+00	195	38	2021-06-26 21:41:14.982546+00	\N	t	f	\N
galfeo	\N	857066140	2021-06-04 00:00:00+00	358	215	2021-06-26 21:41:14.982546+00	\N	t	f	\N
VPR23	\N	1480962608	2021-06-24 10:11:27.934305+00	792	598	2021-06-26 21:41:14.982546+00	D6B09264A1BA720719A5EAECDCA2EF5D9D9A9168B1D6EAE2E02BEE0BCDA68451	t	f	\N
Vmlynko	\N	248745860	2021-06-04 00:00:00+00	583	661	2021-06-26 21:41:14.982546+00	\N	t	f	\N
brilliant989	\N	411935431	2021-06-04 00:00:00+00	602	595	2021-06-26 21:41:14.982546+00	\N	t	f	\N
bogdan0126	f	917721038	2021-04-02 19:11:00+00	245	50	2021-06-26 21:41:14.982546+00	\N	t	f	\N
shad0w_design	f	78399426	2021-03-21 18:58:51+00	54	51	2021-06-26 21:41:14.982546+00	\N	t	f	\N
OlgaOdincova	f	673941324	2021-03-21 10:02:53+00	93	145	2021-06-26 21:41:14.982546+00	\N	t	f	\N
Raya752	\N	238556957	2021-06-12 02:22:52.456993+00	663	\N	\N	\N	t	f	\N
www7www	\N	223922712	2021-06-26 07:35:07.604103+00	814	760	2021-06-26 21:41:14.982546+00	EA102005358290AA33D126E2B4394231B4BEC56D68BAD4AD82A00D028666B300	t	t	\N
LENABENERA	\N	680001947	2021-06-15 11:41:39.601331+00	676	\N	\N	\N	t	f	\N
vika902100	f	645726453	2021-03-21 09:25:32+00	144	61	2021-06-26 21:41:14.982546+00	\N	t	f	\N
Lusplus	\N	938110887	2021-06-18 14:57:34.050081+00	716	\N	\N	\N	\N	f	\N
almazmillion	\N	845218067	2021-06-26 09:03:47.813522+00	818	814	2021-06-26 21:41:14.982546+00	\N	t	f	\N
ruslanibragim	f	702518719	2021-03-21 10:06:37+00	254	252	2021-06-26 21:41:14.982546+00	\N	t	f	\N
Alb1naNovikova	f	1263617373	2021-03-21 10:15:30+00	203	183	2021-06-26 21:41:14.982546+00	\N	t	f	\N
MaryV88	f	\N	2021-03-21 10:36:12+00	231	13	2021-06-26 21:41:14.982546+00	\N	t	f	\N
Viktor6405	f	1736682455	2021-03-31 08:59:58+00	102	91	2021-06-26 21:41:14.982546+00	\N	t	f	\N
Astor292	f	1090451040	2021-03-22 11:35:53+00	232	50	2021-06-26 21:41:14.982546+00	\N	t	f	\N
lyubi17	\N	1165368654	2021-06-04 00:00:00+00	395	\N	\N	\N	t	f	\N
markyha_15	\N	1764984745	2021-06-15 08:46:56.171639+00	675	499	2021-06-26 21:41:14.982546+00	\N	t	t	\N
wow_dary	f	394863556	2021-03-21 10:03:24+00	77	176	2021-06-26 21:41:14.982546+00	D398E8F6081EABF1352A76D28A077323B528052AA2E2557B6A6EABD0F8A10F17	t	f	\N
irinashvaikovskaya	f	\N	2021-03-21 09:25:06+00	208	270	2021-06-28 01:28:20.374866+00	\N	t	f	\N
luchanin	\N	235710819	2021-06-04 00:00:00+00	594	590	2021-06-26 21:41:14.982546+00	\N	t	f	\N
NikolayStomer	\N	471292987	2021-06-25 19:51:17.863833+00	812	742	2021-06-26 21:41:14.982546+00	\N	t	f	\N
allpavlova	\N	1055269513	2021-06-04 00:00:00+00	302	176	2021-06-26 21:41:14.982546+00	\N	t	f	\N
VOVO4KA1224	t	629752367	2021-06-04 00:00:00+00	598	596	2021-06-26 21:41:14.982546+00	\N	t	f	\N
KravchenkoNataliay	f	553678737	2021-03-21 10:34:05+00	91	213	2021-06-26 21:41:14.982546+00	\N	t	f	\N
ninyly	f	795093663	2021-03-21 09:22:20+00	78	169	2021-06-28 01:28:20.374866+00	\N	t	f	\N
olyudmila6	f	1149253986	2021-03-21 09:10:46+00	55	586	2021-06-26 21:41:14.982546+00	\N	t	f	\N
yava369	f	734595385	2021-03-26 19:35:57+00	276	65	2021-06-26 21:41:14.982546+00	\N	t	f	\N
den_seven	f	1033961358	2021-03-21 10:44:24+00	39	71	2021-06-26 21:41:14.982546+00	45875A11E900C07F39F24BCD8E7395B4FF1550831D70ACC360781F2C9F653D10	t	f	\N
ekaterina_popova83	f	490236583	2021-03-21 10:16:34+00	205	122	2021-06-26 21:41:14.982546+00	\N	t	f	\N
Natalochka_27	f	1315292343	2021-03-21 10:01:57+00	163	23	2021-06-26 21:41:14.982546+00	4F68803F2C8022B661E6596CC6CE8D5A4F6DED45CF5E789479693640220C8AF9	t	f	\N
Tatyana291971	\N	988789664	2021-06-17 19:28:45.912162+00	599	742	2021-06-26 21:41:14.982546+00	14F68C8EC68CD2DF0A3843AF30037ECCF83897C3516CBDBC07BC2CDC43EA6236	t	t	\N
Maria_AV1	f	869151740	2021-03-21 10:35:56+00	13	91	2021-06-26 21:41:14.982546+00	\N	t	f	\N
Vladislav140269	f	1111143948	2021-03-29 09:40:57+00	159	166	2021-06-26 21:41:14.982546+00	\N	t	f	\N
Miledi555	f	1746218201	2021-03-28 17:37:11+00	278	4	2021-06-26 21:41:14.982546+00	\N	t	f	\N
Y_Marisha	f	660381483	2021-03-24 18:14:43+00	98	272	\N	\N	t	f	\N
TONYHKA62	\N	992756377	2021-06-12 14:26:38.018215+00	664	92	2021-06-26 21:41:14.982546+00	\N	t	t	\N
anya2046	f	\N	2021-03-21 09:24:40+00	200	92	2021-06-26 21:41:14.982546+00	\N	t	f	\N
Loop_ceo	\N	1829078599	2021-06-23 10:23:38.887264+00	767	707	2021-06-26 21:41:14.982546+00	\N	t	f	\N
sherbakov82	\N	672463437	2021-06-04 00:00:00+00	590	589	\N	\N	t	f	\N
ladygold11	\N	\N	2021-06-04 00:00:00+00	464	65	2021-06-26 21:41:14.982546+00	\N	\N	f	\N
allaaallal	f	1301047469	2021-03-21 10:38:06+00	33	277	2021-06-26 21:41:14.982546+00	\N	t	f	\N
LyudmilaE44	f	\N	2021-03-21 09:19:02+00	83	55	2021-06-26 21:41:14.982546+00	\N	t	f	\N
foxykleo89	f	323237321	2021-03-28 17:36:33+00	73	207	2021-06-26 21:41:14.982546+00	\N	t	f	\N
NordicLady	f	\N	2021-03-28 17:36:51+00	46	278	2021-06-26 21:41:14.982546+00	\N	f	f	\N
prosto_den100	f	1745028258	2021-04-02 08:07:08+00	57	94	2021-06-26 21:41:14.982546+00	\N	t	f	\N
ShoSupport	t	571144617	2021-06-04 00:00:00+00	582	589	2021-06-26 21:41:14.982546+00	\N	t	f	\N
Filin54	f	\N	2021-03-21 11:47:08+00	223	217	2021-06-26 21:41:14.982546+00	\N	f	f	\N
stimul71	f	1000490539	2021-03-21 10:56:33+00	53	217	2021-06-26 21:41:14.982546+00	\N	t	f	\N
Olgusha_vs	f	888780070	2021-03-21 11:04:53+00	262	168	2021-06-26 21:41:14.982546+00	\N	t	f	\N
Predator_13	f	284988310	2021-03-31 08:49:36+00	107	81	2021-06-26 21:41:14.982546+00	\N	t	f	\N
lidiya_va	f	1404839922	2021-03-21 10:05:12+00	178	204	2021-06-26 21:41:14.982546+00	\N	t	f	\N
valera14	f	1065973281	2021-03-21 10:05:12+00	249	204	2021-06-26 21:41:14.982546+00	\N	t	f	\N
marinasrodnykh	f	\N	2021-03-21 09:26:12+00	201	266	2021-06-26 21:41:14.982546+00	\N	t	f	\N
Kdan_dev	f	709850073	2021-03-21 11:03:24+00	108	586	2021-06-26 21:41:14.982546+00	\N	t	f	\N
Viceyuga	f	855208598	2021-03-21 10:56:10+00	173	161	2021-06-26 21:41:14.982546+00	\N	t	f	\N
na_talia9364	f	1048933582	2021-03-21 10:54:17+00	49	196	2021-06-26 21:41:14.982546+00	\N	t	f	\N
Alie2107	f	61521498	2021-03-21 10:20:55+00	220	72	2021-06-26 21:41:14.982546+00	\N	t	f	\N
Zannaandrianova	f	632149143	2021-03-21 10:55:09+00	260	225	2021-06-26 21:41:14.982546+00	\N	t	f	\N
irina_d57	f	1357183410	2021-03-21 11:53:32+00	261	27	2021-06-26 21:41:14.982546+00	\N	t	f	\N
alla_donskowa	f	1148851075	2021-03-28 17:37:01+00	104	165	2021-06-26 21:41:14.982546+00	\N	t	f	\N
FiruzaG	\N	412421700	2021-06-22 19:29:13.92646+00	755	707	2021-06-26 21:41:14.982546+00	\N	t	t	\N
perfecto_yulya	f	1223281680	2021-03-21 11:04:39+00	94	215	2021-06-26 21:41:14.982546+00	\N	t	f	\N
nadya_svam	f	1767099770	2021-04-01 11:54:10+00	85	94	2021-06-26 21:41:14.982546+00	\N	t	f	\N
kouperwood	\N	519757507	2021-06-22 19:40:56.416547+00	756	596	2021-06-26 21:41:14.982546+00	302B7560A84D4928EE59C017751997AEA7107B3653AC7B9A349F93297C2CFE96	t	f	\N
Aigulhazhieva	f	1388147941	2021-03-21 10:54:17+00	225	196	2021-06-26 21:41:14.982546+00	\N	t	f	\N
TatianaSamartseva	\N	1213224381	2021-06-04 00:00:00+00	291	225	2021-06-26 21:41:14.982546+00	\N	t	f	\N
Ruzilya90	\N	803521073	2021-06-16 10:54:22.570738+00	690	\N	\N	\N	t	f	\N
musya58	\N	468322189	2021-06-20 12:27:15.650928+00	725	\N	\N	\N	t	t	\N
Svetlananarod	\N	393878841	2021-06-04 00:00:00+00	394	\N	\N	\N	t	f	\N
Ser_3319	\N	1394623742	2021-06-04 00:00:00+00	501	50	\N	\N	t	f	\N
raisalinda	\N	375235650	2021-06-04 00:00:00+00	489	\N	\N	\N	t	f	\N
AShein_031082	\N	443349783	2021-06-04 00:00:00+00	566	\N	\N	\N	t	f	\N
CheckMan1	\N	380357311	2021-06-04 00:00:00+00	568	\N	\N	\N	\N	f	\N
VitaStrazdinja	\N	630073084	2021-06-04 00:00:00+00	542	\N	\N	\N	t	f	\N
Denisfreedom	\N	300292916	2021-06-04 00:00:00+00	543	\N	\N	\N	t	f	\N
Vvs_5	f	1005527393	2021-03-21 09:26:12+00	209	266	2021-06-26 21:41:14.982546+00	\N	t	f	\N
EleiSeis	f	1074535022	2021-03-21 10:36:39+00	218	83	2021-06-26 21:41:14.982546+00	\N	t	f	\N
KateKattina	\N	1385989558	2021-06-04 00:00:00+00	313	\N	\N	\N	t	f	\N
Amurado4a	\N	1114934136	2021-06-04 00:00:00+00	575	\N	\N	\N	t	f	\N
Tsurlk	\N	466426301	2021-06-04 00:00:00+00	411	\N	\N	\N	t	f	\N
Ulitich64	f	1781765220	2021-03-28 17:36:11+00	99	73	2021-06-26 21:41:14.982546+00	\N	t	f	\N
natali_zubkova	f	380816666	2021-03-21 09:04:43+00	25	86	\N	\N	t	f	\N
ingapetrosyan 	f	\N	2021-03-21 10:54:17+00	269	196	\N	\N	t	f	\N
leoniv25	\N	289389733	2021-06-04 00:00:00+00	604	602	2021-06-26 21:41:14.982546+00	\N	t	f	\N
MrSVAn2	f	911079628	2021-03-21 09:14:50+00	109	588	2021-06-26 21:41:14.982546+00	\N	t	f	\N
IrenYakov	f	871861058	2021-03-31 20:29:42+00	162	131	2021-06-26 21:41:14.982546+00	\N	t	f	\N
Snijinka	\N	519235160	2021-06-04 00:00:00+00	646	\N	\N	26F37F785CB73ACE0F0F03F1F24E678AF6981C0F9B5B33B6E56DDFA372BFA827	t	f	\N
OlegZaika	\N	107773885	2021-06-04 00:00:00+00	621	596	\N	\N	t	f	\N
LarisaPerepelkina	\N	983214525	2021-06-04 00:00:00+00	491	\N	\N	\N	t	f	\N
vika1503	\N	708437353	2021-06-04 00:00:00+00	373	\N	\N	\N	t	f	\N
Yuliya_asi	\N	277656565	2021-06-04 00:00:00+00	405	\N	\N	\N	t	f	\N
Ivanova_Nina_N	f	105026184	2021-03-31 05:30:36+00	100	59	\N	\N	t	f	\N
Kamila490	f	644444892	2021-03-21 12:48:32+00	187	\N	\N	\N	f	f	\N
innabarovaya	f	1722394007	2021-03-22 07:49:42+00	190	\N	\N	\N	f	f	\N
markizanata7	f	1082239348	2021-03-24 14:54:27+00	236	\N	\N	\N	f	f	\N
vadyan3112	f	918583956	2021-03-27 16:10:52+00	241	\N	\N	\N	t	f	\N
milannovgorod	\N	372940529	2021-06-04 00:00:00+00	374	\N	\N	\N	t	f	\N
Natalia251276	f	801803091	2021-03-25 18:08:39+00	35	\N	\N	\N	t	f	\N
sokol2966	\N	695055917	2021-06-04 00:00:00+00	547	\N	\N	\N	t	f	\N
mila_kumylina	\N	531983827	2021-06-04 00:00:00+00	573	\N	\N	\N	t	f	\N
mudr_lidiya	\N	706237985	2021-06-04 00:00:00+00	431	\N	\N	\N	t	f	\N
Elena15090	\N	470686306	2021-06-04 00:00:00+00	375	\N	\N	\N	t	f	\N
Tanya0794	\N	1840068787	2021-06-15 14:40:36.252594+00	680	499	2021-06-26 21:41:14.982546+00	\N	t	t	\N
milena6759	f	657369426	2021-03-31 20:29:42+00	112	278	2021-06-26 21:41:14.982546+00	\N	t	f	\N
Y4riK07	f	699486483	2021-03-21 10:21:18+00	228	195	\N	\N	t	f	\N
Mustang_benz	\N	269829224	2021-06-22 21:44:20.406945+00	760	596	2021-06-26 21:41:14.982546+00	9020B29E493C35DF51CF411BF054D792AC6411B7254149881D9B780FD05F1D54	t	t	\N
MarinaKopteva78	\N	1293412321	2021-06-15 18:43:06.436531+00	688	664	2021-06-26 21:41:14.982546+00	\N	\N	f	\N
undefined	\N	1341895885	2021-06-18 15:35:46.482426+00	719	\N	2021-06-26 21:41:14.982546+00	\N	\N	f	\N
Elena25E	\N	998491339	2021-06-16 11:13:40.353078+00	691	\N	\N	\N	t	t	\N
Karinapatoieva	f	883604725	2021-04-03 10:58:51+00	69	219	2021-06-26 21:41:14.982546+00	\N	t	f	\N
maratsuley	\N	463114160	2021-06-04 00:00:00+00	323	\N	\N	24CE0338F46DDA3BCF30A74B625D000186644C7392769ABAF726389B9B5B961D	t	f	\N
ninav856	f	1027610736	2021-03-21 09:26:55+00	103	63	2021-06-26 21:41:14.982546+00	\N	t	f	\N
elenaz878	f	1404472892	2021-03-21 10:03:46+00	158	121	2021-06-26 21:41:14.982546+00	\N	t	f	\N
vip_uspex	f	412344624	2021-03-21 10:35:04+00	87	166	2021-06-26 21:41:14.982546+00	\N	t	f	\N
chalovavika	t	874159008	2021-03-21 09:09:58+00	95	583	2021-06-26 21:41:14.982546+00	\N	t	f	\N
topleader111	\N	\N	2021-06-04 00:00:00+00	586	661	2021-06-26 21:41:14.982546+00	\N	\N	f	\N
natalimesh7	f	360344376	2021-03-21 18:55:40+00	216	261	2021-06-26 21:41:14.982546+00	\N	t	f	\N
AVE1317	\N	1719870007	2021-06-04 00:00:00+00	639	\N	2021-06-26 21:41:14.982546+00	\N	t	f	\N
EasyStarsMain	f	1559195925	2021-03-21 09:11:29+00	180	\N	2021-06-26 21:41:14.982546+00	\N	t	f	\N
bizvsem	\N	670150944	2021-06-04 00:00:00+00	612	\N	\N	\N	t	f	\N
LyubovSi	\N	416023381	2021-06-04 00:00:00+00	322	\N	\N	\N	t	f	\N
LidiaIvanova_gm	\N	883151263	2021-06-04 00:00:00+00	342	\N	\N	\N	t	f	\N
SofiTani	\N	397744243	2021-06-04 00:00:00+00	391	\N	\N	\N	\N	f	\N
Dikaver	\N	914438334	2021-06-04 00:00:00+00	324	\N	\N	\N	t	f	\N
Tolikshev	\N	1143828541	2021-06-04 00:00:00+00	372	\N	\N	\N	t	f	\N
olik_46	\N	901523052	2021-06-04 00:00:00+00	498	152	2021-06-26 21:41:14.982546+00	\N	t	f	\N
IrinaShvaikovskaya	\N	891339429	2021-06-04 00:00:00+00	474	\N	2021-06-26 21:41:14.982546+00	\N	t	f	\N
bossanmarina	\N	460775861	2021-06-04 00:00:00+00	367	\N	\N	\N	t	f	\N
princ04616	\N	173341487	2021-06-04 00:00:00+00	341	\N	\N	\N	t	f	\N
Ena_valide	\N	1525579867	2021-06-04 00:00:00+00	647	\N	\N	\N	t	f	\N
Artem_Gupalo	f	434130245	2021-03-23 08:01:37+00	184	\N	\N	\N	t	f	\N
Kostik68	\N	675609334	2021-06-04 00:00:00+00	471	\N	\N	\N	t	f	\N
izumrud78	\N	672555895	2021-06-04 00:00:00+00	402	\N	\N	\N	t	f	\N
tatyana_bizz	\N	312077641	2021-06-04 00:00:00+00	404	\N	\N	\N	t	f	\N
vika20122	f	1783174626	2021-03-27 15:43:21+00	80	179	\N	\N	t	f	\N
NATAved	f	1325022139	2021-03-21 10:13:49+00	119	86	\N	\N	t	f	\N
y_marisha	f	\N	2021-03-21 09:26:12+00	123	272	\N	\N	t	f	\N
bjumabarkayeva	f	\N	2021-03-31 20:29:42+00	111	188	\N	\N	f	f	\N
kloppolka	f	\N	2021-03-31 20:29:42+00	115	246	\N	\N	f	f	\N
NataliaCherginets 	f	\N	2021-03-21 10:15:30+00	151	183	\N	\N	t	f	\N
Igorius21	\N	682974466	2021-06-23 11:03:21.414766+00	768	\N	\N	\N	\N	f	\N
ArturPylypenko_ua	\N	758091083	2021-06-17 05:26:10.306816+00	701	706	2021-06-26 21:41:14.982546+00	\N	t	f	\N
Nadia_Magia	f	254166632	2021-03-21 10:05:12+00	86	204	2021-06-26 21:41:14.982546+00	\N	t	f	\N
LevShma	f	917647475	2021-03-21 09:10:46+00	192	586	2021-06-26 21:41:14.982546+00	F9439FE256DF2F9E65FA57DC6F0AF4F152F76B1EF25DFDCFE9FE91525C90B200	t	f	\N
viman5	\N	1848378817	2021-06-15 15:55:55.986673+00	682	499	2021-06-26 21:41:14.982546+00	\N	t	f	\N
svetaveta8	\N	761133821	2021-06-16 11:43:46.97066+00	692	\N	\N	\N	t	t	\N
aijasmm	f	\N	2021-03-21 09:21:41+00	198	250	2021-06-28 01:28:20.374866+00	\N	t	f	\N
GulsemAnarbaeva	\N	768009366	2021-06-12 22:28:45.19976+00	666	98	2021-06-26 21:41:14.982546+00	\N	t	f	\N
SofiTai	\N	1031886840	2021-06-04 00:00:00+00	414	122	2021-06-28 01:28:20.374866+00	\N	t	f	\N
sveta170968	f	713587645	2021-04-01 12:47:19+00	9	\N	\N	\N	t	f	\N
alexm40	\N	400368331	2021-06-16 12:19:43.976559+00	693	\N	\N	\N	t	t	\N
lady2403	\N	567472443	2021-06-18 20:15:39.649547+00	720	\N	\N	\N	t	t	\N
alenka1973chelny	\N	551557196	2021-06-04 00:00:00+00	389	\N	\N	\N	t	f	\N
Udalihyulia	\N	967962420	2021-06-04 00:00:00+00	556	\N	\N	\N	t	f	\N
incoms	\N	118740509	2021-06-04 00:00:00+00	637	\N	\N	\N	\N	f	\N
Alexandra_Lukyanenko	\N	801759661	2021-06-04 00:00:00+00	290	\N	\N	\N	t	f	\N
ekaterinaarsakova	\N	635049537	2021-06-04 00:00:00+00	415	\N	\N	\N	t	f	\N
sereganuga	\N	1495117636	2021-06-16 15:42:55.137363+00	695	174	2021-06-28 13:54:27.335766+00	\N	t	t	\N
vilma87	\N	326476456	2021-06-04 00:00:00+00	502	\N	\N	\N	t	f	\N
olauz	\N	302371103	2021-06-04 00:00:00+00	446	\N	\N	\N	t	f	\N
Luda_Leshch	\N	622635224	2021-06-04 00:00:00+00	447	\N	\N	\N	t	f	\N
osipGM	\N	769640853	2021-06-04 00:00:00+00	484	\N	\N	\N	t	f	\N
romanmargo	\N	585949176	2021-06-04 00:00:00+00	562	\N	\N	\N	t	f	\N
vgalka8	\N	1085777982	2021-06-04 00:00:00+00	359	\N	\N	\N	\N	f	\N
evgenii_p	f	802120242	2021-03-23 14:56:20+00	66	\N	\N	\N	t	f	\N
AndreiWorobei	f	941186207	2021-04-03 08:43:07+00	40	\N	\N	\N	t	f	\N
marikupr	f	533223069	2021-03-26 14:34:52+00	41	\N	\N	\N	t	f	\N
Anya2046	f	1154360983	2021-04-01 21:49:14+00	43	\N	\N	\N	t	f	\N
anavr56	\N	403888873	2021-06-16 16:47:43.228146+00	697	\N	\N	\N	t	f	\N
DustTrader	f	725489878	2021-04-02 14:26:25+00	64	\N	\N	\N	t	f	\N
Anastasia_Paskan	f	829746253	2021-03-21 09:28:30+00	139	141	2021-06-26 21:41:14.982546+00	\N	t	f	\N
TatVasil	f	1061255817	2021-03-22 18:14:29+00	19	\N	\N	\N	t	f	\N
sib_Invest	f	554513293	2021-04-02 14:43:54+00	137	\N	\N	\N	t	f	\N
Amurchik78	f	1721127973	2021-03-21 18:55:01+00	131	213	2021-06-26 21:41:14.982546+00	\N	t	f	\N
r_piy123456789	f	\N	2021-03-21 11:05:43+00	157	251	\N	\N	t	f	\N
yeslunaxod	f	451471451	2021-04-02 19:36:47+00	1	\N	\N	\N	t	f	\N
rviktor7	f	1195081557	2021-04-01 14:39:56+00	2	\N	\N	\N	t	f	\N
rnd_katerina_poskrebaeva	f	582891890	2021-03-22 17:08:25+00	126	\N	\N	\N	f	f	\N
fjfjfjf11966	f	1701624873	2021-03-23 20:11:30+00	17	\N	\N	\N	t	f	\N
annakalinovets	\N	335100468	2021-06-04 00:00:00+00	650	\N	\N	\N	t	f	\N
larisatagunova	f	303807003	2021-03-18 06:09:36+00	196	192	2021-06-26 21:41:14.982546+00	9030BF05D05AF93CECC3B101FFA8C85548C92F2F9D99F0C21B2D4134BAEF6446	t	f	\N
Galushko_Lyuba	\N	633992860	2021-06-04 00:00:00+00	513	\N	\N	\N	t	f	\N
elsuda	\N	1430029416	2021-06-16 16:46:11.449684+00	696	\N	\N	\N	\N	f	\N
ValentinoGas	f	1033609848	2021-04-01 21:44:57+00	44	\N	2021-06-26 21:41:14.982546+00	B34BFFCC5B4E681398B3BED56BFE72546B37B38328AB89319EA53213273DB78A	t	f	\N
Bachurova_Liubov	f	\N	2021-03-21 09:24:21+00	270	272	2021-06-28 01:28:20.374866+00	\N	t	f	\N
demidova_astro	\N	434855633	2021-06-04 00:00:00+00	561	\N	\N	\N	t	f	\N
solnze7	\N	257394633	2021-06-04 00:00:00+00	379	\N	\N	\N	\N	f	\N
tarasvinnik	\N	266159174	2021-06-04 00:00:00+00	300	\N	\N	\N	t	f	\N
nata1003	\N	932162530	2021-06-04 00:00:00+00	301	\N	\N	\N	t	f	\N
NataliKamen	\N	660560406	2021-06-04 00:00:00+00	349	\N	\N	\N	t	f	\N
ritta61	\N	1323619021	2021-06-04 00:00:00+00	388	\N	\N	\N	t	f	\N
dominchen7	\N	737487911	2021-06-18 14:57:34.170771+00	717	\N	\N	\N	\N	f	\N
dominchen	\N	287227450	2021-06-19 06:58:44.851384+00	721	\N	\N	\N	\N	f	\N
raissakuz	\N	1096457738	2021-06-17 06:06:23.86827+00	704	\N	\N	\N	t	t	\N
lyudmilaMovchenyuk	\N	\N	2021-06-04 00:00:00+00	521	508	\N	\N	\N	f	\N
chsvetlay	f	542257153	2021-03-21 10:15:30+00	164	183	\N	\N	t	f	\N
AnnaTrubitsyna88	\N	412590529	2021-06-04 00:00:00+00	576	\N	\N	\N	t	f	\N
Love1064	\N	1113488512	2021-06-04 00:00:00+00	480	\N	\N	\N	t	f	\N
MariyanaS	f	1233744824	2021-03-30 08:50:34+00	136	\N	\N	\N	f	f	\N
AlexByrn	f	481941534	2021-04-02 19:15:22+00	247	\N	\N	\N	t	f	\N
Yuri2953	\N	1733296159	2021-06-17 06:16:55.65638+00	705	\N	\N	\N	t	f	\N
zinle	\N	1002409203	2021-06-04 00:00:00+00	519	165	\N	\N	t	f	\N
Vosilisa2021	\N	\N	2021-06-04 00:00:00+00	520	4	\N	\N	\N	f	\N
sazon248	\N	1803559924	2021-06-14 12:58:34.45748+00	670	\N	\N	\N	t	t	\N
Marina10040	f	320869799	2021-03-31 09:33:04+00	47	59	\N	\N	t	f	\N
Albina2018	\N	946856975	2021-06-15 16:46:32.311409+00	683	\N	\N	\N	t	t	\N
Denny_Redds	\N	613393821	2021-06-04 00:00:00+00	593	590	\N	\N	t	f	\N
ChrisLang	\N	673223946	2021-06-17 06:50:00.857558+00	707	792	2021-06-26 21:41:14.982546+00	\N	t	t	\N
Pavel_Interbiz	\N	907261901	2021-06-04 00:00:00+00	625	621	\N	4A38AE15CAC53E9D502FD87B6A3A9C7D5C968A68AC807EA37F3A82C82A2EC556	t	f	\N
Luybavodoley	\N	1054870402	2021-06-04 00:00:00+00	509	91	\N	\N	\N	f	\N
Darius19	\N	479213713	2021-06-04 00:00:00+00	635	16	\N	B6CEFD9E6271543D11F96843B9072B0C7464C31676B13C0CB3EE541C9B9D93AB	t	f	\N
magnatka999	\N	487925971	2021-06-16 23:38:02.182399+00	699	\N	\N	\N	\N	f	\N
Vladimir_belyakov66	\N	1581300536	2021-06-15 15:39:24.528705+00	681	\N	\N	\N	t	t	\N
tatrad08	\N	1108541363	2021-06-04 00:00:00+00	311	154	2021-06-26 21:41:14.982546+00	\N	t	f	\N
v_inna_life	f	827133309	2021-03-21 09:55:45+00	23	243	2021-06-26 21:41:14.982546+00	\N	t	f	\N
Oks682	\N	803617449	2021-06-17 04:08:45.753446+00	700	163	2021-06-26 21:41:14.982546+00	\N	t	f	\N
Sergei_Knyshov	\N	\N	2021-06-04 00:00:00+00	507	23	2021-06-26 21:41:14.982546+00	\N	\N	f	\N
tatiana140289	\N	973804534	2021-06-14 06:42:59.924731+00	669	664	2021-06-26 21:41:14.982546+00	\N	t	f	\N
Karymov835	\N	1415790929	2021-06-04 00:00:00+00	504	315	2021-06-26 21:41:14.982546+00	\N	t	f	\N
stefmani22	\N	1717997190	2021-06-15 07:53:36.419166+00	674	499	2021-06-26 21:41:14.982546+00	\N	t	f	\N
maariiaa183	\N	1747927989	2021-06-19 10:33:09.50836+00	722	\N	\N	\N	\N	f	\N
Valetinaovchinnikova	\N	1334085347	2021-06-04 00:00:00+00	651	\N	\N	\N	t	f	\N
bablor	\N	262618507	2021-06-11 01:09:53.338306+00	662	\N	\N	\N	t	f	\N
Baikal1959	\N	273227249	2021-06-04 00:00:00+00	636	\N	\N	\N	t	f	\N
Sinsenna	f	68052879	2021-03-21 18:56:17+00	51	216	\N	\N	t	f	\N
Jekson_chub85	\N	1087728138	2021-06-16 19:03:52.760281+00	698	\N	\N	\N	t	t	\N
mariacan	\N	317467888	2021-06-04 00:00:00+00	569	\N	\N	\N	\N	f	\N
Tatyana_1958017943	\N	583516740	2021-06-04 00:00:00+00	567	\N	\N	\N	t	f	\N
mariacanahina	\N	991411926	2021-06-04 00:00:00+00	570	\N	\N	\N	t	f	\N
OksanaVasyunina	\N	1287355568	2021-06-04 00:00:00+00	571	\N	\N	\N	t	f	\N
BubnovaMW	\N	881358542	2021-06-04 00:00:00+00	613	\N	\N	\N	t	f	\N
btroot	\N	345927677	2021-06-04 00:00:00+00	309	\N	\N	\N	\N	f	\N
fialochka12	\N	284584274	2021-06-17 05:36:21.360635+00	703	\N	\N	\N	t	f	\N
shar_manina	\N	895764554	2021-06-04 00:00:00+00	370	\N	\N	\N	t	f	\N
Tanipopova	\N	869499082	2021-06-04 00:00:00+00	345	\N	\N	\N	t	f	\N
Kuznetsova_Lana	\N	1412148628	2021-06-04 00:00:00+00	346	\N	\N	\N	t	f	\N
ludmila195	\N	542770169	2021-06-04 00:00:00+00	371	\N	\N	\N	t	f	\N
bon10400	\N	422971571	2021-06-04 00:00:00+00	347	\N	\N	\N	t	f	\N
genute1999	\N	610684397	2021-06-04 00:00:00+00	393	\N	\N	\N	\N	f	\N
vologera	\N	988029008	2021-06-04 00:00:00+00	572	\N	\N	\N	t	f	\N
Maikl107	\N	328063834	2021-06-04 00:00:00+00	618	\N	\N	\N	t	f	\N
Blad99999	\N	643952907	2021-06-04 00:00:00+00	619	\N	\N	\N	t	f	\N
anna_sivolodskaja	\N	839707784	2021-06-04 00:00:00+00	434	\N	\N	\N	t	f	\N
mnadirbegov	\N	523168340	2021-06-04 00:00:00+00	644	\N	\N	\N	\N	f	\N
Valya67	\N	953125411	2021-06-04 00:00:00+00	645	\N	\N	\N	\N	f	\N
mariaartcat	\N	1045619912	2021-06-04 00:00:00+00	643	\N	\N	\N	\N	f	\N
zhanna0911	\N	564506159	2021-06-04 00:00:00+00	390	\N	\N	\N	t	f	\N
elenamihai	\N	1353215778	2021-06-04 00:00:00+00	369	\N	\N	\N	t	f	\N
polianam	\N	242577874	2021-06-04 00:00:00+00	343	\N	\N	\N	t	f	\N
Olga_investor8	\N	1036365279	2021-06-04 00:00:00+00	376	\N	\N	\N	t	f	\N
s_potehina	\N	872970187	2021-06-04 00:00:00+00	281	\N	\N	\N	t	f	\N
MUSA1967	\N	768492593	2021-06-04 00:00:00+00	622	\N	\N	\N	\N	f	\N
filana570	\N	735730004	2021-06-04 00:00:00+00	377	\N	\N	\N	t	f	\N
Lubamanyilova	\N	949655318	2021-06-04 00:00:00+00	476	\N	\N	\N	t	f	\N
Dima_Dmi	\N	706820981	2021-06-04 00:00:00+00	378	\N	\N	\N	t	f	\N
Eve_genie	\N	712273406	2021-06-04 00:00:00+00	458	\N	\N	\N	t	f	\N
Lyubovlova	\N	1246069279	2021-06-04 00:00:00+00	406	\N	\N	\N	t	f	\N
elenasamok	\N	1065157222	2021-06-04 00:00:00+00	407	\N	\N	\N	\N	f	\N
leag_gen	\N	1184153247	2021-06-04 00:00:00+00	581	\N	\N	\N	t	f	\N
sevawilson	\N	638418782	2021-06-04 00:00:00+00	383	\N	\N	\N	t	f	\N
kat1j54	\N	857423989	2021-06-04 00:00:00+00	492	\N	\N	\N	t	f	\N
Irina7700	\N	692867403	2021-06-19 15:00:09.006013+00	727	\N	\N	\N	t	t	\N
vdolgiy	\N	764613726	2021-06-04 00:00:00+00	459	\N	\N	\N	t	f	\N
urunabic	\N	1345578486	2021-06-04 00:00:00+00	435	\N	\N	\N	t	f	\N
webmod	\N	678934807	2021-06-04 00:00:00+00	436	\N	\N	\N	t	f	\N
SSSSdAlex	\N	1758670798	2021-06-04 00:00:00+00	584	\N	\N	\N	\N	f	\N
toned_woman	\N	673708648	2021-06-04 00:00:00+00	475	\N	\N	\N	\N	f	\N
temnikov82	\N	368061584	2021-06-04 00:00:00+00	280	\N	\N	\N	\N	f	\N
dimira_sun	\N	862708305	2021-06-04 00:00:00+00	384	\N	\N	\N	t	f	\N
lenarus	\N	930041289	2021-06-04 00:00:00+00	364	\N	\N	\N	t	f	\N
Vrednayaklyukva1983	\N	916245089	2021-06-04 00:00:00+00	443	\N	\N	\N	t	f	\N
zorina12	f	943105023	2021-03-21 09:19:58+00	234	726	\N	\N	t	f	\N
Abdu_Karim50	f	1049346948	2021-03-21 09:19:58+00	251	726	\N	\N	t	f	\N
aleksa_dd	\N	796585576	2021-06-04 00:00:00+00	385	\N	\N	\N	t	f	\N
CheLitovka21	\N	930196408	2021-06-04 00:00:00+00	461	\N	2021-06-26 21:41:14.982546+00	\N	t	f	\N
bur_nataliaa	\N	742333800	2021-06-04 00:00:00+00	312	\N	\N	\N	t	f	\N
Marina_2706	f	862613057	2021-03-21 17:04:40+00	255	56	2021-06-26 21:41:14.982546+00	\N	t	f	\N
Mairaboss	f	702761064	2021-03-28 17:35:02+00	265	145	2021-06-26 21:41:14.982546+00	\N	t	f	\N
SergeyShilovskiy	\N	798405128	2021-06-04 00:00:00+00	460	219	2021-06-26 21:41:14.982546+00	\N	t	f	\N
BeverleySok	\N	\N	2021-06-04 00:00:00+00	587	586	2021-06-26 21:41:14.982546+00	\N	\N	f	\N
Alexey6717	f	844361441	2021-03-21 10:56:10+00	264	161	2021-06-26 21:41:14.982546+00	\N	t	f	\N
Lelylubimay	f	1579536206	2021-03-21 10:36:27+00	96	65	2021-06-26 21:41:14.982546+00	2677A16E2BDE1EF3FE8AC8B3B706190A29FDC1EB1CEC7AEEFB792340A44BFE34	t	f	\N
GalinaSemeryak	f	174283872	2021-03-21 11:05:11+00	167	224	2021-06-26 21:41:14.982546+00	\N	t	f	\N
AiRoza58	f	1348958072	2021-03-21 10:15:43+00	152	150	2021-06-26 21:41:14.982546+00	\N	t	f	\N
GTina10	\N	1037034761	2021-06-04 00:00:00+00	296	97	2021-06-26 21:41:14.982546+00	\N	t	f	\N
Irina509	f	592005470	2021-03-24 13:12:59+00	253	63	2021-06-28 01:28:20.374866+00	\N	t	f	\N
nataperedelskaja	f	737019414	2021-03-21 09:21:10+00	250	169	2021-06-28 01:28:20.374866+00	\N	t	f	\N
Popovi52	f	540992193	2021-03-25 15:34:59+00	227	42	2021-06-28 01:28:20.374866+00	\N	t	f	\N
TitovskiyWayOFlife	f	755070394	2021-03-28 17:35:40+00	175	248	2021-06-26 21:41:14.982546+00	\N	t	f	\N
violeta701	f	803439536	2021-03-21 10:55:27+00	170	49	2021-06-26 21:41:14.982546+00	\N	t	f	\N
Colovjeva	f	1222950062	2021-03-21 10:55:27+00	171	49	2021-06-26 21:41:14.982546+00	\N	t	f	\N
krabik56	f	454280959	2021-03-28 17:36:24+00	31	28	2021-06-26 21:41:14.982546+00	\N	t	f	\N
Nik771	\N	\N	2021-06-04 00:00:00+00	592	590	\N	\N	\N	f	\N
larisaEpifanova	\N	208688351	2021-06-04 00:00:00+00	555	\N	\N	\N	\N	f	\N
Sergei_Chernov_1966	\N	364540088	2021-06-04 00:00:00+00	478	\N	\N	\N	t	f	\N
Blad999	\N	329982181	2021-06-04 00:00:00+00	632	\N	\N	\N	t	f	\N
Olga_Pavlova180386	\N	820869892	2021-06-04 00:00:00+00	479	\N	\N	\N	t	f	\N
NataEgo	\N	293704448	2021-06-04 00:00:00+00	386	\N	\N	\N	t	f	\N
tarakanovmlm	\N	466805738	2021-06-04 00:00:00+00	585	\N	\N	\N	t	f	\N
Olga_Shornikova	\N	217549250	2021-06-04 00:00:00+00	615	\N	\N	\N	t	f	\N
gsovetkina	f	937878843	2021-03-21 09:20:51+00	194	89	2021-06-26 21:41:14.982546+00	\N	t	f	\N
larysa_X100	\N	476646510	2021-06-19 11:55:15.197449+00	620	599	2021-06-26 21:41:14.982546+00	C72D340D842BE99F375301EAB3ABCC9B00514E97E97BBDC3E8D54BA7354B5271	t	f	\N
Latypova7	\N	892302439	2021-06-04 00:00:00+00	614	\N	\N	\N	t	f	\N
Baik1959	\N	456699337	2021-06-04 00:00:00+00	617	\N	\N	\N	t	f	\N
Galina1991	\N	489170247	2021-06-04 00:00:00+00	560	\N	\N	\N	t	f	\N
schef5691	\N	871181814	2021-06-04 00:00:00+00	387	\N	\N	\N	t	f	\N
Valeriy107	f	\N	2021-03-21 10:38:06+00	267	277	\N	\N	t	f	\N
Persik85	f	746605539	2021-03-21 18:58:02+00	28	131	\N	\N	t	f	\N
lazarenkoSvet	f	1795199925	2021-03-23 20:11:30+00	34	\N	\N	\N	f	f	\N
tsyganok50	f	1291823653	2021-03-31 05:11:29+00	36	\N	\N	\N	t	f	\N
alla_italia	f	165611239	2021-03-24 15:18:52+00	37	\N	\N	\N	f	f	\N
Damir_Imashev	\N	427441612	2021-06-04 00:00:00+00	439	\N	\N	\N	t	f	\N
PankivaLuda	\N	649234299	2021-06-04 00:00:00+00	440	\N	\N	\N	t	f	\N
ira_lucky77	\N	1168694552	2021-06-04 00:00:00+00	441	\N	\N	\N	t	f	\N
tasha379	\N	997431313	2021-06-18 11:02:23.541045+00	714	\N	\N	\N	t	t	\N
pteam24	f	277334411	2021-03-21 10:21:33+00	229	179	\N	\N	t	f	\N
lianashevela	\N	841124141	2021-06-04 00:00:00+00	428	73	\N	\N	t	f	\N
Kirill260996	\N	632820758	2021-06-04 00:00:00+00	533	\N	\N	\N	t	f	\N
irischka77	\N	473788573	2021-06-04 00:00:00+00	607	\N	\N	\N	t	f	\N
yonimati	\N	502487365	2021-06-04 00:00:00+00	314	\N	\N	\N	t	f	\N
ilddan62	\N	252487924	2021-06-04 00:00:00+00	316	\N	\N	\N	t	f	\N
alena180282	\N	315075317	2021-06-04 00:00:00+00	317	\N	\N	\N	t	f	\N
illoveyounnan	\N	1240070913	2021-06-04 00:00:00+00	564	\N	\N	\N	\N	f	\N
NatalyaLaskina	\N	403051533	2021-06-04 00:00:00+00	318	\N	\N	\N	t	f	\N
Vyacheslav008	\N	1218866188	2021-06-04 00:00:00+00	448	\N	\N	\N	t	f	\N
ByraByratin	\N	1251992606	2021-06-04 00:00:00+00	319	\N	\N	\N	t	f	\N
alexsandrtag	\N	428758518	2021-06-04 00:00:00+00	351	\N	\N	\N	t	f	\N
yuliaaleeva	\N	910383137	2021-06-04 00:00:00+00	329	\N	\N	\N	t	f	\N
zakharova1986	\N	876511932	2021-06-04 00:00:00+00	469	\N	\N	\N	t	f	\N
tanyastel	\N	1370244873	2021-06-04 00:00:00+00	544	\N	\N	\N	t	f	\N
yamarina23	\N	432042175	2021-06-04 00:00:00+00	515	\N	\N	\N	t	f	\N
Irinachekalenko	\N	506621742	2021-06-04 00:00:00+00	331	\N	\N	\N	t	f	\N
GalinaSergeewnacrowd1	\N	458627205	2021-06-04 00:00:00+00	514	\N	\N	\N	t	f	\N
albino49	\N	363763181	2021-06-04 00:00:00+00	332	\N	\N	\N	t	f	\N
RUSSIAN7236	f	627208806	2021-03-31 14:23:23+00	79	\N	\N	\N	t	f	\N
Natali211	f	151189546	2021-03-24 11:00:58+00	62	67	\N	\N	f	f	\N
ingapetrosyan	f	1372419180	2021-03-28 17:59:42+00	84	\N	\N	\N	t	f	\N
Aleks202123	\N	\N	2021-06-04 00:00:00+00	523	207	\N	\N	\N	f	\N
annavlasova72	\N	503656263	2021-06-04 00:00:00+00	355	\N	\N	\N	t	f	\N
soloviev1002	\N	987517320	2021-06-04 00:00:00+00	340	\N	\N	\N	t	f	\N
bondnv2254	\N	468409303	2021-06-04 00:00:00+00	356	\N	\N	\N	t	f	\N
Galateja	\N	1294663080	2021-06-04 00:00:00+00	335	\N	\N	\N	t	f	\N
Buyforcent	\N	322821608	2021-06-04 00:00:00+00	535	\N	\N	\N	t	f	\N
ivtiukhova	\N	734898885	2021-06-04 00:00:00+00	360	\N	\N	\N	t	f	\N
mihail_1942	\N	1098768244	2021-06-04 00:00:00+00	536	\N	\N	\N	t	f	\N
Lyubov_Zahatie	\N	451925980	2021-06-04 00:00:00+00	363	\N	\N	\N	t	f	\N
granny0506	\N	574563477	2021-06-04 00:00:00+00	485	\N	\N	\N	t	f	\N
Appappa_ept	\N	970731919	2021-06-04 00:00:00+00	517	\N	\N	\N	\N	f	\N
mama_star_m	\N	671912688	2021-06-04 00:00:00+00	353	\N	\N	\N	\N	f	\N
milabkuznetsova	\N	759525376	2021-06-04 00:00:00+00	468	\N	\N	\N	t	f	\N
LeshenkoMihail	\N	182464648	2021-06-04 00:00:00+00	467	\N	\N	\N	t	f	\N
VOROBEISV	\N	880871926	2021-06-04 00:00:00+00	539	\N	\N	\N	t	f	\N
Serrgggg	\N	1593842682	2021-06-04 00:00:00+00	486	\N	\N	\N	t	f	\N
R_Livan	\N	1497848002	2021-06-04 00:00:00+00	540	\N	\N	\N	\N	f	\N
lilmilbez	\N	893641159	2021-06-04 00:00:00+00	430	\N	\N	\N	t	f	\N
valyamelentieva	\N	985293422	2021-06-04 00:00:00+00	487	\N	\N	\N	t	f	\N
beresa1940	\N	323345945	2021-06-04 00:00:00+00	488	\N	\N	\N	t	f	\N
aleks202123	\N	1559893817	2021-06-04 00:00:00+00	525	\N	\N	\N	t	f	\N
smp010	f	740063778	2021-03-29 04:53:39+00	132	\N	\N	\N	t	f	\N
vladponik72	f	970425377	2021-03-24 12:52:21+00	128	\N	\N	\N	t	f	\N
KopMar	\N	467149877	2021-06-17 17:21:58.48441+00	712	793	2021-06-26 21:41:14.982546+00	CE60352115556A9E5C8D8E9E9EE85521A98EABEB90FD61B81FDB9E25DF85BA64	t	t	\N
CrezyV	\N	389957686	2021-06-17 11:13:26.027396+00	709	\N	\N	\N	t	f	\N
karakara21	\N	1368718693	2021-06-17 17:04:05.701833+00	711	\N	\N	1DC64F328BA35EEF4D280A26AD7A6936701E507015CBB5C08C97ED412680C90C	t	f	\N
Galina_Balanova	\N	1269373098	2021-06-19 18:06:43.218331+00	728	\N	\N	\N	t	t	\N
Valura63	\N	1037767378	2021-06-04 00:00:00+00	518	\N	\N	\N	t	f	\N
elenavid1105	\N	300899793	2021-06-04 00:00:00+00	286	\N	\N	\N	t	f	\N
slavasmith	\N	309828013	2021-06-04 00:00:00+00	287	\N	\N	\N	\N	f	\N
m_elizarenkova	\N	221989248	2021-06-04 00:00:00+00	285	\N	\N	\N	t	f	\N
Irina383	\N	861311190	2021-06-04 00:00:00+00	320	\N	\N	\N	t	f	\N
putklimonam	\N	621880084	2021-06-04 00:00:00+00	365	\N	\N	\N	\N	f	\N
NatalyaBrazhnikova	\N	227713019	2021-06-04 00:00:00+00	512	\N	\N	\N	t	f	\N
dandyusha_2020	\N	1038134353	2021-06-04 00:00:00+00	299	\N	\N	\N	t	f	\N
Natusya777777	\N	567846570	2021-06-04 00:00:00+00	528	\N	\N	\N	t	f	\N
vitabiznes	\N	442970436	2021-06-04 00:00:00+00	328	\N	\N	\N	t	f	\N
WITTASKVARCOVA	\N	1120735328	2021-06-04 00:00:00+00	559	\N	\N	\N	\N	f	\N
Lomova_S	\N	1303793050	2021-06-04 00:00:00+00	462	\N	\N	\N	t	f	\N
NataVid	\N	679793055	2021-06-04 00:00:00+00	500	\N	\N	\N	\N	f	\N
sautuna	\N	1477173864	2021-06-04 00:00:00+00	481	\N	\N	\N	\N	f	\N
terart	\N	306491984	2021-06-04 00:00:00+00	640	625	\N	\N	t	f	\N
sveta26reg	\N	1784770371	2021-06-04 00:00:00+00	522	278	\N	\N	t	f	\N
Iulianiagavrilova	\N	268458098	2021-06-04 00:00:00+00	327	\N	\N	\N	t	f	\N
TatyAn63	\N	248656270	2021-06-04 00:00:00+00	490	\N	\N	\N	t	f	\N
Jeanneeow	\N	292376137	2021-06-04 00:00:00+00	552	\N	\N	\N	\N	f	\N
nadiadanilova	\N	902327538	2021-06-04 00:00:00+00	419	\N	\N	\N	t	f	\N
I_masterRazborov1	\N	1458435390	2021-06-04 00:00:00+00	558	315	\N	\N	t	f	\N
fauzina	f	290009189	2021-03-21 09:27:52+00	5	109	2021-06-26 21:41:14.982546+00	\N	t	f	\N
Akram575	f	277867111	2021-03-21 09:22:20+00	258	169	2021-06-28 01:28:20.374866+00	\N	t	f	\N
vezda5	f	1618003550	2021-03-28 15:20:38+00	26	196	\N	\N	t	f	\N
borodina555	\N	248676513	2021-06-04 00:00:00+00	400	\N	\N	\N	t	f	\N
Selezneva_Natalia	\N	929056477	2021-06-04 00:00:00+00	344	\N	\N	\N	t	f	\N
MIRDemina	\N	645781048	2021-06-04 00:00:00+00	397	\N	\N	\N	t	f	\N
cashinvestman	\N	1118489640	2021-06-04 00:00:00+00	398	\N	\N	\N	\N	f	\N
Gala1965	\N	378639640	2021-06-04 00:00:00+00	368	\N	\N	\N	t	f	\N
Vasilyna	\N	467018355	2021-06-04 00:00:00+00	399	\N	\N	\N	t	f	\N
lsprofit	\N	404661282	2021-06-04 00:00:00+00	401	\N	\N	\N	\N	f	\N
pahom471	\N	1766227427	2021-06-10 13:19:32.968641+00	657	\N	\N	\N	t	f	\N
pahomul	\N	1756601618	\N	658	\N	\N	\N	t	f	\N
burnosovaelena	f	426893682	2021-03-21 09:17:36+00	263	72	2021-06-26 21:41:14.982546+00	\N	t	f	\N
alexandrkiryanov21	f	359336012	2021-03-21 10:44:58+00	268	166	2021-06-26 21:41:14.982546+00	\N	t	f	\N
nadezhda0202	f	877246168	2021-03-26 22:37:48+00	129	89	2021-06-26 21:41:14.982546+00	\N	t	f	\N
systemmoneys	\N	212906340	2021-06-04 00:00:00+00	596	595	2021-06-26 21:41:14.982546+00	\N	t	f	\N
kat_taba	f	1597284510	2021-03-21 10:05:12+00	197	204	2021-06-26 21:41:14.982546+00	\N	t	f	\N
Vyacheslav49	f	286830746	2021-03-21 10:56:10+00	70	161	2021-06-26 21:41:14.982546+00	\N	t	f	\N
djumabarkayeva	f	1398308090	2021-04-01 13:05:13+00	18	188	2021-06-26 21:41:14.982546+00	\N	t	f	\N
ecotop_greenway	f	488506478	2021-03-29 13:42:21+00	59	12	2021-06-26 21:41:14.982546+00	\N	t	f	\N
gal4onok23	f	957136099	2021-03-21 10:18:01+00	238	38	2021-06-26 21:41:14.982546+00	\N	t	f	\N
AnastasiyaCheginets	\N	\N	2021-06-04 00:00:00+00	505	10	2021-06-26 21:41:14.982546+00	\N	\N	f	\N
TenLana	f	740861955	2021-03-28 17:38:59+00	116	291	2021-06-26 21:41:14.982546+00	\N	t	f	\N
veraklonova	f	1285022160	2021-03-21 10:34:05+00	248	213	2021-06-26 21:41:14.982546+00	\N	t	f	\N
assol010680	f	\N	2021-03-21 10:37:04+00	233	76	2021-06-26 21:41:14.982546+00	\N	t	f	\N
Dosson	f	342671895	2021-03-21 11:56:16+00	242	71	2021-06-26 21:41:14.982546+00	\N	t	f	\N
bomarin	f	811191156	2021-03-21 10:20:55+00	38	72	2021-06-26 21:41:14.982546+00	0C20ADEAD806757FF50EB1876AD7065D24557B122F0C451150BC60090DBC44CC	t	f	\N
pifagor789	\N	1434396671	2021-06-04 00:00:00+00	456	70	2021-06-26 21:41:14.982546+00	\N	t	f	\N
veranika5	f	961861613	2021-03-21 09:23:37+00	75	78	2021-06-28 01:28:20.374866+00	\N	t	f	\N
Valeria_Shevchenko7	\N	963723750	2021-06-04 00:00:00+00	457	\N	\N	\N	t	f	\N
ulanira	\N	750550640	2021-06-04 00:00:00+00	495	\N	\N	\N	t	f	\N
Tisgen	\N	653685024	2021-06-04 00:00:00+00	472	\N	\N	\N	\N	f	\N
SergeyBarberKirov	\N	1052647339	2021-06-04 00:00:00+00	473	\N	\N	\N	t	f	\N
Elviraborodina7	\N	867399745	2021-06-04 00:00:00+00	396	\N	\N	\N	t	f	\N
tatiana_rf	\N	1262814502	2021-06-04 00:00:00+00	574	\N	\N	\N	t	f	\N
EvgenyLTD	\N	829441308	2021-06-04 00:00:00+00	496	\N	\N	\N	t	f	\N
Galina_75	\N	1073828388	2021-06-04 00:00:00+00	545	\N	\N	\N	t	f	\N
Alexandrssss	\N	1672887899	2021-06-04 00:00:00+00	497	\N	\N	\N	\N	f	\N
Svetlanirk	\N	983742857	2021-06-04 00:00:00+00	546	\N	\N	\N	t	f	\N
T12Tanya	\N	1155344993	2021-06-04 00:00:00+00	549	\N	\N	\N	t	f	\N
IraPozitiv	\N	591617943	2021-06-04 00:00:00+00	295	\N	\N	\N	\N	f	\N
zarin18	\N	1123184245	2021-06-04 00:00:00+00	553	\N	\N	\N	\N	f	\N
ElenaGlobys	\N	347997715	2021-06-04 00:00:00+00	326	\N	\N	\N	t	f	\N
elenahupalo	\N	313857244	2021-06-04 00:00:00+00	304	\N	\N	\N	t	f	\N
Allaurina	\N	1376878330	2021-06-04 00:00:00+00	442	\N	\N	\N	t	f	\N
ElenaVintina	\N	159709555	2021-06-04 00:00:00+00	310	\N	\N	\N	t	f	\N
katyastaroverova	\N	369551389	2021-06-04 00:00:00+00	648	\N	\N	\N	t	f	\N
zyevaelena	\N	624502887	2021-06-04 00:00:00+00	649	\N	\N	\N	t	f	\N
best_Investors1	\N	1789223624	2021-06-04 00:00:00+00	308	\N	\N	\N	\N	f	\N
Trisgot	\N	584180264	2021-06-04 00:00:00+00	554	\N	\N	\N	t	f	\N
lubovmin1962	\N	630403166	2021-06-04 00:00:00+00	551	\N	\N	\N	t	f	\N
Lika_ja	\N	725781901	2021-06-04 00:00:00+00	381	\N	\N	\N	t	f	\N
VeraSurina	\N	706285896	2021-06-04 00:00:00+00	350	\N	\N	\N	t	f	\N
ldolgaya	f	243261182	2021-04-02 15:46:36+00	186	\N	\N	\N	t	f	\N
Ksyusha109	f	950403225	2021-04-02 15:19:59+00	185	\N	\N	\N	t	f	\N
Evgeniilevchuk	f	1123770297	2021-04-02 09:11:53+00	6	\N	\N	\N	f	f	\N
Vitamens	\N	338816302	2021-06-04 00:00:00+00	348	216	2021-06-26 21:41:14.982546+00	\N	t	f	\N
mc_maksim	f	575546387	2021-04-01 16:23:25+00	15	588	2021-06-26 21:41:14.982546+00	\N	f	f	\N
virina8	\N	541715044	2021-06-04 00:00:00+00	511	509	2021-06-26 21:41:14.982546+00	\N	t	f	\N
Ludaore	f	677060743	2021-03-21 19:21:02+00	219	71	2021-06-26 21:41:14.982546+00	\N	t	f	\N
angelvai999	f	254931761	2021-03-21 10:14:46+00	183	263	2021-06-26 21:41:14.982546+00	\N	t	f	\N
NataliaCherginets	f	969700574	2021-04-03 07:23:56+00	10	11	2021-06-26 21:41:14.982546+00	\N	t	f	\N
Alekcnata	f	896304780	2021-03-21 10:06:20+00	252	197	2021-06-26 21:41:14.982546+00	\N	t	f	\N
ANASTASIYASEMENOVA79	f	1190406407	2021-03-21 10:54:17+00	226	196	2021-06-26 21:41:14.982546+00	\N	t	f	\N
Aliyayandurina	f	1386636133	2021-03-21 10:55:09+00	206	225	2021-06-26 21:41:14.982546+00	\N	t	f	\N
Julia7Sab	f	1136469359	2021-03-25 08:48:29+00	193	161	2021-06-26 21:41:14.982546+00	\N	t	f	\N
skarlet802	f	1020133946	2021-03-31 20:27:46+00	165	4	2021-06-26 21:41:14.982546+00	\N	t	f	\N
AnKomarova	\N	653564562	2021-06-04 00:00:00+00	510	73	\N	\N	t	f	\N
Elena575757	f	1141055638	2021-03-22 11:35:53+00	207	131	2021-06-26 21:41:14.982546+00	\N	t	f	\N
edibest	\N	268404611	2021-06-04 00:00:00+00	357	\N	\N	\N	t	f	\N
NataKim69	\N	\N	2021-06-04 00:00:00+00	293	292	2021-06-26 21:41:14.982546+00	\N	\N	f	\N
Topliderkz	\N	\N	2021-06-04 00:00:00+00	294	218	2021-06-26 21:41:14.982546+00	\N	\N	f	\N
olgaandr21	f	1262979998	2021-03-21 17:59:18+00	127	86	2021-06-26 21:41:14.982546+00	\N	f	f	\N
Tsiesh9178	\N	364539655	2021-06-04 00:00:00+00	508	72	2021-06-26 21:41:14.982546+00	\N	\N	f	\N
Ingagolos	\N	\N	2021-06-04 00:00:00+00	591	793	2021-06-26 21:41:14.982546+00	\N	\N	f	\N
mallak82	\N	828716342	2021-06-04 00:00:00+00	516	501	\N	\N	t	f	\N
Lilusa	\N	1773046573	2021-06-04 00:00:00+00	429	50	\N	\N	t	f	\N
Kaptanjk	\N	929041354	2021-06-04 00:00:00+00	412	\N	\N	\N	t	f	\N
oltim10	\N	846946271	2021-06-04 00:00:00+00	408	\N	\N	\N	t	f	\N
vero4kazin	\N	845259039	2021-06-04 00:00:00+00	352	\N	\N	\N	t	f	\N
AXMEROVA	\N	618559843	2021-06-04 00:00:00+00	333	\N	\N	\N	t	f	\N
ikaravaev	\N	1146732562	2021-06-04 00:00:00+00	334	\N	\N	\N	t	f	\N
Sergey_Gofman	\N	1062209350	2021-06-04 00:00:00+00	470	\N	\N	\N	t	f	\N
v_korableva	\N	1061955838	2021-06-04 00:00:00+00	336	\N	\N	\N	\N	f	\N
galina_ahdreeva	\N	668168409	2021-06-04 00:00:00+00	337	\N	\N	\N	t	f	\N
reni_bag	\N	664799532	2021-06-04 00:00:00+00	339	\N	\N	\N	t	f	\N
Zhannaantamonova	\N	1759873378	2021-06-04 00:00:00+00	354	\N	\N	\N	\N	f	\N
RaisaKudriavtseva	\N	838019219	2021-06-04 00:00:00+00	330	\N	\N	\N	t	f	\N
sergeykrd23	\N	348630666	2021-06-04 00:00:00+00	597	596	2021-06-26 21:41:14.982546+00	\N	t	f	\N
dedgabar	\N	273648280	2021-06-04 00:00:00+00	603	602	2021-06-26 21:41:14.982546+00	\N	t	f	\N
vipgoldlineoj	\N	\N	2021-06-04 00:00:00+00	600	596	\N	\N	\N	f	\N
nataliyapon	f	815184617	2021-03-21 10:54:17+00	12	196	2021-06-26 21:41:14.982546+00	\N	t	f	\N
okhlopru	\N	\N	2021-06-04 00:00:00+00	605	602	2021-06-26 21:41:14.982546+00	\N	\N	f	\N
Sveta_Akkuzina	f	545975086	2021-03-21 09:55:45+00	176	243	2021-06-26 21:41:14.982546+00	\N	t	f	\N
Natalkuz	f	1098727655	2021-03-21 09:21:41+00	82	250	2021-06-26 21:41:14.982546+00	\N	t	f	\N
evzuraa	t	371589543	2021-03-21 10:34:05+00	71	67	2021-06-26 21:41:14.982546+00	3F9D0B5655D53FFEBD6A8268C7B45F3B0D8A7372739A06D6228D6EFFA7C457B6	t	f	\N
N_master_razborov	\N	791898140	2021-06-04 00:00:00+00	315	27	2021-06-26 21:41:14.982546+00	\N	t	f	\N
mvmvsr	\N	375663760	2021-06-04 00:00:00+00	616	\N	\N	3797D3C81525D9D8E93648FA7019E690593AA3A20C96C619089512A98D24486F	t	f	847908
Taisiya19	\N	213152847	2021-06-04 00:00:00+00	499	611	2021-06-26 21:41:14.982546+00	\N	t	f	\N
Ilya_mon	f	948868439	2021-03-21 11:04:39+00	202	215	2021-06-26 21:41:14.982546+00	F4838DEBF95EC8377CDDB270B19D7B726775F1A5EFE02087177984DC3D201305	t	f	\N
KharlanowaKristina	f	1305914916	2021-03-21 09:19:58+00	8	726	2021-06-26 21:41:14.982546+00	\N	t	f	\N
garold633	t	1498680034	2021-03-21 09:19:29+00	161	595	2021-06-26 21:41:14.982546+00	2535B62084D8261E3AF0ECE002F8129725AB930EB3B17C4518BF29337E088EDF	t	f	\N
s_gar4enko	\N	694665806	2021-06-24 15:01:13.288949+00	795	\N	\N	\N	t	t	\N
AntonSchnell	\N	657344555	2021-06-26 05:52:11.441028+00	813	742	2021-06-27 12:37:42.079302+00	\N	t	t	\N
olga_chad	f	1008347907	2021-03-21 11:04:39+00	168	215	2021-06-26 21:41:14.982546+00	\N	t	f	\N
avd157	\N	1861304551	2021-06-29 08:06:14.893971+00	842	793	2021-06-29 08:32:06.624547+00	\N	\N	f	\N
vladvest911	\N	706705690	2021-06-30 11:41:27.81368+00	849	\N	\N	\N	\N	f	\N
kupava19	f	1090738464	2021-03-21 10:56:10+00	81	161	2021-06-26 21:41:14.982546+00	\N	t	f	\N
saituna	f	247368296	2021-03-21 09:14:50+00	89	67	2021-06-26 21:41:14.982546+00	39F25EDB8119861F6E372D380ADCBE4DA88A041D311BB7B892DE87D6F0A06D77	t	f	\N
ledi88t	f	1506001559	2021-03-21 10:03:24+00	113	176	2021-06-26 21:41:14.982546+00	\N	t	f	\N
katerina624	\N	324491791	2021-06-29 15:35:09.915873+00	846	\N	\N	\N	t	t	\N
SvetaF2006	\N	683525516	2021-06-28 14:49:56.337147+00	835	793	2021-06-28 17:51:04.631344+00	\N	t	f	\N
grum5	f	890480830	2021-03-27 06:19:11+00	42	78	2021-06-28 01:28:20.374866+00	902A8F7A5A8513088C717A5A20B9677B7CBB4906EE4BE023461BEBA212A7B379	t	f	\N
rossianin100	\N	454316174	2021-06-29 13:34:37.560684+00	845	\N	\N	\N	t	t	\N
nllubov	\N	692461489	2021-06-04 00:00:00+00	642	583	\N	FB2EABCD44959ECE94B925CEED9BE43122146C92C082CBADCC3ED3A22227FA6E	t	f	\N
marina_7104	\N	689069569	2021-06-27 15:32:54.966379+00	826	\N	\N	\N	t	t	\N
Dima890	f	471257091	2021-03-21 11:03:24+00	257	595	2021-06-26 21:41:14.982546+00	13A4288EAF83776F54B0B6285B72FF8CA58401F090DE1CE89CD891A7FB985708	t	f	\N
bestronginthehead	\N	499927697	2021-07-01 15:58:32.930284+00	855	793	2021-07-01 15:59:33+00	\N	t	f	\N
Lead_4	t	1485258936	2021-03-21 09:09:58+00	67	598	2021-06-26 21:41:14.982546+00	\N	t	f	\N
metrika_34_vlz	\N	923420728	2021-06-23 03:35:53.759279+00	762	706	2021-06-28 17:58:08.022286+00	784E9796A7D7F521717D2B8C56607FDCC2D06D75E27FFCE905FAF4789A8F408D	t	f	\N
svpyatunina	\N	384047866	2021-06-30 18:31:48.283241+00	850	\N	\N	\N	t	t	\N
velena8	f	1093638116	2021-03-18 03:08:53+00	243	95	2021-06-26 21:41:14.982546+00	6F3E05241E5637DB159E47E1937F57DB34D2F56A31FE1FE33839E3EAC00F0EB7	t	f	\N
romangarkovenko	f	274697758	2021-03-21 09:20:51+00	189	89	2021-06-26 21:41:14.982546+00	\N	t	f	\N
nailyagafiatulina	f	639121375	2021-03-21 10:14:46+00	122	263	2021-06-26 21:41:14.982546+00	\N	t	f	\N
Sensei1989	\N	556279392	2021-06-30 18:34:13.462664+00	851	\N	\N	\N	t	t	\N
matvej2020	\N	1897722128	2021-07-01 10:02:49.163757+00	853	\N	\N	\N	t	f	\N
ImyaaPolzovatelya	f	453584068	2021-03-26 13:00:36+00	16	583	2021-06-26 21:41:14.982546+00	\N	t	f	\N
prostoirinka	f	315352625	2021-03-21 09:19:58+00	215	583	2021-06-26 21:41:14.982546+00	EE533DBDBF14D72043CEA0F5DA3B98D422EC149EE459A328F658BD6350C632FC	t	f	\N
Daosait	\N	1240761102	2021-06-17 06:30:24.010316+00	706	598	2021-06-26 21:41:14.982546+00	\N	t	t	\N
belyakova63	f	252020383	2021-03-21 10:14:46+00	72	95	2021-06-26 21:41:14.982546+00	A3E87615CB372568849B14E72C394003016E42A803FD48834212944D3809EDBF	t	f	\N
quasar_infobot	\N	1615772907	2021-06-19 11:13:51.591434+00	723	\N	\N	\N	\N	f	\N
Zoya_Profit	\N	263481906	2021-07-01 14:04:58.061787+00	854	\N	\N	\N	\N	f	\N
Syper_AS	\N	1218021470	2021-06-30 09:26:54.093544+00	848	\N	\N	\N	t	t	\N
EkaterinaB_50	\N	1476189425	2021-07-01 08:28:26.765293+00	852	\N	\N	\N	t	t	\N
yula2019	\N	498784353	2021-06-30 09:25:23.624867+00	847	742	2021-07-01 06:24:35+00	\N	t	t	\N
Aleksander_world	\N	200338139	2021-06-21 14:16:22.847257+00	742	788	2021-06-26 21:41:14.982546+00	\N	t	f	\N
irinartemeva	f	372416773	2021-03-21 09:14:50+00	169	67	2021-06-28 01:28:20.374866+00	1AAD429711C8193EF7067DB8565F7D14779108D3497FF5E9F9259C77C49C9AD7	t	f	\N
jnecua123	t	597392866	2021-06-19 12:46:03.829891+00	726	583	2021-07-01 19:44:07+00	\N	t	f	\N
uspex1024	\N	263286548	2021-07-01 19:38:56.212899+00	856	855	2021-07-01 19:41:06+00	\N	t	f	\N
\.


--
-- Data for Name: redirect; Type: TABLE DATA; Schema: public; Owner: apps
--

COPY public.redirect (id, user_id, hash, datetime) FROM stdin;
3	719	fee4aab7aaf548142100df81cfbe5235	2021-06-28 16:33:40.839197+00
6	16	b4846a4b9b4726ccf6104bebe495fc1c	2021-06-28 18:36:55.883346+00
7	16	94bf93d5950df43ce26a70f282e392de	2021-06-28 18:45:11.881091+00
125	168	c24608ce8b2569539d14a9106d7160bb	2021-06-29 06:03:54.737101+00
188	168	bcd565da06d889141b9a5163b89e3ec4	2021-06-29 06:08:31.673764+00
38	713	5f53c7f859b55b57d24a5392accd5541	2021-06-28 22:02:43.102919+00
301	205	4e8997a7d758ccb7bee69108a84872c3	2021-06-30 07:04:41+00
190	16	900af1aad4a65a2b3e904a81da1a20ad	2021-06-29 09:29:48.177251+00
242	742	03997377d9ffae9c57fc7974292324ec	2021-06-29 10:10:51.467231+00
243	726	f10edaaa6e86f9d2f4b324ff68d7997f	2021-06-29 10:18:18.801197+00
245	16	3a8bd9a14236571ec8633c7497d94030	2021-06-29 10:49:01.754239+00
249	16	2d2d103252cea1f1f5f76c77e4b682ad	2021-06-29 10:56:47.1237+00
250	16	477665fcfafb651f096658d627194587	2021-06-29 10:57:25.150359+00
253	16	e9aacf7fdd65b2a20b332153a724b2b0	2021-06-29 10:58:47.941262+00
254	16	acfac8dffdfe5926a81527cc415b16f6	2021-06-29 10:58:51.575271+00
255	16	42660f571cb1706b863f7a11076acc36	2021-06-29 10:58:55.426449+00
257	16	e58e0669f920d029651003036b011def	2021-06-29 11:04:48.833109+00
276	726	814a2a2811f6ae8552f4fc6d5f9ddf31	2021-06-29 12:35:06+00
280	67	af16815484d0837424bf8b09a1efd6bc	2021-06-29 13:03:26+00
294	826	91eae2aa099fab425856842ab39d69c8	2021-06-30 03:33:38+00
\.


--
-- Data for Name: skypeleadfingerprints; Type: TABLE DATA; Schema: public; Owner: apps
--

COPY public.skypeleadfingerprints (id, fingerprint) FROM stdin;
\.


--
-- Name: chats_id_seq; Type: SEQUENCE SET; Schema: public; Owner: apps
--

SELECT pg_catalog.setval('public.chats_id_seq', 8, true);


--
-- Name: marketings_id_seq; Type: SEQUENCE SET; Schema: public; Owner: apps
--

SELECT pg_catalog.setval('public.marketings_id_seq', 455, true);


--
-- Name: newsletters_id_seq; Type: SEQUENCE SET; Schema: public; Owner: apps
--

SELECT pg_catalog.setval('public.newsletters_id_seq', 31, true);


--
-- Name: payments_history_id_seq; Type: SEQUENCE SET; Schema: public; Owner: apps
--

SELECT pg_catalog.setval('public.payments_history_id_seq', 1828, true);


--
-- Name: quasar_telegrambot_news_id_seq; Type: SEQUENCE SET; Schema: public; Owner: apps
--

SELECT pg_catalog.setval('public.quasar_telegrambot_news_id_seq', 13, true);


--
-- Name: quasar_telegrambot_posts_id_seq; Type: SEQUENCE SET; Schema: public; Owner: apps
--

SELECT pg_catalog.setval('public.quasar_telegrambot_posts_id_seq', 1, false);


--
-- Name: quasar_telegrambot_users_new_id_seq; Type: SEQUENCE SET; Schema: public; Owner: apps
--

SELECT pg_catalog.setval('public.quasar_telegrambot_users_new_id_seq', 856, true);


--
-- Name: redirect_id_seq; Type: SEQUENCE SET; Schema: public; Owner: apps
--

SELECT pg_catalog.setval('public.redirect_id_seq', 364, true);


--
-- Name: skypeleadfingerprints_id_seq; Type: SEQUENCE SET; Schema: public; Owner: apps
--

SELECT pg_catalog.setval('public.skypeleadfingerprints_id_seq', 1, false);


--
-- Name: chats chats_pkey; Type: CONSTRAINT; Schema: public; Owner: apps
--

ALTER TABLE ONLY public.chats
    ADD CONSTRAINT chats_pkey PRIMARY KEY (id);


--
-- Name: marketings marketings_pkey; Type: CONSTRAINT; Schema: public; Owner: apps
--

ALTER TABLE ONLY public.marketings
    ADD CONSTRAINT marketings_pkey PRIMARY KEY (id);


--
-- Name: newsletters newsletters_pkey; Type: CONSTRAINT; Schema: public; Owner: apps
--

ALTER TABLE ONLY public.newsletters
    ADD CONSTRAINT newsletters_pkey PRIMARY KEY (id);


--
-- Name: payments_history payments_history_pkey; Type: CONSTRAINT; Schema: public; Owner: apps
--

ALTER TABLE ONLY public.payments_history
    ADD CONSTRAINT payments_history_pkey PRIMARY KEY (id);


--
-- Name: quasar_telegrambot_news quasar_telegrambot_news_pkey; Type: CONSTRAINT; Schema: public; Owner: apps
--

ALTER TABLE ONLY public.quasar_telegrambot_news
    ADD CONSTRAINT quasar_telegrambot_news_pkey PRIMARY KEY (id);


--
-- Name: quasar_telegrambot_users_new quasar_telegrambot_users_new_pkey; Type: CONSTRAINT; Schema: public; Owner: apps
--

ALTER TABLE ONLY public.quasar_telegrambot_users_new
    ADD CONSTRAINT quasar_telegrambot_users_new_pkey PRIMARY KEY (id);


--
-- Name: quasar_telegrambot_users_new quasar_telegrambot_users_new_username_chat_id_key; Type: CONSTRAINT; Schema: public; Owner: apps
--

ALTER TABLE ONLY public.quasar_telegrambot_users_new
    ADD CONSTRAINT quasar_telegrambot_users_new_username_chat_id_key UNIQUE (username, chat_id);


--
-- Name: redirect redirect_pkey; Type: CONSTRAINT; Schema: public; Owner: apps
--

ALTER TABLE ONLY public.redirect
    ADD CONSTRAINT redirect_pkey PRIMARY KEY (id);


--
-- Name: skypeleadfingerprints skypeleadfingerprints_pkey; Type: CONSTRAINT; Schema: public; Owner: apps
--

ALTER TABLE ONLY public.skypeleadfingerprints
    ADD CONSTRAINT skypeleadfingerprints_pkey PRIMARY KEY (id);


--
-- Name: marketings marketings_user_id_fkey; Type: FK CONSTRAINT; Schema: public; Owner: apps
--

ALTER TABLE ONLY public.marketings
    ADD CONSTRAINT marketings_user_id_fkey FOREIGN KEY (user_id) REFERENCES public.quasar_telegrambot_users_new(id);


--
-- Name: payments_history payments_history_user_id_fkey; Type: FK CONSTRAINT; Schema: public; Owner: apps
--

ALTER TABLE ONLY public.payments_history
    ADD CONSTRAINT payments_history_user_id_fkey FOREIGN KEY (user_id) REFERENCES public.quasar_telegrambot_users_new(id);


--
-- Name: redirect redirect_user_id_fkey; Type: FK CONSTRAINT; Schema: public; Owner: apps
--

ALTER TABLE ONLY public.redirect
    ADD CONSTRAINT redirect_user_id_fkey FOREIGN KEY (user_id) REFERENCES public.quasar_telegrambot_users_new(id);


--
-- Name: SCHEMA public; Type: ACL; Schema: -; Owner: postgres
--

REVOKE ALL ON SCHEMA public FROM rdsadmin;
REVOKE ALL ON SCHEMA public FROM PUBLIC;
GRANT ALL ON SCHEMA public TO postgres;
GRANT ALL ON SCHEMA public TO apps;
GRANT ALL ON SCHEMA public TO PUBLIC;


--
-- PostgreSQL database dump complete
--

